Zeit;Kanal A
(ms);(mV)

-25,00874905;1,30536413
-25,00374905;0,93196356
-24,99874905;0,74557084
-24,99374905;1,30536413
-24,98874905;0,93196356
-24,98374905;0,93196356
-24,97874905;0,74557084
-24,97374905;0,37278542
-24,96874905;0,18639271
-24,96374905;0,55917817
-24,95874905;0,18639271
-24,95374905;0,18639271
-24,94874905;-0,37278542
-24,94374905;-0,18639271
-24,93874905;-1,30536413
-24,93374905;-1,11897147
-24,92874905;-1,30536413
-24,92374905;-1,67814958
-24,91874905;-1,11897147
-24,91374905;-2,79712105
-24,90874905;-3,91609240
-24,90374905;-2,23794293
-24,89874905;-2,61072826
-24,89374905;-2,61072826
-24,88874905;-3,17052150
-24,88374905;-3,35691428
-24,87874905;-3,17052150
-24,87374906;-3,17052150
-24,86874906;-3,35691428
-24,86374906;-3,17052150
-24,85874906;-3,17052150
-24,85374906;-2,98351359
-24,84874906;-2,79712105
-24,84374906;-3,35691428
-24,83874906;-2,61072826
-24,83374906;-2,42433548
-24,82874906;-2,42433548
-24,82374906;-2,42433548
-24,81874906;-2,61072826
-24,81374906;-3,17052150
-24,80874906;-2,98351359
-24,80374906;-3,35691428
-24,79874906;-4,47588587
-24,79374906;-4,47588587
-24,78874906;-5,22207165
-24,78374906;-5,78124952
-24,77874906;-6,34104300
-24,77374906;-5,96764231
-24,76874906;-6,71382856
-24,76374906;-6,34104300
-24,75874906;-6,90022135
-24,75374906;-6,52743578
-24,74874906;-6,34104300
-24,74374906;-5,78124952
-24,73874906;-5,78124952
-24,73374906;-5,40846395
-24,72874906;-4,28949261
-24,72374906;-3,91609240
-24,71874906;-3,17052150
-24,71374906;-3,35691428
-24,70874906;-2,79712105
-24,70374906;-2,42433548
-24,69874906;-2,61072826
-24,69374906;-2,42433548
-24,68874906;-2,61072826
-24,68374906;-2,61072826
-24,67874906;-3,17052150
-24,67374906;-2,79712105
-24,66874906;-2,61072826
-24,66374906;-2,61072826
-24,65874906;-2,23794293
-24,65374906;-2,61072826
-24,64874906;-2,42433548
-24,64374906;-1,86454225
-24,63874906;-1,49175680
-24,63374906;-1,11897147
-24,62874906;-0,93196356
-24,62374906;-0,37278542
-24,61874906;1,49175680
-24,61374906;0,55917817
-24,60874906;0,18639271
-24,60374906;1,11897147
-24,59874906;1,11897147
-24,59374906;1,11897147
-24,58874906;1,49175680
-24,58374906;1,11897147
-24,57874906;1,30536413
-24,57374906;1,30536413
-24,56874906;1,49175680
-24,56374906;2,05093503
-24,55874906;2,05093503
-24,55374906;2,05093503
-24,54874906;2,42433548
-24,54374906;2,79712105
-24,53874906;3,54330683
-24,53374906;4,28949261
-24,52874906;3,54330683
-24,52374906;3,72969961
-24,51874906;4,10248518
-24,51374906;4,28949261
-24,50874906;4,84867096
-24,50374906;4,84867096
-24,49874906;4,47588587
-24,49374906;4,84867096
-24,48874906;4,28949261
-24,48374906;4,66227818
-24,47874907;3,91609240
-24,47374907;4,28949261
-24,46874907;3,72969961
-24,46374907;3,91609240
-24,45874907;3,35691428
-24,45374907;3,17052150
-24,44874907;3,35691428
-24,44374907;3,17052150
-24,43874907;2,98351359
-24,43374907;3,72969961
-24,42874907;3,35691428
-24,42374907;3,35691428
-24,41874907;2,98351359
-24,41374907;3,72969961
-24,40874907;3,72969961
-24,40374907;4,10248518
-24,39874907;3,72969961
-24,39374907;3,72969961
-24,38874907;2,79712105
-24,38374907;2,61072826
-24,37874907;2,42433548
-24,37374907;2,42433548
-24,36874907;2,05093503
-24,36374907;2,05093503
-24,35874907;1,49175680
-24,35374907;0,55917817
-24,34874907;0,37278542
-24,34374907;0,18639271
-24,33874907;0,00000000
-24,33374907;0,00000000
-24,32874907;-0,37278542
-24,32374907;-0,37278542
-24,31874907;-0,74557084
-24,31374907;-0,93196356
-24,30874907;-0,55917817
-24,30374907;-0,55917817
-24,29874907;-1,67814958
-24,29374907;-0,55917817
-24,28874907;-2,05093503
-24,28374907;-2,61072826
-24,27874907;-2,98351359
-24,27374907;-2,61072826
-24,26874907;-3,72969961
-24,26374907;-3,35691428
-24,25874907;-4,66227818
-24,25374907;-4,47588587
-24,24874907;-5,40846395
-24,24374907;-5,03506374
-24,23874907;-5,78124952
-24,23374907;-5,78124952
-24,22874907;-6,15403509
-24,22374907;-5,96764231
-24,21874907;-6,34104300
-24,21374907;-5,96764231
-24,20874907;-6,34104300
-24,20374907;-6,34104300
-24,19874907;-6,52743578
-24,19374907;-5,96764231
-24,18874907;-6,15403509
-24,18374907;-6,15403509
-24,17874907;-5,96764231
-24,17374907;-6,15403509
-24,16874907;-5,78124952
-24,16374907;-6,15403509
-24,15874907;-5,96764231
-24,15374907;-5,40846395
-24,14874907;-5,22207165
-24,14374907;-4,28949261
-24,13874907;-4,47588587
-24,13374907;-4,10248518
-24,12874907;-4,28949261
-24,12374907;-3,72969961
-24,11874907;-3,35691428
-24,11374907;-2,98351359
-24,10874907;-3,91609240
-24,10374907;-3,17052150
-24,09874907;-2,98351359
-24,09374907;-4,47588587
-24,08874907;-3,54330683
-24,08374908;-4,47588587
-24,07874908;-5,03506374
-24,07374908;-4,47588587
-24,06874908;-5,22207165
-24,06374908;-5,22207165
-24,05874908;-5,03506374
-24,05374908;-5,78124952
-24,04874908;-5,40846395
-24,04374908;-5,03506374
-24,03874908;-5,78124952
-24,03374908;-4,47588587
-24,02874908;-4,10248518
-24,02374908;-3,72969961
-24,01874908;-3,54330683
-24,01374908;-2,61072826
-24,00874908;-2,61072826
-24,00374908;-1,67814958
-23,99874908;-1,67814958
-23,99374908;-1,30536413
-23,98874908;-2,05093503
-23,98374908;-1,30536413
-23,97874908;-1,30536413
-23,97374908;-1,30536413
-23,96874908;-1,30536413
-23,96374908;-0,74557084
-23,95874908;-1,30536413
-23,95374908;-1,30536413
-23,94874908;-1,11897147
-23,94374908;-0,37278542
-23,93874908;-0,55917817
-23,93374908;0,00000000
-23,92874908;0,18639271
-23,92374908;1,67814958
-23,91874908;0,37278542
-23,91374908;1,11897147
-23,90874908;1,11897147
-23,90374908;2,79712105
-23,89874908;2,05093503
-23,89374908;2,98351359
-23,88874908;3,17052150
-23,88374908;3,72969961
-23,87874908;2,98351359
-23,87374908;3,35691428
-23,86874908;3,72969961
-23,86374908;3,72969961
-23,85874908;3,54330683
-23,85374908;3,35691428
-23,84874908;3,35691428
-23,84374908;3,91609240
-23,83874908;3,91609240
-23,83374908;3,72969961
-23,82874908;3,17052150
-23,82374908;3,91609240
-23,81874908;3,72969961
-23,81374908;3,72969961
-23,80874908;3,35691428
-23,80374908;3,17052150
-23,79874908;3,35691428
-23,79374908;2,98351359
-23,78874908;3,35691428
-23,78374908;3,35691428
-23,77874908;3,72969961
-23,77374908;3,35691428
-23,76874908;3,35691428
-23,76374908;3,91609240
-23,75874908;4,10248518
-23,75374908;3,91609240
-23,74874908;4,28949261
-23,74374908;4,28949261
-23,73874908;4,47588587
-23,73374908;4,28949261
-23,72874908;4,66227818
-23,72374908;5,22207165
-23,71874908;4,84867096
-23,71374908;4,66227818
-23,70874908;3,91609240
-23,70374908;5,03506374
-23,69874908;4,66227818
-23,69374908;4,47588587
-23,68874909;3,35691428
-23,68374909;3,35691428
-23,67874909;3,17052150
-23,67374909;3,54330683
-23,66874909;3,35691428
-23,66374909;2,79712105
-23,65874909;3,35691428
-23,65374909;2,79712105
-23,64874909;2,79712105
-23,64374909;2,79712105
-23,63874909;2,42433548
-23,63374909;2,98351359
-23,62874909;2,42433548
-23,62374909;2,61072826
-23,61874909;2,42433548
-23,61374909;2,23794293
-23,60874909;2,05093503
-23,60374909;2,79712105
-23,59874909;1,67814958
-23,59374909;1,86454225
-23,58874909;1,86454225
-23,58374909;1,49175680
-23,57874909;0,74557084
-23,57374909;0,93196356
-23,56874909;0,93196356
-23,56374909;0,93196356
-23,55874909;0,93196356
-23,55374909;0,93196356
-23,54874909;0,93196356
-23,54374909;0,93196356
-23,53874909;0,93196356
-23,53374909;1,30536413
-23,52874909;0,37278542
-23,52374909;0,74557084
-23,51874909;1,49175680
-23,51374909;0,37278542
-23,50874909;0,93196356
-23,50374909;0,18639271
-23,49874909;1,30536413
-23,49374909;0,74557084
-23,48874909;1,49175680
-23,48374909;0,18639271
-23,47874909;1,11897147
-23,47374909;1,11897147
-23,46874909;0,55917817
-23,46374909;0,55917817
-23,45874909;0,93196356
-23,45374909;0,93196356
-23,44874909;0,18639271
-23,44374909;1,11897147
-23,43874909;0,93196356
-23,43374909;1,49175680
-23,42874909;1,67814958
-23,42374909;1,86454225
-23,41874909;1,30536413
-23,41374909;1,86454225
-23,40874909;1,49175680
-23,40374909;1,67814958
-23,39874909;1,86454225
-23,39374909;1,49175680
-23,38874909;1,67814958
-23,38374909;1,49175680
-23,37874909;1,11897147
-23,37374909;1,30536413
-23,36874909;1,11897147
-23,36374909;1,30536413
-23,35874909;1,67814958
-23,35374909;0,93196356
-23,34874909;1,49175680
-23,34374909;1,11897147
-23,33874909;1,30536413
-23,33374909;1,49175680
-23,32874909;0,93196356
-23,32374909;1,11897147
-23,31874909;2,05093503
-23,31374909;1,11897147
-23,30874909;1,11897147
-23,30374909;1,11897147
-23,29874909;1,11897147
-23,29374910;0,18639271
-23,28874910;0,93196356
-23,28374910;1,30536413
-23,27874910;1,11897147
-23,27374910;0,93196356
-23,26874910;0,74557084
-23,26374910;0,93196356
-23,25874910;0,93196356
-23,25374910;1,11897147
-23,24874910;0,93196356
-23,24374910;0,37278542
-23,23874910;0,55917817
-23,23374910;0,37278542
-23,22874910;0,00000000
-23,22374910;-0,74557084
-23,21874910;-0,74557084
-23,21374910;-0,93196356
-23,20874910;-1,30536413
-23,20374910;-1,30536413
-23,19874910;-2,23794293
-23,19374910;-2,23794293
-23,18874910;-2,05093503
-23,18374910;-3,17052150
-23,17874910;-3,54330683
-23,17374910;-3,72969961
-23,16874910;-3,17052150
-23,16374910;-3,72969961
-23,15874910;-3,54330683
-23,15374910;-3,17052150
-23,14874910;-3,17052150
-23,14374910;-3,17052150
-23,13874910;-2,79712105
-23,13374910;-2,42433548
-23,12874910;-2,23794293
-23,12374910;-2,23794293
-23,11874910;-1,86454225
-23,11374910;-0,55917817
-23,10874910;-3,54330683
-23,10374910;-2,23794293
-23,09874910;-2,98351359
-23,09374910;-3,54330683
-23,08874910;-3,91609240
-23,08374910;-4,28949261
-23,07874910;-5,03506374
-23,07374910;-5,22207165
-23,06874910;-5,78124952
-23,06374910;-5,96764231
-23,05874910;-5,96764231
-23,05374910;-5,96764231
-23,04874910;-6,34104300
-23,04374910;-5,96764231
-23,03874910;-5,22207165
-23,03374910;-4,84867096
-23,02874910;-4,66227818
-23,02374910;-4,47588587
-23,01874910;-3,72969961
-23,01374910;-2,98351359
-23,00874910;-2,61072826
-23,00374910;-2,23794293
-22,99874910;-2,42433548
-22,99374910;-2,42433548
-22,98874910;-2,61072826
-22,98374910;-2,61072826
-22,97874910;-2,98351359
-22,97374910;-2,61072826
-22,96874910;-2,42433548
-22,96374910;-2,79712105
-22,95874910;-3,35691428
-22,95374910;-2,98351359
-22,94874910;-2,61072826
-22,94374910;-1,67814958
-22,93874910;-2,23794293
-22,93374910;-1,49175680
-22,92874910;-1,67814958
-22,92374910;-1,30536413
-22,91874910;-1,11897147
-22,91374910;-0,37278542
-22,90874910;0,00000000
-22,90374910;0,55917817
-22,89874910;0,93196356
-22,89374911;1,86454225
-22,88874911;1,11897147
-22,88374911;1,86454225
-22,87874911;0,55917817
-22,87374911;2,05093503
-22,86874911;1,86454225
-22,86374911;2,05093503
-22,85874911;2,98351359
-22,85374911;2,61072826
-22,84874911;2,42433548
-22,84374911;3,35691428
-22,83874911;3,54330683
-22,83374911;3,91609240
-22,82874911;3,91609240
-22,82374911;4,10248518
-22,81874911;4,47588587
-22,81374911;4,84867096
-22,80874911;4,84867096
-22,80374911;4,66227818
-22,79874911;4,66227818
-22,79374911;4,47588587
-22,78874911;4,47588587
-22,78374911;4,47588587
-22,77874911;4,66227818
-22,77374911;4,28949261
-22,76874911;3,72969961
-22,76374911;3,91609240
-22,75874911;3,54330683
-22,75374911;3,72969961
-22,74874911;3,35691428
-22,74374911;3,54330683
-22,73874911;3,72969961
-22,73374911;3,54330683
-22,72874911;3,54330683
-22,72374911;3,72969961
-22,71874911;4,10248518
-22,71374911;3,91609240
-22,70874911;4,10248518
-22,70374911;4,10248518
-22,69874911;3,72969961
-22,69374911;4,28949261
-22,68874911;2,79712105
-22,68374911;3,35691428
-22,67874911;2,79712105
-22,67374911;2,61072826
-22,66874911;2,05093503
-22,66374911;1,86454225
-22,65874911;1,49175680
-22,65374911;0,93196356
-22,64874911;0,74557084
-22,64374911;0,18639271
-22,63874911;0,37278542
-22,63374911;0,37278542
-22,62874911;-0,18639271
-22,62374911;-0,37278542
-22,61874911;0,00000000
-22,61374911;-0,93196356
-22,60874911;-1,49175680
-22,60374911;-0,93196356
-22,59874911;-1,49175680
-22,59374911;-1,30536413
-22,58874911;-2,05093503
-22,58374911;-2,23794293
-22,57874911;-2,61072826
-22,57374911;-3,17052150
-22,56874911;-3,72969961
-22,56374911;-3,91609240
-22,55874911;-4,10248518
-22,55374911;-4,47588587
-22,54874911;-5,22207165
-22,54374911;-5,03506374
-22,53874911;-5,40846395
-22,53374911;-5,40846395
-22,52874911;-5,40846395
-22,52374911;-5,40846395
-22,51874911;-5,78124952
-22,51374911;-5,78124952
-22,50874911;-6,71382856
-22,50374911;-5,96764231
-22,49874912;-6,71382856
-22,49374912;-5,96764231
-22,48874912;-6,90022135
-22,48374912;-6,71382856
-22,47874912;-6,34104300
-22,47374912;-6,71382856
-22,46874912;-7,08661366
-22,46374912;-6,90022135
-22,45874912;-6,71382856
-22,45374912;-6,52743578
-22,44874912;-5,78124952
-22,44374912;-5,78124952
-22,43874912;-5,22207165
-22,43374912;-5,40846395
-22,42874912;-4,84867096
-22,42374912;-3,91609240
-22,41874912;-4,10248518
-22,41374912;-3,91609240
-22,40874912;-3,17052150
-22,40374912;-3,54330683
-22,39874912;-3,17052150
-22,39374912;-3,54330683
-22,38874912;-3,91609240
-22,38374912;-3,54330683
-22,37874912;-3,72969961
-22,37374912;-4,47588587
-22,36874912;-4,47588587
-22,36374912;-4,66227818
-22,35874912;-5,78124952
-22,35374912;-5,03506374
-22,34874912;-4,84867096
-22,34374912;-5,40846395
-22,33874912;-4,84867096
-22,33374912;-4,47588587
-22,32874912;-4,10248518
-22,32374912;-3,54330683
-22,31874912;-3,17052150
-22,31374912;-2,98351359
-22,30874912;-2,98351359
-22,30374912;-2,23794293
-22,29874912;-2,05093503
-22,29374912;-0,74557084
-22,28874912;-1,11897147
-22,28374912;-1,30536413
-22,27874912;-1,49175680
-22,27374912;-1,11897147
-22,26874912;-1,11897147
-22,26374912;-0,37278542
-22,25874912;-0,37278542
-22,25374912;-0,37278542
-22,24874912;-0,93196356
-22,24374912;0,00000000
-22,23874912;-0,37278542
-22,23374912;0,00000000
-22,22874912;0,18639271
-22,22374912;0,93196356
-22,21874912;0,55917817
-22,21374912;0,74557084
-22,20874912;1,86454225
-22,20374912;1,49175680
-22,19874912;1,86454225
-22,19374912;2,05093503
-22,18874912;2,05093503
-22,18374912;2,42433548
-22,17874912;2,79712105
-22,17374912;2,79712105
-22,16874912;2,79712105
-22,16374912;3,17052150
-22,15874912;3,35691428
-22,15374912;3,17052150
-22,14874912;3,54330683
-22,14374912;3,35691428
-22,13874912;3,35691428
-22,13374912;3,72969961
-22,12874912;4,28949261
-22,12374912;4,28949261
-22,11874912;3,91609240
-22,11374912;3,91609240
-22,10874912;3,91609240
-22,10374913;3,72969961
-22,09874913;3,35691428
-22,09374913;4,28949261
-22,08874913;4,28949261
-22,08374913;3,72969961
-22,07874913;4,10248518
-22,07374913;3,72969961
-22,06874913;3,91609240
-22,06374913;3,35691428
-22,05874913;3,91609240
-22,05374913;3,72969961
-22,04874913;4,28949261
-22,04374913;3,72969961
-22,03874913;4,28949261
-22,03374913;4,28949261
-22,02874913;3,72969961
-22,02374913;4,28949261
-22,01874913;4,84867096
-22,01374913;4,10248518
-22,00874913;4,66227818
-22,00374913;5,40846395
-21,99874913;4,28949261
-21,99374913;4,28949261
-21,98874913;4,84867096
-21,98374913;4,66227818
-21,97874913;4,28949261
-21,97374913;3,54330683
-21,96874913;3,54330683
-21,96374913;3,35691428
-21,95874913;2,98351359
-21,95374913;3,35691428
-21,94874913;2,61072826
-21,94374913;2,98351359
-21,93874913;2,61072826
-21,93374913;2,42433548
-21,92874913;2,42433548
-21,92374913;2,79712105
-21,91874913;2,42433548
-21,91374913;2,42433548
-21,90874913;2,23794293
-21,90374913;2,42433548
-21,89874913;2,23794293
-21,89374913;2,79712105
-21,88874913;1,86454225
-21,88374913;1,86454225
-21,87874913;-0,74557084
-21,87374913;1,86454225
-21,86874913;1,86454225
-21,86374913;1,86454225
-21,85874913;0,93196356
-21,85374913;1,11897147
-21,84874913;0,93196356
-21,84374913;1,11897147
-21,83874913;0,55917817
-21,83374913;0,18639271
-21,82874913;0,55917817
-21,82374913;0,55917817
-21,81874913;0,18639271
-21,81374913;0,93196356
-21,80874913;0,55917817
-21,80374913;1,11897147
-21,79874913;0,93196356
-21,79374913;1,49175680
-21,78874913;0,37278542
-21,78374913;0,93196356
-21,77874913;0,18639271
-21,77374913;0,93196356
-21,76874913;0,93196356
-21,76374913;1,11897147
-21,75874913;1,11897147
-21,75374913;1,49175680
-21,74874913;1,30536413
-21,74374913;1,49175680
-21,73874913;0,74557084
-21,73374913;1,49175680
-21,72874913;1,86454225
-21,72374913;1,30536413
-21,71874913;2,05093503
-21,71374913;1,86454225
-21,70874914;2,42433548
-21,70374914;2,05093503
-21,69874914;2,23794293
-21,69374914;2,23794293
-21,68874914;3,17052150
-21,68374914;1,86454225
-21,67874914;2,42433548
-21,67374914;2,05093503
-21,66874914;1,30536413
-21,66374914;1,30536413
-21,65874914;1,86454225
-21,65374914;1,86454225
-21,64874914;1,67814958
-21,64374914;1,11897147
-21,63874914;1,30536413
-21,63374914;1,11897147
-21,62874914;1,67814958
-21,62374914;1,11897147
-21,61874914;0,55917817
-21,61374914;1,11897147
-21,60874914;1,49175680
-21,60374914;1,49175680
-21,59874914;0,93196356
-21,59374914;0,93196356
-21,58874914;1,11897147
-21,58374914;1,11897147
-21,57874914;1,11897147
-21,57374914;0,93196356
-21,56874914;1,30536413
-21,56374914;1,11897147
-21,55874914;0,93196356
-21,55374914;0,37278542
-21,54874914;0,00000000
-21,54374914;0,00000000
-21,53874914;-0,18639271
-21,53374914;-0,37278542
-21,52874914;-0,74557084
-21,52374914;-0,74557084
-21,51874914;-1,11897147
-21,51374914;-0,74557084
-21,50874914;-1,67814958
-21,50374914;-1,49175680
-21,49874914;-1,67814958
-21,49374914;-1,49175680
-21,48874914;-2,42433548
-21,48374914;-2,23794293
-21,47874914;-2,79712105
-21,47374914;-2,42433548
-21,46874914;-2,79712105
-21,46374914;-2,98351359
-21,45874914;-2,98351359
-21,45374914;-2,79712105
-21,44874914;-2,98351359
-21,44374914;-2,23794293
-21,43874914;-2,61072826
-21,43374914;-2,23794293
-21,42874914;-2,23794293
-21,42374914;-2,23794293
-21,41874914;-2,05093503
-21,41374914;-2,05093503
-21,40874914;-2,23794293
-21,40374914;-1,86454225
-21,39874914;-2,23794293
-21,39374914;-2,98351359
-21,38874914;-4,10248518
-21,38374914;-3,54330683
-21,37874914;-4,10248518
-21,37374914;-5,22207165
-21,36874914;-5,40846395
-21,36374914;-5,96764231
-21,35874914;-5,78124952
-21,35374914;-6,52743578
-21,34874914;-6,90022135
-21,34374914;-6,34104300
-21,33874914;-6,71382856
-21,33374914;-5,96764231
-21,32874914;-6,52743578
-21,32374914;-5,03506374
-21,31874914;-5,03506374
-21,31374915;-4,10248518
-21,30874915;-4,10248518
-21,30374915;-3,17052150
-21,29874915;-2,98351359
-21,29374915;-4,47588587
-21,28874915;-2,98351359
-21,28374915;-2,61072826
-21,27874915;-2,23794293
-21,27374915;-2,23794293
-21,26874915;-2,98351359
-21,26374915;-2,98351359
-21,25874915;-2,98351359
-21,25374915;-2,23794293
-21,24874915;-2,61072826
-21,24374915;-2,05093503
-21,23874915;-2,42433548
-21,23374915;-2,05093503
-21,22874915;-2,05093503
-21,22374915;-2,05093503
-21,21874915;-1,67814958
-21,21374915;-1,30536413
-21,20874915;-0,55917817
-21,20374915;0,18639271
-21,19874915;0,55917817
-21,19374915;0,93196356
-21,18874915;0,37278542
-21,18374915;1,49175680
-21,17874915;1,30536413
-21,17374915;2,23794293
-21,16874915;1,67814958
-21,16374915;1,11897147
-21,15874915;1,11897147
-21,15374915;1,67814958
-21,14874915;2,23794293
-21,14374915;2,61072826
-21,13874915;2,05093503
-21,13374915;2,98351359
-21,12874915;3,35691428
-21,12374915;2,98351359
-21,11874915;3,54330683
-21,11374915;3,91609240
-21,10874915;4,66227818
-21,10374915;4,28949261
-21,09874915;3,72969961
-21,09374915;3,91609240
-21,08874915;4,10248518
-21,08374915;4,10248518
-21,07874915;4,47588587
-21,07374915;3,54330683
-21,06874915;3,54330683
-21,06374915;3,35691428
-21,05874915;2,98351359
-21,05374915;3,54330683
-21,04874915;3,35691428
-21,04374915;3,35691428
-21,03874915;3,54330683
-21,03374915;2,98351359
-21,02874915;3,72969961
-21,02374915;3,72969961
-21,01874915;3,91609240
-21,01374915;3,72969961
-21,00874915;4,47588587
-21,00374915;4,10248518
-20,99874915;4,10248518
-20,99374915;3,35691428
-20,98874915;3,72969961
-20,98374915;3,91609240
-20,97874915;4,10248518
-20,97374915;3,91609240
-20,96874915;2,42433548
-20,96374915;2,42433548
-20,95874915;2,42433548
-20,95374915;1,86454225
-20,94874915;1,49175680
-20,94374915;1,11897147
-20,93874915;1,49175680
-20,93374915;1,11897147
-20,92874915;0,74557084
-20,92374915;0,74557084
-20,91874916;0,55917817
-20,91374916;0,55917817
-20,90874916;0,18639271
-20,90374916;-0,37278542
-20,89874916;0,00000000
-20,89374916;0,18639271
-20,88874916;-1,11897147
-20,88374916;-0,74557084
-20,87874916;-1,11897147
-20,87374916;-2,23794293
-20,86874916;-2,05093503
-20,86374916;-1,67814958
-20,85874916;-2,98351359
-20,85374916;-3,91609240
-20,84874916;-3,54330683
-20,84374916;-3,54330683
-20,83874916;-4,10248518
-20,83374916;-4,10248518
-20,82874916;-4,10248518
-20,82374916;-4,84867096
-20,81874916;-5,03506374
-20,81374916;-5,03506374
-20,80874916;-5,22207165
-20,80374916;-5,40846395
-20,79874916;-5,59485722
-20,79374916;-5,78124952
-20,78874916;-5,96764231
-20,78374916;-5,96764231
-20,77874916;-5,78124952
-20,77374916;-6,90022135
-20,76874916;-7,27362204
-20,76374916;-6,34104300
-20,75874916;-6,52743578
-20,75374916;-6,71382856
-20,74874916;-6,71382856
-20,74374916;-6,71382856
-20,73874916;-6,15403509
-20,73374916;-5,96764231
-20,72874916;-4,84867096
-20,72374916;-5,22207165
-20,71874916;-3,91609240
-20,71374916;-3,35691428
-20,70874916;-3,35691428
-20,70374916;-2,98351359
-20,69874916;-2,42433548
-20,69374916;-2,79712105
-20,68874916;-3,35691428
-20,68374916;-3,17052150
-20,67874916;-4,84867096
-20,67374916;-4,28949261
-20,66874916;-5,03506374
-20,66374916;-5,22207165
-20,65874916;-5,59485722
-20,65374916;-5,40846395
-20,64874916;-6,34104300
-20,64374916;-6,71382856
-20,63874916;-6,34104300
-20,63374916;-5,78124952
-20,62874916;-5,78124952
-20,62374916;-5,03506374
-20,61874916;-4,84867096
-20,61374916;-4,10248518
-20,60874916;-3,72969961
-20,60374916;-3,17052150
-20,59874916;-3,54330683
-20,59374916;-2,61072826
-20,58874916;-1,86454225
-20,58374916;-2,23794293
-20,57874916;-1,30536413
-20,57374916;-1,30536413
-20,56874916;-1,49175680
-20,56374916;-1,30536413
-20,55874916;-1,67814958
-20,55374916;-1,49175680
-20,54874916;-1,67814958
-20,54374916;-1,30536413
-20,53874916;-1,30536413
-20,53374916;-1,30536413
-20,52874916;-1,30536413
-20,52374916;-0,55917817
-20,51874917;-0,74557084
-20,51374917;-0,37278542
-20,50874917;0,55917817
-20,50374917;0,93196356
-20,49874917;1,11897147
-20,49374917;2,42433548
-20,48874917;1,49175680
-20,48374917;2,42433548
-20,47874917;2,79712105
-20,47374917;3,35691428
-20,46874917;2,79712105
-20,46374917;3,72969961
-20,45874917;3,91609240
-20,45374917;3,35691428
-20,44874917;3,72969961
-20,44374917;3,91609240
-20,43874917;3,72969961
-20,43374917;4,84867096
-20,42874917;3,54330683
-20,42374917;3,35691428
-20,41874917;4,28949261
-20,41374917;3,91609240
-20,40874917;4,10248518
-20,40374917;4,66227818
-20,39874917;4,66227818
-20,39374917;4,47588587
-20,38874917;4,84867096
-20,38374917;5,03506374
-20,37874917;5,22207165
-20,37374917;5,22207165
-20,36874917;4,66227818
-20,36374917;4,28949261
-20,35874917;4,66227818
-20,35374917;3,72969961
-20,34874917;4,28949261
-20,34374917;3,91609240
-20,33874917;3,54330683
-20,33374917;4,84867096
-20,32874917;3,72969961
-20,32374917;3,54330683
-20,31874917;4,28949261
-20,31374917;4,66227818
-20,30874917;4,47588587
-20,30374917;4,10248518
-20,29874917;4,66227818
-20,29374917;3,35691428
-20,28874917;5,03506374
-20,28374917;4,84867096
-20,27874917;5,78124952
-20,27374917;4,28949261
-20,26874917;3,91609240
-20,26374917;3,91609240
-20,25874917;3,72969961
-20,25374917;3,35691428
-20,24874917;3,17052150
-20,24374917;2,98351359
-20,23874917;2,42433548
-20,23374917;2,23794293
-20,22874917;1,86454225
-20,22374917;2,23794293
-20,21874917;1,86454225
-20,21374917;1,86454225
-20,20874917;2,05093503
-20,20374917;2,05093503
-20,19874917;2,05093503
-20,19374917;2,42433548
-20,18874917;2,42433548
-20,18374917;2,79712105
-20,17874917;1,49175680
-20,17374917;2,05093503
-20,16874917;1,67814958
-20,16374917;1,11897147
-20,15874917;1,11897147
-20,15374917;0,93196356
-20,14874917;1,11897147
-20,14374917;0,55917817
-20,13874917;0,55917817
-20,13374917;0,37278542
-20,12874917;0,55917817
-20,12374918;0,37278542
-20,11874918;0,55917817
-20,11374918;0,55917817
-20,10874918;0,18639271
-20,10374918;0,74557084
-20,09874918;1,11897147
-20,09374918;0,37278542
-20,08874918;0,93196356
-20,08374918;1,30536413
-20,07874918;0,37278542
-20,07374918;0,93196356
-20,06874918;0,55917817
-20,06374918;0,74557084
-20,05874918;0,74557084
-20,05374918;1,11897147
-20,04874918;2,23794293
-20,04374918;1,30536413
-20,03874918;0,55917817
-20,03374918;0,93196356
-20,02874918;1,11897147
-20,02374918;1,11897147
-20,01874918;1,86454225
-20,01374918;2,05093503
-20,00874918;1,67814958
-20,00374918;2,42433548
-19,99874918;2,05093503
-19,99374918;1,86454225
-19,98874918;2,23794293
-19,98374918;2,23794293
-19,97874918;2,23794293
-19,97374918;2,61072826
-19,96874918;2,05093503
-19,96374918;2,42433548
-19,95874918;1,86454225
-19,95374918;1,86454225
-19,94874918;1,30536413
-19,94374918;1,11897147
-19,93874918;1,49175680
-19,93374918;1,11897147
-19,92874918;1,11897147
-19,92374918;1,49175680
-19,91874918;0,93196356
-19,91374918;1,67814958
-19,90874918;0,37278542
-19,90374918;1,49175680
-19,89874918;0,93196356
-19,89374918;0,74557084
-19,88874918;0,74557084
-19,88374918;1,11897147
-19,87874918;2,05093503
-19,87374918;1,11897147
-19,86874918;1,49175680
-19,86374918;0,74557084
-19,85874918;0,55917817
-19,85374918;0,74557084
-19,84874918;0,55917817
-19,84374918;0,55917817
-19,83874918;0,18639271
-19,83374918;0,18639271
-19,82874918;0,18639271
-19,82374918;0,18639271
-19,81874918;0,00000000
-19,81374918;-0,18639271
-19,80874918;-0,74557084
-19,80374918;-0,74557084
-19,79874918;-0,37278542
-19,79374918;-2,05093503
-19,78874918;-1,67814958
-19,78374918;-2,05093503
-19,77874918;-2,05093503
-19,77374918;-2,98351359
-19,76874918;-3,17052150
-19,76374918;-3,54330683
-19,75874918;-3,35691428
-19,75374918;-4,47588587
-19,74874918;-3,72969961
-19,74374918;-3,54330683
-19,73874918;-3,91609240
-19,73374918;-2,98351359
-19,72874919;-3,17052150
-19,72374919;-2,61072826
-19,71874919;-2,05093503
-19,71374919;-2,79712105
-19,70874919;-2,23794293
-19,70374919;-1,86454225
-19,69874919;-2,05093503
-19,69374919;-2,61072826
-19,68874919;-2,23794293
-19,68374919;-2,61072826
-19,67874919;-2,23794293
-19,67374919;-4,10248518
-19,66874919;-4,47588587
-19,66374919;-4,84867096
-19,65874919;-5,59485722
-19,65374919;-5,96764231
-19,64874919;-6,34104300
-19,64374919;-6,34104300
-19,63874919;-6,15403509
-19,63374919;-6,15403509
-19,62874919;-6,15403509
-19,62374919;-6,15403509
-19,61874919;-5,78124952
-19,61374919;-5,40846395
-19,60874919;-5,03506374
-19,60374919;-4,84867096
-19,59874919;-3,54330683
-19,59374919;-3,17052150
-19,58874919;-2,98351359
-19,58374919;-2,61072826
-19,57874919;-2,61072826
-19,57374919;-2,79712105
-19,56874919;-2,61072826
-19,56374919;-2,42433548
-19,55874919;-3,17052150
-19,55374919;-2,98351359
-19,54874919;-3,17052150
-19,54374919;-3,17052150
-19,53874919;-2,98351359
-19,53374919;-2,61072826
-19,52874919;-2,79712105
-19,52374919;-2,05093503
-19,51874919;-2,23794293
-19,51374919;-1,67814958
-19,50874919;-0,74557084
-19,50374919;0,18639271
-19,49874919;-0,37278542
-19,49374919;-0,18639271
-19,48874919;0,18639271
-19,48374919;0,93196356
-19,47874919;1,49175680
-19,47374919;1,49175680
-19,46874919;1,30536413
-19,46374919;1,86454225
-19,45874919;1,67814958
-19,45374919;1,86454225
-19,44874919;1,86454225
-19,44374919;2,05093503
-19,43874919;2,42433548
-19,43374919;2,79712105
-19,42874919;2,61072826
-19,42374919;3,35691428
-19,41874919;3,54330683
-19,41374919;5,59485722
-19,40874919;3,72969961
-19,40374919;4,84867096
-19,39874919;4,47588587
-19,39374919;4,66227818
-19,38874919;4,84867096
-19,38374919;4,66227818
-19,37874919;4,28949261
-19,37374919;4,66227818
-19,36874919;4,28949261
-19,36374919;4,28949261
-19,35874919;3,91609240
-19,35374919;3,72969961
-19,34874919;3,72969961
-19,34374919;3,35691428
-19,33874919;3,35691428
-19,33374920;3,54330683
-19,32874920;2,79712105
-19,32374920;3,35691428
-19,31874920;2,98351359
-19,31374920;3,72969961
-19,30874920;3,72969961
-19,30374920;3,72969961
-19,29874920;3,35691428
-19,29374920;2,98351359
-19,28874920;3,72969961
-19,28374920;3,72969961
-19,27874920;3,54330683
-19,27374920;3,35691428
-19,26874920;3,35691428
-19,26374920;2,98351359
-19,25874920;2,42433548
-19,25374920;2,42433548
-19,24874920;2,05093503
-19,24374920;2,23794293
-19,23874920;1,49175680
-19,23374920;1,30536413
-19,22874920;0,37278542
-19,22374920;0,37278542
-19,21874920;0,74557084
-19,21374920;0,74557084
-19,20874920;0,18639271
-19,20374920;0,18639271
-19,19874920;0,00000000
-19,19374920;0,18639271
-19,18874920;-0,55917817
-19,18374920;-0,37278542
-19,17874920;-1,30536413
-19,17374920;-1,11897147
-19,16874920;-2,05093503
-19,16374920;-2,23794293
-19,15874920;-3,17052150
-19,15374920;-3,35691428
-19,14874920;-3,54330683
-19,14374920;-3,54330683
-19,13874920;-4,10248518
-19,13374920;-4,47588587
-19,12874920;-4,84867096
-19,12374920;-4,66227818
-19,11874920;-4,47588587
-19,11374920;-5,59485722
-19,10874920;-5,40846395
-19,10374920;-5,59485722
-19,09874920;-5,22207165
-19,09374920;-5,78124952
-19,08874920;-5,40846395
-19,08374920;-5,78124952
-19,07874920;-6,71382856
-19,07374920;-6,34104300
-19,06874920;-6,90022135
-19,06374920;-6,90022135
-19,05874920;-6,71382856
-19,05374920;-6,71382856
-19,04874920;-5,59485722
-19,04374920;-6,34104300
-19,03874920;-6,15403509
-19,03374920;-6,71382856
-19,02874920;-5,78124952
-19,02374920;-5,40846395
-19,01874920;-4,84867096
-19,01374920;-4,10248518
-19,00874920;-4,10248518
-19,00374920;-4,10248518
-18,99874920;-3,35691428
-18,99374920;-4,10248518
-18,98874920;-3,91609240
-18,98374920;-3,35691428
-18,97874920;-3,54330683
-18,97374920;-3,91609240
-18,96874920;-4,47588587
-18,96374920;-4,84867096
-18,95874920;-4,66227818
-18,95374920;-4,84867096
-18,94874920;-5,22207165
-18,94374920;-5,40846395
-18,93874921;-5,96764231
-18,93374921;-5,59485722
-18,92874921;-5,03506374
-18,92374921;-5,40846395
-18,91874921;-5,40846395
-18,91374921;-5,78124952
-18,90874921;-4,84867096
-18,90374921;-4,28949261
-18,89874921;-3,91609240
-18,89374921;-3,72969961
-18,88874921;-2,61072826
-18,88374921;-2,42433548
-18,87874921;-5,40846395
-18,87374921;-2,42433548
-18,86874921;-2,05093503
-18,86374921;-1,67814958
-18,85874921;-2,05093503
-18,85374921;-2,05093503
-18,84874921;-1,86454225
-18,84374921;-1,49175680
-18,83874921;-1,49175680
-18,83374921;-1,67814958
-18,82874921;-1,67814958
-18,82374921;-1,30536413
-18,81874921;-1,11897147
-18,81374921;-0,37278542
-18,80874921;0,00000000
-18,80374921;0,00000000
-18,79874921;0,93196356
-18,79374921;0,93196356
-18,78874921;0,93196356
-18,78374921;1,49175680
-18,77874921;1,49175680
-18,77374921;1,86454225
-18,76874921;3,17052150
-18,76374921;2,05093503
-18,75874921;2,79712105
-18,75374921;2,98351359
-18,74874921;2,98351359
-18,74374921;2,98351359
-18,73874921;2,79712105
-18,73374921;3,35691428
-18,72874921;1,86454225
-18,72374921;3,72969961
-18,71874921;3,72969961
-18,71374921;3,72969961
-18,70874921;4,10248518
-18,70374921;3,91609240
-18,69874921;3,91609240
-18,69374921;3,72969961
-18,68874921;2,98351359
-18,68374921;3,91609240
-18,67874921;3,17052150
-18,67374921;4,47588587
-18,66874921;3,54330683
-18,66374921;3,35691428
-18,65874921;3,72969961
-18,65374921;4,10248518
-18,64874921;5,03506374
-18,64374921;3,91609240
-18,63874921;3,54330683
-18,63374921;3,35691428
-18,62874921;4,84867096
-18,62374921;3,17052150
-18,61874921;3,72969961
-18,61374921;4,28949261
-18,60874921;3,91609240
-18,60374921;4,28949261
-18,59874921;4,66227818
-18,59374921;4,47588587
-18,58874921;4,47588587
-18,58374921;4,84867096
-18,57874921;3,91609240
-18,57374921;4,28949261
-18,56874921;3,91609240
-18,56374921;3,91609240
-18,55874921;3,91609240
-18,55374921;3,91609240
-18,54874921;3,72969961
-18,54374922;2,79712105
-18,53874922;3,17052150
-18,53374922;2,98351359
-18,52874922;2,98351359
-18,52374922;2,79712105
-18,51874922;2,79712105
-18,51374922;2,42433548
-18,50874922;2,05093503
-18,50374922;2,98351359
-18,49874922;2,23794293
-18,49374922;2,42433548
-18,48874922;2,79712105
-18,48374922;2,05093503
-18,47874922;0,93196356
-18,47374922;1,86454225
-18,46874922;1,49175680
-18,46374922;1,30536413
-18,45874922;1,11897147
-18,45374922;1,11897147
-18,44874922;0,74557084
-18,44374922;0,74557084
-18,43874922;0,55917817
-18,43374922;0,93196356
-18,42874922;0,55917817
-18,42374922;0,18639271
-18,41874922;0,55917817
-18,41374922;0,55917817
-18,40874922;0,55917817
-18,40374922;0,74557084
-18,39874922;0,55917817
-18,39374922;1,30536413
-18,38874922;0,93196356
-18,38374922;0,93196356
-18,37874922;0,74557084
-18,37374922;0,55917817
-18,36874922;0,18639271
-18,36374922;1,30536413
-18,35874922;0,74557084
-18,35374922;1,11897147
-18,34874922;0,74557084
-18,34374922;1,30536413
-18,33874922;0,74557084
-18,33374922;0,37278542
-18,32874922;0,93196356
-18,32374922;0,55917817
-18,31874922;1,11897147
-18,31374922;1,49175680
-18,30874922;1,67814958
-18,30374922;2,42433548
-18,29874922;1,86454225
-18,29374922;2,05093503
-18,28874922;1,49175680
-18,28374922;2,42433548
-18,27874922;2,79712105
-18,27374922;1,86454225
-18,26874922;2,05093503
-18,26374922;1,49175680
-18,25874922;1,86454225
-18,25374922;2,05093503
-18,24874922;2,05093503
-18,24374922;1,49175680
-18,23874922;1,30536413
-18,23374922;1,49175680
-18,22874922;0,93196356
-18,22374922;0,93196356
-18,21874922;0,55917817
-18,21374922;1,49175680
-18,20874922;0,93196356
-18,20374922;1,11897147
-18,19874922;0,93196356
-18,19374922;1,11897147
-18,18874922;1,30536413
-18,18374922;1,86454225
-18,17874922;0,93196356
-18,17374922;1,11897147
-18,16874922;1,49175680
-18,16374922;0,93196356
-18,15874922;1,11897147
-18,15374922;1,49175680
-18,14874922;0,55917817
-18,14374923;1,11897147
-18,13874923;0,93196356
-18,13374923;0,74557084
-18,12874923;0,74557084
-18,12374923;0,55917817
-18,11874923;0,74557084
-18,11374923;0,00000000
-18,10874923;-0,37278542
-18,10374923;-0,18639271
-18,09874923;-0,74557084
-18,09374923;-0,55917817
-18,08874923;-0,37278542
-18,08374923;-1,11897147
-18,07874923;-1,30536413
-18,07374923;-1,49175680
-18,06874923;-2,23794293
-18,06374923;-2,05093503
-18,05874923;-2,61072826
-18,05374923;-2,61072826
-18,04874923;-3,54330683
-18,04374923;-3,17052150
-18,03874923;-3,91609240
-18,03374923;-2,42433548
-18,02874923;-2,79712105
-18,02374923;-2,98351359
-18,01874923;-2,98351359
-18,01374923;-2,05093503
-18,00874923;-2,61072826
-18,00374923;-1,86454225
-17,99874923;-2,23794293
-17,99374923;-2,23794293
-17,98874923;-2,23794293
-17,98374923;-2,79712105
-17,97874923;-3,35691428
-17,97374923;-3,54330683
-17,96874923;-3,91609240
-17,96374923;-4,10248518
-17,95874923;-4,10248518
-17,95374923;-5,03506374
-17,94874923;-6,34104300
-17,94374923;-5,78124952
-17,93874923;-6,15403509
-17,93374923;-6,71382856
-17,92874923;-6,71382856
-17,92374923;-6,34104300
-17,91874923;-6,34104300
-17,91374923;-5,40846395
-17,90874923;-5,22207165
-17,90374923;-4,10248518
-17,89874923;-4,28949261
-17,89374923;-3,91609240
-17,88874923;-3,17052150
-17,88374923;-2,61072826
-17,87874923;-2,05093503
-17,87374923;-2,42433548
-17,86874923;-2,23794293
-17,86374923;-2,23794293
-17,85874923;-2,23794293
-17,85374923;-2,61072826
-17,84874923;-2,23794293
-17,84374923;-2,98351359
-17,83874923;-2,61072826
-17,83374923;-2,61072826
-17,82874923;-1,67814958
-17,82374923;-2,98351359
-17,81874923;-2,23794293
-17,81374923;-2,05093503
-17,80874923;-1,30536413
-17,80374923;-1,49175680
-17,79874923;-0,74557084
-17,79374923;-0,37278542
-17,78874923;0,18639271
-17,78374923;0,37278542
-17,77874923;1,11897147
-17,77374923;0,55917817
-17,76874923;0,93196356
-17,76374923;1,30536413
-17,75874923;1,11897147
-17,75374923;1,11897147
-17,74874924;1,49175680
-17,74374924;1,67814958
-17,73874924;1,49175680
-17,73374924;1,86454225
-17,72874924;2,61072826
-17,72374924;2,79712105
-17,71874924;2,79712105
-17,71374924;2,98351359
-17,70874924;3,72969961
-17,70374924;4,28949261
-17,69874924;4,84867096
-17,69374924;4,84867096
-17,68874924;4,84867096
-17,68374924;4,66227818
-17,67874924;5,40846395
-17,67374924;5,03506374
-17,66874924;4,47588587
-17,66374924;5,59485722
-17,65874924;4,84867096
-17,65374924;4,47588587
-17,64874924;3,35691428
-17,64374924;3,54330683
-17,63874924;3,35691428
-17,63374924;3,91609240
-17,62874924;3,17052150
-17,62374924;3,35691428
-17,61874924;3,72969961
-17,61374924;3,91609240
-17,60874924;3,72969961
-17,60374924;4,10248518
-17,59874924;4,84867096
-17,59374924;4,66227818
-17,58874924;3,72969961
-17,58374924;4,10248518
-17,57874924;4,10248518
-17,57374924;3,91609240
-17,56874924;3,35691428
-17,56374924;3,72969961
-17,55874924;3,91609240
-17,55374924;2,61072826
-17,54874924;2,23794293
-17,54374924;1,86454225
-17,53874924;1,86454225
-17,53374924;1,49175680
-17,52874924;0,74557084
-17,52374924;0,55917817
-17,51874924;1,30536413
-17,51374924;0,18639271
-17,50874924;0,37278542
-17,50374924;0,00000000
-17,49874924;-0,37278542
-17,49374924;0,00000000
-17,48874924;-0,74557084
-17,48374924;-0,18639271
-17,47874924;-0,93196356
-17,47374924;-1,30536413
-17,46874924;-2,05093503
-17,46374924;-2,42433548
-17,45874924;-2,05093503
-17,45374924;-2,42433548
-17,44874924;-3,91609240
-17,44374924;-3,17052150
-17,43874924;-3,72969961
-17,43374924;-4,10248518
-17,42874924;-4,84867096
-17,42374924;-4,10248518
-17,41874924;-5,40846395
-17,41374924;-5,22207165
-17,40874924;-5,78124952
-17,40374924;-4,66227818
-17,39874924;-5,59485722
-17,39374924;-5,96764231
-17,38874924;-6,34104300
-17,38374924;-5,96764231
-17,37874924;-6,34104300
-17,37374924;-6,90022135
-17,36874924;-6,52743578
-17,36374924;-6,34104300
-17,35874924;-6,90022135
-17,35374925;-6,90022135
-17,34874925;-6,90022135
-17,34374925;-6,90022135
-17,33874925;-6,71382856
-17,33374925;-6,34104300
-17,32874925;-5,96764231
-17,32374925;-5,78124952
-17,31874925;-5,40846395
-17,31374925;-5,03506374
-17,30874925;-4,47588587
-17,30374925;-4,47588587
-17,29874925;-3,91609240
-17,29374925;-3,54330683
-17,28874925;-3,35691428
-17,28374925;-2,98351359
-17,27874925;-4,10248518
-17,27374925;-5,40846395
-17,26874925;-2,98351359
-17,26374925;-3,72969961
-17,25874925;-3,91609240
-17,25374925;-4,66227818
-17,24874925;-5,03506374
-17,24374925;-4,84867096
-17,23874925;-5,78124952
-17,23374925;-5,59485722
-17,22874925;-5,78124952
-17,22374925;-4,84867096
-17,21874925;-5,03506374
-17,21374925;-4,84867096
-17,20874925;-4,28949261
-17,20374925;-3,91609240
-17,19874925;-3,35691428
-17,19374925;-2,61072826
-17,18874925;-2,61072826
-17,18374925;-2,23794293
-17,17874925;-1,67814958
-17,17374925;-1,11897147
-17,16874925;-1,30536413
-17,16374925;-0,93196356
-17,15874925;-2,05093503
-17,15374925;-1,30536413
-17,14874925;-1,30536413
-17,14374925;-0,93196356
-17,13874925;-0,74557084
-17,13374925;-1,11897147
-17,12874925;-1,67814958
-17,12374925;-0,93196356
-17,11874925;-0,93196356
-17,11374925;-0,74557084
-17,10874925;-0,55917817
-17,10374925;0,00000000
-17,09874925;0,18639271
-17,09374925;0,74557084
-17,08874925;1,30536413
-17,08374925;0,93196356
-17,07874925;1,11897147
-17,07374925;1,49175680
-17,06874925;2,79712105
-17,06374925;1,86454225
-17,05874925;2,61072826
-17,05374925;2,79712105
-17,04874925;3,35691428
-17,04374925;3,35691428
-17,03874925;3,17052150
-17,03374925;3,35691428
-17,02874925;3,35691428
-17,02374925;3,72969961
-17,01874925;3,35691428
-17,01374925;3,35691428
-17,00874925;3,54330683
-17,00374925;3,35691428
-16,99874925;3,17052150
-16,99374925;3,91609240
-16,98874925;2,79712105
-16,98374925;3,91609240
-16,97874925;4,10248518
-16,97374925;3,72969961
-16,96874925;4,10248518
-16,96374925;3,72969961
-16,95874926;3,91609240
-16,95374926;3,91609240
-16,94874926;3,35691428
-16,94374926;3,35691428
-16,93874926;3,54330683
-16,93374926;3,35691428
-16,92874926;3,35691428
-16,92374926;3,17052150
-16,91874926;2,98351359
-16,91374926;3,91609240
-16,90874926;4,10248518
-16,90374926;3,91609240
-16,89874926;3,72969961
-16,89374926;4,10248518
-16,88874926;4,84867096
-16,88374926;4,66227818
-16,87874926;4,47588587
-16,87374926;4,47588587
-16,86874926;4,84867096
-16,86374926;4,28949261
-16,85874926;4,47588587
-16,85374926;3,72969961
-16,84874926;3,72969961
-16,84374926;3,91609240
-16,83874926;3,35691428
-16,83374926;2,98351359
-16,82874926;2,79712105
-16,82374926;2,79712105
-16,81874926;2,05093503
-16,81374926;2,61072826
-16,80874926;2,42433548
-16,80374926;2,79712105
-16,79874926;2,42433548
-16,79374926;2,42433548
-16,78874926;2,79712105
-16,78374926;2,23794293
-16,77874926;2,61072826
-16,77374926;2,23794293
-16,76874926;2,05093503
-16,76374926;2,42433548
-16,75874926;1,86454225
-16,75374926;1,67814958
-16,74874926;1,11897147
-16,74374926;1,86454225
-16,73874926;1,11897147
-16,73374926;0,74557084
-16,72874926;0,93196356
-16,72374926;1,11897147
-16,71874926;0,74557084
-16,71374926;0,74557084
-16,70874926;0,55917817
-16,70374926;0,55917817
-16,69874926;2,98351359
-16,69374926;0,93196356
-16,68874926;0,18639271
-16,68374926;1,30536413
-16,67874926;1,11897147
-16,67374926;0,93196356
-16,66874926;0,93196356
-16,66374926;0,93196356
-16,65874926;0,55917817
-16,65374926;1,11897147
-16,64874926;0,55917817
-16,64374926;0,74557084
-16,63874926;0,74557084
-16,63374926;0,93196356
-16,62874926;0,18639271
-16,62374926;0,74557084
-16,61874926;1,30536413
-16,61374926;0,74557084
-16,60874926;1,11897147
-16,60374926;1,30536413
-16,59874926;1,67814958
-16,59374926;1,30536413
-16,58874926;2,23794293
-16,58374926;2,42433548
-16,57874926;1,86454225
-16,57374926;1,49175680
-16,56874926;2,23794293
-16,56374927;2,23794293
-16,55874927;2,05093503
-16,55374927;1,86454225
-16,54874927;1,49175680
-16,54374927;1,11897147
-16,53874927;1,67814958
-16,53374927;1,49175680
-16,52874927;1,67814958
-16,52374927;1,30536413
-16,51874927;1,11897147
-16,51374927;1,30536413
-16,50874927;0,93196356
-16,50374927;1,67814958
-16,49874927;1,11897147
-16,49374927;4,84867096
-16,48874927;0,55917817
-16,48374927;1,11897147
-16,47874927;1,49175680
-16,47374927;1,49175680
-16,46874927;1,86454225
-16,46374927;1,49175680
-16,45874927;0,93196356
-16,45374927;1,30536413
-16,44874927;1,11897147
-16,44374927;1,11897147
-16,43874927;0,93196356
-16,43374927;1,30536413
-16,42874927;0,37278542
-16,42374927;0,55917817
-16,41874927;0,18639271
-16,41374927;0,74557084
-16,40874927;-0,37278542
-16,40374927;0,18639271
-16,39874927;-0,37278542
-16,39374927;0,00000000
-16,38874927;-0,74557084
-16,38374927;-1,11897147
-16,37874927;-1,30536413
-16,37374927;-1,86454225
-16,36874927;-1,67814958
-16,36374927;-2,05093503
-16,35874927;-2,23794293
-16,35374927;-2,61072826
-16,34874927;-2,79712105
-16,34374927;-2,98351359
-16,33874927;-2,98351359
-16,33374927;-3,17052150
-16,32874927;-3,17052150
-16,32374927;-2,98351359
-16,31874927;-2,98351359
-16,31374927;-2,42433548
-16,30874927;1,30536413
-16,30374927;-2,05093503
-16,29874927;-2,61072826
-16,29374927;-2,42433548
-16,28874927;-2,23794293
-16,28374927;-2,61072826
-16,27874927;-2,61072826
-16,27374927;-2,61072826
-16,26874927;-3,17052150
-16,26374927;-2,42433548
-16,25874927;-4,47588587
-16,25374927;-4,47588587
-16,24874927;-5,59485722
-16,24374927;-4,66227818
-16,23874927;-6,34104300
-16,23374927;-6,15403509
-16,22874927;-6,15403509
-16,22374927;-6,15403509
-16,21874927;-6,34104300
-16,21374927;-6,34104300
-16,20874927;-5,96764231
-16,20374927;-5,78124952
-16,19874927;-4,84867096
-16,19374927;-4,47588587
-16,18874927;-3,72969961
-16,18374927;-3,72969961
-16,17874927;-2,98351359
-16,17374927;-2,79712105
-16,16874928;-3,54330683
-16,16374928;-1,67814958
-16,15874928;-2,61072826
-16,15374928;-3,91609240
-16,14874928;-2,61072826
-16,14374928;-2,23794293
-16,13874928;-3,35691428
-16,13374928;-2,61072826
-16,12874928;-2,61072826
-16,12374928;-1,67814958
-16,11874928;-2,61072826
-16,11374928;-1,86454225
-16,10874928;-2,05093503
-16,10374928;-1,11897147
-16,09874928;-1,30536413
-16,09374928;-0,74557084
-16,08874928;-0,55917817
-16,08374928;0,00000000
-16,07874928;0,37278542
-16,07374928;0,55917817
-16,06874928;1,11897147
-16,06374928;2,23794293
-16,05874928;0,55917817
-16,05374928;1,49175680
-16,04874928;1,49175680
-16,04374928;1,67814958
-16,03874928;1,49175680
-16,03374928;2,79712105
-16,02874928;2,05093503
-16,02374928;2,23794293
-16,01874928;2,61072826
-16,01374928;2,79712105
-16,00874928;3,54330683
-16,00374928;3,54330683
-15,99874928;3,72969961
-15,99374928;4,28949261
-15,98874928;4,28949261
-15,98374928;5,22207165
-15,97874928;4,47588587
-15,97374928;4,28949261
-15,96874928;4,28949261
-15,96374928;4,66227818
-15,95874928;3,91609240
-15,95374928;1,86454225
-15,94874928;4,10248518
-15,94374928;3,54330683
-15,93874928;3,72969961
-15,93374928;3,35691428
-15,92874928;3,35691428
-15,92374928;3,17052150
-15,91874928;3,72969961
-15,91374928;6,52743578
-15,90874928;3,54330683
-15,90374928;3,91609240
-15,89874928;4,47588587
-15,89374928;4,10248518
-15,88874928;3,91609240
-15,88374928;4,28949261
-15,87874928;3,91609240
-15,87374928;3,91609240
-15,86874928;3,91609240
-15,86374928;3,91609240
-15,85874928;4,10248518
-15,85374928;2,79712105
-15,84874928;2,42433548
-15,84374928;2,98351359
-15,83874928;2,42433548
-15,83374928;2,05093503
-15,82874928;1,86454225
-15,82374928;1,11897147
-15,81874928;1,11897147
-15,81374928;0,74557084
-15,80874928;0,93196356
-15,80374928;0,00000000
-15,79874928;0,37278542
-15,79374928;0,00000000
-15,78874928;0,18639271
-15,78374928;-0,37278542
-15,77874928;-0,74557084
-15,77374928;-0,74557084
-15,76874929;-1,11897147
-15,76374929;-1,67814958
-15,75874929;-1,30536413
-15,75374929;-1,86454225
-15,74874929;-0,74557084
-15,74374929;-2,98351359
-15,73874929;-3,17052150
-15,73374929;-3,54330683
-15,72874929;-4,10248518
-15,72374929;-4,66227818
-15,71874929;-4,47588587
-15,71374929;-5,03506374
-15,70874929;-5,40846395
-15,70374929;-5,40846395
-15,69874929;-5,22207165
-15,69374929;-5,59485722
-15,68874929;-5,96764231
-15,68374929;-5,78124952
-15,67874929;-6,34104300
-15,67374929;-5,78124952
-15,66874929;-6,71382856
-15,66374929;-5,40846395
-15,65874929;-7,27362204
-15,65374929;-7,27362204
-15,64874929;-7,83279943
-15,64374929;-6,90022135
-15,63874929;-7,46001434
-15,63374929;-6,90022135
-15,62874929;-7,08661366
-15,62374929;-6,90022135
-15,61874929;-6,90022135
-15,61374929;-5,96764231
-15,60874929;-5,96764231
-15,60374929;-5,96764231
-15,59874929;-4,66227818
-15,59374929;-4,10248518
-15,58874929;-3,91609240
-15,58374929;-3,54330683
-15,57874929;-2,98351359
-15,57374929;-3,54330683
-15,56874929;-3,17052150
-15,56374929;-3,35691428
-15,55874929;-4,10248518
-15,55374929;-4,10248518
-15,54874929;-4,47588587
-15,54374929;-5,40846395
-15,53874929;-5,03506374
-15,53374929;-5,96764231
-15,52874929;-5,78124952
-15,52374929;-5,78124952
-15,51874929;-5,40846395
-15,51374929;-5,78124952
-15,50874929;-5,40846395
-15,50374929;-4,47588587
-15,49874929;-4,66227818
-15,49374929;-4,47588587
-15,48874929;-3,91609240
-15,48374929;-3,17052150
-15,47874929;-2,98351359
-15,47374929;-2,23794293
-15,46874929;-2,05093503
-15,46374929;-2,05093503
-15,45874929;-1,11897147
-15,45374929;-1,67814958
-15,44874929;-0,37278542
-15,44374929;-1,49175680
-15,43874929;-1,67814958
-15,43374929;-1,30536413
-15,42874929;-1,49175680
-15,42374929;-1,30536413
-15,41874929;-1,86454225
-15,41374929;-0,55917817
-15,40874929;-0,37278542
-15,40374929;-0,18639271
-15,39874929;-0,37278542
-15,39374929;0,55917817
-15,38874929;0,55917817
-15,38374929;0,93196356
-15,37874929;1,86454225
-15,37374930;2,23794293
-15,36874930;2,61072826
-15,36374930;2,05093503
-15,35874930;2,79712105
-15,35374930;2,98351359
-15,34874930;2,23794293
-15,34374930;2,98351359
-15,33874930;3,35691428
-15,33374930;3,17052150
-15,32874930;3,91609240
-15,32374930;3,35691428
-15,31874930;2,98351359
-15,31374930;3,91609240
-15,30874930;3,54330683
-15,30374930;3,91609240
-15,29874930;3,72969961
-15,29374930;4,10248518
-15,28874930;3,72969961
-15,28374930;4,28949261
-15,27874930;3,91609240
-15,27374930;3,72969961
-15,26874930;4,10248518
-15,26374930;2,79712105
-15,25874930;3,35691428
-15,25374930;3,91609240
-15,24874930;3,35691428
-15,24374930;3,72969961
-15,23874930;3,72969961
-15,23374930;2,98351359
-15,22874930;3,17052150
-15,22374930;3,35691428
-15,21874930;3,35691428
-15,21374930;3,35691428
-15,20874930;3,35691428
-15,20374930;4,28949261
-15,19874930;3,72969961
-15,19374930;4,10248518
-15,18874930;4,28949261
-15,18374930;4,47588587
-15,17874930;4,10248518
-15,17374930;4,84867096
-15,16874930;4,66227818
-15,16374930;4,10248518
-15,15874930;4,66227818
-15,15374930;4,47588587
-15,14874930;3,91609240
-15,14374930;3,35691428
-15,13874930;3,35691428
-15,13374930;2,98351359
-15,12874930;2,79712105
-15,12374930;2,98351359
-15,11874930;2,05093503
-15,11374930;2,23794293
-15,10874930;2,23794293
-15,10374930;2,42433548
-15,09874930;1,86454225
-15,09374930;2,42433548
-15,08874930;2,23794293
-15,08374930;2,98351359
-15,07874930;2,23794293
-15,07374930;2,79712105
-15,06874930;2,42433548
-15,06374930;2,61072826
-15,05874930;1,86454225
-15,05374930;2,05093503
-15,04874930;2,79712105
-15,04374930;1,11897147
-15,03874930;0,93196356
-15,03374930;0,93196356
-15,02874930;0,93196356
-15,02374930;0,93196356
-15,01874930;0,55917817
-15,01374930;0,93196356
-15,00874930;0,37278542
-15,00374930;0,37278542
-14,99874930;0,18639271
-14,99374930;1,30536413
-14,98874930;0,00000000
-14,98374930;0,93196356
-14,97874931;0,55917817
-14,97374931;1,67814958
-14,96874931;0,93196356
-14,96374931;1,49175680
-14,95874931;1,30536413
-14,95374931;0,93196356
-14,94874931;1,11897147
-14,94374931;1,49175680
-14,93874931;1,11897147
-14,93374931;1,49175680
-14,92874931;0,93196356
-14,92374931;1,30536413
-14,91874931;1,49175680
-14,91374931;1,30536413
-14,90874931;1,30536413
-14,90374931;1,67814958
-14,89874931;2,05093503
-14,89374931;1,86454225
-14,88874931;2,05093503
-14,88374931;2,42433548
-14,87874931;2,42433548
-14,87374931;1,86454225
-14,86874931;2,05093503
-14,86374931;2,23794293
-14,85874931;2,61072826
-14,85374931;2,05093503
-14,84874931;2,42433548
-14,84374931;1,86454225
-14,83874931;1,86454225
-14,83374931;1,86454225
-14,82874931;1,30536413
-14,82374931;1,30536413
-14,81874931;2,05093503
-14,81374931;1,11897147
-14,80874931;0,93196356
-14,80374931;1,11897147
-14,79874931;0,93196356
-14,79374931;0,93196356
-14,78874931;0,93196356
-14,78374931;1,11897147
-14,77874931;0,55917817
-14,77374931;0,55917817
-14,76874931;0,93196356
-14,76374931;0,93196356
-14,75874931;1,11897147
-14,75374931;1,11897147
-14,74874931;0,55917817
-14,74374931;0,55917817
-14,73874931;0,93196356
-14,73374931;0,74557084
-14,72874931;0,18639271
-14,72374931;0,37278542
-14,71874931;0,00000000
-14,71374931;0,55917817
-14,70874931;0,18639271
-14,70374931;0,00000000
-14,69874931;-0,37278542
-14,69374931;-0,37278542
-14,68874931;0,00000000
-14,68374931;-0,74557084
-14,67874931;-0,74557084
-14,67374931;-0,74557084
-14,66874931;-1,11897147
-14,66374931;-1,11897147
-14,65874931;-1,49175680
-14,65374931;-2,05093503
-14,64874931;-3,17052150
-14,64374931;-2,42433548
-14,63874931;-2,42433548
-14,63374931;-2,61072826
-14,62874931;-2,61072826
-14,62374931;-2,61072826
-14,61874931;-2,79712105
-14,61374931;-3,17052150
-14,60874931;-2,42433548
-14,60374931;-2,61072826
-14,59874931;-2,42433548
-14,59374931;-2,23794293
-14,58874931;-1,67814958
-14,58374932;-1,30536413
-14,57874932;-2,05093503
-14,57374932;-2,05093503
-14,56874932;-2,05093503
-14,56374932;-2,61072826
-14,55874932;-2,61072826
-14,55374932;-3,35691428
-14,54874932;-3,54330683
-14,54374932;-4,47588587
-14,53874932;-4,84867096
-14,53374932;-5,22207165
-14,52874932;-5,78124952
-14,52374932;-5,96764231
-14,51874932;-6,15403509
-14,51374932;-5,96764231
-14,50874932;-5,96764231
-14,50374932;-5,59485722
-14,49874932;-5,22207165
-14,49374932;-4,84867096
-14,48874932;-4,10248518
-14,48374932;-3,54330683
-14,47874932;-3,35691428
-14,47374932;-3,54330683
-14,46874932;-2,98351359
-14,46374932;-4,10248518
-14,45874932;-2,61072826
-14,45374932;-2,23794293
-14,44874932;-2,79712105
-14,44374932;-2,23794293
-14,43874932;-2,61072826
-14,43374932;-2,61072826
-14,42874932;-2,42433548
-14,42374932;-2,79712105
-14,41874932;-2,61072826
-14,41374932;-2,79712105
-14,40874932;-2,42433548
-14,40374932;-2,61072826
-14,39874932;-2,42433548
-14,39374932;-1,67814958
-14,38874932;-1,30536413
-14,38374932;-0,93196356
-14,37874932;-0,37278542
-14,37374932;0,00000000
-14,36874932;0,18639271
-14,36374932;0,18639271
-14,35874932;0,93196356
-14,35374932;0,55917817
-14,34874932;1,11897147
-14,34374932;1,86454225
-14,33874932;1,49175680
-14,33374932;2,05093503
-14,32874932;1,49175680
-14,32374932;1,86454225
-14,31874932;2,05093503
-14,31374932;2,05093503
-14,30874932;2,79712105
-14,30374932;2,98351359
-14,29874932;3,17052150
-14,29374932;3,35691428
-14,28874932;3,35691428
-14,28374932;4,10248518
-14,27874932;5,03506374
-14,27374932;4,28949261
-14,26874932;4,66227818
-14,26374932;4,66227818
-14,25874932;3,91609240
-14,25374932;4,84867096
-14,24874932;5,22207165
-14,24374932;4,66227818
-14,23874932;4,47588587
-14,23374932;4,84867096
-14,22874932;3,91609240
-14,22374932;4,28949261
-14,21874932;3,91609240
-14,21374932;4,28949261
-14,20874932;3,91609240
-14,20374932;3,35691428
-14,19874932;4,28949261
-14,19374932;4,10248518
-14,18874933;4,47588587
-14,18374933;4,66227818
-14,17874933;4,66227818
-14,17374933;3,91609240
-14,16874933;4,28949261
-14,16374933;4,10248518
-14,15874933;4,28949261
-14,15374933;4,10248518
-14,14874933;3,35691428
-14,14374933;2,98351359
-14,13874933;2,61072826
-14,13374933;2,61072826
-14,12874933;2,05093503
-14,12374933;1,86454225
-14,11874933;1,30536413
-14,11374933;1,49175680
-14,10874933;0,18639271
-14,10374933;0,74557084
-14,09874933;0,18639271
-14,09374933;0,18639271
-14,08874933;0,18639271
-14,08374933;0,18639271
-14,07874933;-0,18639271
-14,07374933;0,00000000
-14,06874933;-0,37278542
-14,06374933;-1,30536413
-14,05874933;-0,55917817
-14,05374933;-1,30536413
-14,04874933;-1,49175680
-14,04374933;-1,67814958
-14,03874933;-2,42433548
-14,03374933;-2,79712105
-14,02874933;-3,17052150
-14,02374933;-3,91609240
-14,01874933;-3,91609240
-14,01374933;-4,28949261
-14,00874933;-4,47588587
-14,00374933;-4,84867096
-13,99874933;-5,03506374
-13,99374933;-5,22207165
-13,98874933;-5,78124952
-13,98374933;-5,03506374
-13,97874933;-5,22207165
-13,97374933;-5,78124952
-13,96874933;-4,84867096
-13,96374933;-5,40846395
-13,95874933;-6,34104300
-13,95374933;-6,90022135
-13,94874933;-6,52743578
-13,94374933;-7,46001434
-13,93874933;-6,90022135
-13,93374933;-6,90022135
-13,92874933;-6,71382856
-13,92374933;-7,08661366
-13,91874933;-6,71382856
-13,91374933;-6,71382856
-13,90874933;-6,34104300
-13,90374933;-5,40846395
-13,89874933;-5,78124952
-13,89374933;-4,84867096
-13,88874933;-4,47588587
-13,88374933;-3,72969961
-13,87874933;-3,54330683
-13,87374933;-3,54330683
-13,86874933;-3,17052150
-13,86374933;-2,98351359
-13,85874933;-3,54330683
-13,85374933;-3,54330683
-13,84874933;-3,54330683
-13,84374933;-3,72969961
-13,83874933;-5,40846395
-13,83374933;-5,03506374
-13,82874933;-5,40846395
-13,82374933;-5,78124952
-13,81874933;-5,40846395
-13,81374933;-5,40846395
-13,80874933;-5,96764231
-13,80374933;-5,59485722
-13,79874933;-5,96764231
-13,79374934;-4,66227818
-13,78874934;-3,72969961
-13,78374934;-3,54330683
-13,77874934;-2,61072826
-13,77374934;-2,42433548
-13,76874934;-1,49175680
-13,76374934;-2,05093503
-13,75874934;-1,30536413
-13,75374934;-0,74557084
-13,74874934;-0,93196356
-13,74374934;-1,30536413
-13,73874934;-1,30536413
-13,73374934;-1,11897147
-13,72874934;-0,93196356
-13,72374934;-0,55917817
-13,71874934;-1,30536413
-13,71374934;-1,49175680
-13,70874934;-1,30536413
-13,70374934;-0,74557084
-13,69874934;-1,11897147
-13,69374934;-0,74557084
-13,68874934;-0,74557084
-13,68374934;-0,37278542
-13,67874934;0,18639271
-13,67374934;0,55917817
-13,66874934;1,30536413
-13,66374934;0,55917817
-13,65874934;1,30536413
-13,65374934;2,05093503
-13,64874934;1,86454225
-13,64374934;1,86454225
-13,63874934;3,35691428
-13,63374934;2,98351359
-13,62874934;2,98351359
-13,62374934;2,98351359
-13,61874934;3,35691428
-13,61374934;2,98351359
-13,60874934;3,35691428
-13,60374934;3,91609240
-13,59874934;4,10248518
-13,59374934;4,28949261
-13,58874934;4,66227818
-13,58374934;4,28949261
-13,57874934;4,10248518
-13,57374934;4,66227818
-13,56874934;3,91609240
-13,56374934;4,47588587
-13,55874934;5,03506374
-13,55374934;4,28949261
-13,54874934;3,91609240
-13,54374934;3,91609240
-13,53874934;3,72969961
-13,53374934;4,10248518
-13,52874934;3,35691428
-13,52374934;3,54330683
-13,51874934;4,10248518
-13,51374934;3,72969961
-13,50874934;3,91609240
-13,50374934;3,91609240
-13,49874934;3,72969961
-13,49374934;3,91609240
-13,48874934;4,28949261
-13,48374934;4,66227818
-13,47874934;4,66227818
-13,47374934;4,84867096
-13,46874934;4,66227818
-13,46374934;4,66227818
-13,45874934;4,28949261
-13,45374934;4,66227818
-13,44874934;4,84867096
-13,44374934;4,28949261
-13,43874934;4,28949261
-13,43374934;4,28949261
-13,42874934;3,72969961
-13,42374934;3,35691428
-13,41874934;2,79712105
-13,41374934;3,54330683
-13,40874934;2,79712105
-13,40374934;3,35691428
-13,39874934;2,23794293
-13,39374935;2,79712105
-13,38874935;2,23794293
-13,38374935;2,05093503
-13,37874935;2,05093503
-13,37374935;2,61072826
-13,36874935;2,79712105
-13,36374935;2,42433548
-13,35874935;2,61072826
-13,35374935;2,61072826
-13,34874935;1,49175680
-13,34374935;2,42433548
-13,33874935;2,23794293
-13,33374935;2,23794293
-13,32874935;1,30536413
-13,32374935;1,86454225
-13,31874935;1,11897147
-13,31374935;1,11897147
-13,30874935;0,93196356
-13,30374935;0,93196356
-13,29874935;0,55917817
-13,29374935;0,55917817
-13,28874935;0,93196356
-13,28374935;0,37278542
-13,27874935;0,55917817
-13,27374935;0,55917817
-13,26874935;1,11897147
-13,26374935;1,11897147
-13,25874935;1,11897147
-13,25374935;0,74557084
-13,24874935;1,67814958
-13,24374935;1,30536413
-13,23874935;0,93196356
-13,23374935;1,49175680
-13,22874935;0,93196356
-13,22374935;0,93196356
-13,21874935;1,11897147
-13,21374935;0,93196356
-13,20874935;1,67814958
-13,20374935;1,11897147
-13,19874935;1,30536413
-13,19374935;2,79712105
-13,18874935;1,49175680
-13,18374935;1,49175680
-13,17874935;1,30536413
-13,17374935;1,49175680
-13,16874935;1,86454225
-13,16374935;2,05093503
-13,15874935;1,30536413
-13,15374935;2,05093503
-13,14874935;1,86454225
-13,14374935;1,86454225
-13,13874935;1,86454225
-13,13374935;1,86454225
-13,12874935;2,05093503
-13,12374935;1,86454225
-13,11874935;2,05093503
-13,11374935;1,49175680
-13,10874935;0,93196356
-13,10374935;1,49175680
-13,09874935;1,11897147
-13,09374935;1,49175680
-13,08874935;0,18639271
-13,08374935;1,30536413
-13,07874935;0,74557084
-13,07374935;1,11897147
-13,06874935;1,49175680
-13,06374935;0,18639271
-13,05874935;1,11897147
-13,05374935;1,49175680
-13,04874935;2,05093503
-13,04374935;1,11897147
-13,03874935;0,55917817
-13,03374935;0,93196356
-13,02874935;0,74557084
-13,02374935;0,55917817
-13,01874935;0,93196356
-13,01374935;0,55917817
-13,00874935;0,37278542
-13,00374935;0,18639271
-12,99874936;-0,37278542
-12,99374936;-0,37278542
-12,98874936;-0,74557084
-12,98374936;-0,55917817
-12,97874936;-0,74557084
-12,97374936;-1,30536413
-12,96874936;-0,74557084
-12,96374936;-1,30536413
-12,95874936;-2,05093503
-12,95374936;-2,61072826
-12,94874936;-2,23794293
-12,94374936;-2,79712105
-12,93874936;-2,98351359
-12,93374936;-2,79712105
-12,92874936;-3,17052150
-12,92374936;-3,17052150
-12,91874936;-3,54330683
-12,91374936;-2,61072826
-12,90874936;-3,54330683
-12,90374936;-2,61072826
-12,89874936;-3,54330683
-12,89374936;-2,61072826
-12,88874936;-2,05093503
-12,88374936;-2,05093503
-12,87874936;-2,05093503
-12,87374936;-1,86454225
-12,86874936;-2,23794293
-12,86374936;-2,23794293
-12,85874936;-2,61072826
-12,85374936;-2,61072826
-12,84874936;-4,28949261
-12,84374936;-4,10248518
-12,83874936;-4,10248518
-12,83374936;-5,96764231
-12,82874936;-5,03506374
-12,82374936;-5,59485722
-12,81874936;-7,27362204
-12,81374936;-6,34104300
-12,80874936;-5,96764231
-12,80374936;-6,34104300
-12,79874936;-6,34104300
-12,79374936;-6,15403509
-12,78874936;-5,22207165
-12,78374936;-5,40846395
-12,77874936;-4,28949261
-12,77374936;-3,72969961
-12,76874936;-3,17052150
-12,76374936;-3,17052150
-12,75874936;-2,61072826
-12,75374936;-2,23794293
-12,74874936;-2,23794293
-12,74374936;-1,86454225
-12,73874936;-2,61072826
-12,73374936;-2,23794293
-12,72874936;-2,79712105
-12,72374936;-2,79712105
-12,71874936;-2,61072826
-12,71374936;-2,98351359
-12,70874936;-2,61072826
-12,70374936;-2,61072826
-12,69874936;-2,05093503
-12,69374936;-2,05093503
-12,68874936;-1,86454225
-12,68374936;-1,11897147
-12,67874936;-1,11897147
-12,67374936;-0,74557084
-12,66874936;0,00000000
-12,66374936;0,18639271
-12,65874936;0,55917817
-12,65374936;1,11897147
-12,64874936;0,55917817
-12,64374936;1,67814958
-12,63874936;1,11897147
-12,63374936;1,11897147
-12,62874936;2,05093503
-12,62374936;1,49175680
-12,61874936;1,86454225
-12,61374936;1,67814958
-12,60874936;1,86454225
-12,60374937;2,05093503
-12,59874937;2,79712105
-12,59374937;3,17052150
-12,58874937;2,98351359
-12,58374937;3,35691428
-12,57874937;3,72969961
-12,57374937;4,84867096
-12,56874937;4,10248518
-12,56374937;4,28949261
-12,55874937;4,47588587
-12,55374937;4,28949261
-12,54874937;3,91609240
-12,54374937;4,28949261
-12,53874937;4,28949261
-12,53374937;3,72969961
-12,52874937;3,54330683
-12,52374937;3,54330683
-12,51874937;3,17052150
-12,51374937;4,10248518
-12,50874937;2,98351359
-12,50374937;2,79712105
-12,49874937;2,98351359
-12,49374937;2,98351359
-12,48874937;2,79712105
-12,48374937;3,54330683
-12,47874937;3,17052150
-12,47374937;3,35691428
-12,46874937;3,35691428
-12,46374937;3,91609240
-12,45874937;3,54330683
-12,45374937;3,72969961
-12,44874937;2,98351359
-12,44374937;2,98351359
-12,43874937;2,79712105
-12,43374937;1,86454225
-12,42874937;2,79712105
-12,42374937;2,05093503
-12,41874937;1,49175680
-12,41374937;1,67814958
-12,40874937;0,93196356
-12,40374937;0,93196356
-12,39874937;0,37278542
-12,39374937;0,37278542
-12,38874937;0,18639271
-12,38374937;0,55917817
-12,37874937;-0,37278542
-12,37374937;-0,37278542
-12,36874937;-0,74557084
-12,36374937;-0,37278542
-12,35874937;-1,11897147
-12,35374937;-1,11897147
-12,34874937;-1,67814958
-12,34374937;-1,30536413
-12,33874937;-1,67814958
-12,33374937;-1,49175680
-12,32874937;-2,05093503
-12,32374937;-2,61072826
-12,31874937;-2,98351359
-12,31374937;-3,17052150
-12,30874937;-3,54330683
-12,30374937;-3,54330683
-12,29874937;-4,28949261
-12,29374937;-4,84867096
-12,28874937;-4,84867096
-12,28374937;-4,66227818
-12,27874937;-4,84867096
-12,27374937;-4,10248518
-12,26874937;-5,03506374
-12,26374937;-5,59485722
-12,25874937;-5,40846395
-12,25374937;-5,78124952
-12,24874937;-5,78124952
-12,24374937;-5,96764231
-12,23874937;-6,52743578
-12,23374937;-7,27362204
-12,22874937;-6,71382856
-12,22374937;-5,96764231
-12,21874937;-6,90022135
-12,21374937;-6,52743578
-12,20874938;-6,15403509
-12,20374938;-5,96764231
-12,19874938;-5,78124952
-12,19374938;-5,40846395
-12,18874938;-5,40846395
-12,18374938;-4,47588587
-12,17874938;-3,91609240
-12,17374938;-3,54330683
-12,16874938;-3,17052150
-12,16374938;-3,35691428
-12,15874938;-3,17052150
-12,15374938;-2,79712105
-12,14874938;-3,35691428
-12,14374938;-3,35691428
-12,13874938;-3,91609240
-12,13374938;-3,91609240
-12,12874938;-4,10248518
-12,12374938;-4,47588587
-12,11874938;-5,40846395
-12,11374938;-5,22207165
-12,10874938;-4,84867096
-12,10374938;-5,03506374
-12,09874938;-5,40846395
-12,09374938;-4,84867096
-12,08874938;-5,03506374
-12,08374938;-4,47588587
-12,07874938;-4,66227818
-12,07374938;-3,91609240
-12,06874938;-3,35691428
-12,06374938;-3,17052150
-12,05874938;-2,79712105
-12,05374938;-2,23794293
-12,04874938;-2,61072826
-12,04374938;-2,23794293
-12,03874938;-1,67814958
-12,03374938;-2,23794293
-12,02874938;-1,86454225
-12,02374938;-1,67814958
-12,01874938;-1,11897147
-12,01374938;-1,30536413
-12,00874938;-1,67814958
-12,00374938;-1,11897147
-11,99874938;-1,49175680
-11,99374938;-1,67814958
-11,98874938;-0,74557084
-11,98374938;0,00000000
-11,97874938;0,18639271
-11,97374938;0,00000000
-11,96874938;0,55917817
-11,96374938;1,30536413
-11,95874938;1,11897147
-11,95374938;1,67814958
-11,94874938;1,86454225
-11,94374938;1,86454225
-11,93874938;2,05093503
-11,93374938;2,98351359
-11,92874938;3,17052150
-11,92374938;3,17052150
-11,91874938;2,42433548
-11,91374938;3,35691428
-11,90874938;2,79712105
-11,90374938;3,72969961
-11,89874938;1,67814958
-11,89374938;3,35691428
-11,88874938;3,17052150
-11,88374938;3,91609240
-11,87874938;3,91609240
-11,87374938;3,54330683
-11,86874938;3,35691428
-11,86374938;3,72969961
-11,85874938;3,91609240
-11,85374938;4,28949261
-11,84874938;3,54330683
-11,84374938;4,66227818
-11,83874938;4,66227818
-11,83374938;4,28949261
-11,82874938;4,10248518
-11,82374938;3,91609240
-11,81874938;3,72969961
-11,81374939;4,66227818
-11,80874939;3,72969961
-11,80374939;4,10248518
-11,79874939;3,72969961
-11,79374939;3,91609240
-11,78874939;4,10248518
-11,78374939;4,28949261
-11,77874939;4,28949261
-11,77374939;4,84867096
-11,76874939;5,59485722
-11,76374939;4,66227818
-11,75874939;4,66227818
-11,75374939;4,28949261
-11,74874939;4,47588587
-11,74374939;4,84867096
-11,73874939;4,28949261
-11,73374939;4,66227818
-11,72874939;3,72969961
-11,72374939;4,10248518
-11,71874939;3,17052150
-11,71374939;2,98351359
-11,70874939;2,98351359
-11,70374939;3,17052150
-11,69874939;2,42433548
-11,69374939;2,79712105
-11,68874939;2,42433548
-11,68374939;2,79712105
-11,67874939;2,61072826
-11,67374939;2,79712105
-11,66874939;2,05093503
-11,66374939;2,23794293
-11,65874939;2,42433548
-11,65374939;2,42433548
-11,64874939;2,42433548
-11,64374939;2,05093503
-11,63874939;1,49175680
-11,63374939;0,93196356
-11,62874939;1,11897147
-11,62374939;1,30536413
-11,61874939;-0,74557084
-11,61374939;0,74557084
-11,60874939;0,18639271
-11,60374939;0,18639271
-11,59874939;0,55917817
-11,59374939;0,93196356
-11,58874939;0,00000000
-11,58374939;0,93196356
-11,57874939;0,00000000
-11,57374939;0,55917817
-11,56874939;0,18639271
-11,56374939;1,11897147
-11,55874939;0,55917817
-11,55374939;0,74557084
-11,54874939;0,18639271
-11,54374939;0,74557084
-11,53874939;0,93196356
-11,53374939;0,55917817
-11,52874939;0,93196356
-11,52374939;0,55917817
-11,51874939;0,74557084
-11,51374939;1,11897147
-11,50874939;2,42433548
-11,50374939;1,30536413
-11,49874939;1,11897147
-11,49374939;1,86454225
-11,48874939;1,11897147
-11,48374939;0,18639271
-11,47874939;2,23794293
-11,47374939;1,67814958
-11,46874939;2,79712105
-11,46374939;2,05093503
-11,45874939;2,05093503
-11,45374939;2,05093503
-11,44874939;2,23794293
-11,44374939;2,23794293
-11,43874939;2,23794293
-11,43374939;2,05093503
-11,42874939;2,42433548
-11,42374939;1,86454225
-11,41874940;2,05093503
-11,41374940;1,86454225
-11,40874940;1,11897147
-11,40374940;1,86454225
-11,39874940;0,93196356
-11,39374940;1,30536413
-11,38874940;1,49175680
-11,38374940;1,30536413
-11,37874940;1,49175680
-11,37374940;1,67814958
-11,36874940;1,11897147
-11,36374940;1,86454225
-11,35874940;1,67814958
-11,35374940;1,67814958
-11,34874940;2,05093503
-11,34374940;1,67814958
-11,33874940;1,86454225
-11,33374940;2,42433548
-11,32874940;1,30536413
-11,32374940;2,05093503
-11,31874940;1,11897147
-11,31374940;1,30536413
-11,30874940;0,93196356
-11,30374940;0,74557084
-11,29874940;0,55917817
-11,29374940;0,18639271
-11,28874940;0,18639271
-11,28374940;0,18639271
-11,27874940;-1,11897147
-11,27374940;-0,37278542
-11,26874940;-0,74557084
-11,26374940;-2,23794293
-11,25874940;-1,67814958
-11,25374940;-1,67814958
-11,24874940;-1,86454225
-11,24374940;-2,23794293
-11,23874940;-2,61072826
-11,23374940;-2,98351359
-11,22874940;-3,54330683
-11,22374940;-3,35691428
-11,21874940;-3,35691428
-11,21374940;-3,54330683
-11,20874940;-3,72969961
-11,20374940;-3,54330683
-11,19874940;-3,35691428
-11,19374940;-3,54330683
-11,18874940;-3,17052150
-11,18374940;-2,98351359
-11,17874940;-2,61072826
-11,17374940;-2,42433548
-11,16874940;-2,42433548
-11,16374940;-2,05093503
-11,15874940;-2,23794293
-11,15374940;-2,98351359
-11,14874940;-3,35691428
-11,14374940;-3,35691428
-11,13874940;-3,91609240
-11,13374940;-4,28949261
-11,12874940;-5,03506374
-11,12374940;-5,40846395
-11,11874940;-5,96764231
-11,11374940;-5,96764231
-11,10874940;-6,90022135
-11,10374940;-7,08661366
-11,09874940;-6,71382856
-11,09374940;-6,71382856
-11,08874940;-5,96764231
-11,08374940;-6,34104300
-11,07874940;-5,78124952
-11,07374940;-5,03506374
-11,06874940;-3,91609240
-11,06374940;-4,10248518
-11,05874940;-3,35691428
-11,05374940;-3,17052150
-11,04874940;-3,35691428
-11,04374940;-2,23794293
-11,03874940;-2,23794293
-11,03374940;-2,05093503
-11,02874940;-2,05093503
-11,02374940;-2,42433548
-11,01874941;-2,79712105
-11,01374941;-2,61072826
-11,00874941;-2,79712105
-11,00374941;-2,98351359
-10,99874941;-2,61072826
-10,99374941;-2,42433548
-10,98874941;-2,05093503
-10,98374941;-1,86454225
-10,97874941;-1,30536413
-10,97374941;-0,74557084
-10,96874941;-0,93196356
-10,96374941;0,00000000
-10,95874941;-0,18639271
-10,95374941;0,37278542
-10,94874941;0,74557084
-10,94374941;1,11897147
-10,93874941;1,49175680
-10,93374941;0,93196356
-10,92874941;1,67814958
-10,92374941;1,67814958
-10,91874941;2,05093503
-10,91374941;2,23794293
-10,90874941;2,42433548
-10,90374941;2,98351359
-10,89874941;2,42433548
-10,89374941;2,23794293
-10,88874941;2,79712105
-10,88374941;3,72969961
-10,87874941;3,72969961
-10,87374941;3,72969961
-10,86874941;4,28949261
-10,86374941;3,91609240
-10,85874941;4,66227818
-10,85374941;4,66227818
-10,84874941;4,47588587
-10,84374941;4,47588587
-10,83874941;4,47588587
-10,83374941;4,47588587
-10,82874941;3,91609240
-10,82374941;3,91609240
-10,81874941;4,28949261
-10,81374941;4,28949261
-10,80874941;3,91609240
-10,80374941;3,91609240
-10,79874941;3,72969961
-10,79374941;3,72969961
-10,78874941;3,35691428
-10,78374941;3,72969961
-10,77874941;3,72969961
-10,77374941;3,91609240
-10,76874941;3,72969961
-10,76374941;3,91609240
-10,75874941;4,10248518
-10,75374941;3,72969961
-10,74874941;3,91609240
-10,74374941;3,54330683
-10,73874941;3,35691428
-10,73374941;3,17052150
-10,72874941;2,98351359
-10,72374941;2,98351359
-10,71874941;2,79712105
-10,71374941;2,05093503
-10,70874941;0,93196356
-10,70374941;0,93196356
-10,69874941;1,11897147
-10,69374941;0,55917817
-10,68874941;0,18639271
-10,68374941;0,37278542
-10,67874941;-0,37278542
-10,67374941;-0,37278542
-10,66874941;-0,74557084
-10,66374941;-1,30536413
-10,65874941;-0,93196356
-10,65374941;-0,74557084
-10,64874941;-1,67814958
-10,64374941;-1,30536413
-10,63874941;-2,23794293
-10,63374941;-1,86454225
-10,62874941;-2,98351359
-10,62374942;-2,79712105
-10,61874942;-2,98351359
-10,61374942;-3,91609240
-10,60874942;-3,91609240
-10,60374942;-3,91609240
-10,59874942;-4,47588587
-10,59374942;-5,03506374
-10,58874942;-5,78124952
-10,58374942;-5,03506374
-10,57874942;-5,78124952
-10,57374942;-5,40846395
-10,56874942;-6,15403509
-10,56374942;-5,96764231
-10,55874942;-6,90022135
-10,55374942;-6,52743578
-10,54874942;-6,71382856
-10,54374942;-6,71382856
-10,53874942;-7,64640713
-10,53374942;-6,90022135
-10,52874942;-7,08661366
-10,52374942;-7,27362204
-10,51874942;-7,08661366
-10,51374942;-6,90022135
-10,50874942;-7,27362204
-10,50374942;-6,34104300
-10,49874942;-6,52743578
-10,49374942;-5,59485722
-10,48874942;-5,96764231
-10,48374942;-5,22207165
-10,47874942;-5,03506374
-10,47374942;-4,84867096
-10,46874942;-3,91609240
-10,46374942;-3,54330683
-10,45874942;-3,35691428
-10,45374942;-2,98351359
-10,44874942;-3,54330683
-10,44374942;-3,72969961
-10,43874942;-3,35691428
-10,43374942;-3,91609240
-10,42874942;-4,10248518
-10,42374942;-4,47588587
-10,41874942;-4,47588587
-10,41374942;-5,78124952
-10,40874942;-5,40846395
-10,40374942;-5,40846395
-10,39874942;-5,96764231
-10,39374942;-5,40846395
-10,38874942;-5,40846395
-10,38374942;-4,47588587
-10,37874942;-5,03506374
-10,37374942;-4,47588587
-10,36874942;-4,10248518
-10,36374942;-3,17052150
-10,35874942;-2,23794293
-10,35374942;-2,23794293
-10,34874942;-2,23794293
-10,34374942;-2,05093503
-10,33874942;-1,67814958
-10,33374942;-1,30536413
-10,32874942;-1,11897147
-10,32374942;-1,67814958
-10,31874942;-2,05093503
-10,31374942;-1,30536413
-10,30874942;-2,42433548
-10,30374942;-2,05093503
-10,29874942;-1,67814958
-10,29374942;-0,74557084
-10,28874942;-1,30536413
-10,28374942;-0,93196356
-10,27874942;-1,11897147
-10,27374942;-0,74557084
-10,26874942;-0,37278542
-10,26374942;0,18639271
-10,25874942;0,18639271
-10,25374942;1,11897147
-10,24874942;1,30536413
-10,24374942;1,30536413
-10,23874942;1,30536413
-10,23374942;1,86454225
-10,22874943;2,61072826
-10,22374943;2,05093503
-10,21874943;2,42433548
-10,21374943;2,61072826
-10,20874943;2,98351359
-10,20374943;3,35691428
-10,19874943;2,98351359
-10,19374943;3,35691428
-10,18874943;2,98351359
-10,18374943;3,54330683
-10,17874943;3,35691428
-10,17374943;3,91609240
-10,16874943;3,72969961
-10,16374943;3,54330683
-10,15874943;4,10248518
-10,15374943;3,72969961
-10,14874943;3,91609240
-10,14374943;3,91609240
-10,13874943;3,91609240
-10,13374943;3,91609240
-10,12874943;3,72969961
-10,12374943;3,91609240
-10,11874943;3,35691428
-10,11374943;3,91609240
-10,10874943;3,91609240
-10,10374943;3,35691428
-10,09874943;4,10248518
-10,09374943;5,40846395
-10,08874943;4,28949261
-10,08374943;3,91609240
-10,07874943;4,10248518
-10,07374943;4,28949261
-10,06874943;4,10248518
-10,06374943;4,28949261
-10,05874943;4,66227818
-10,05374943;4,28949261
-10,04874943;5,03506374
-10,04374943;4,47588587
-10,03874943;4,47588587
-10,03374943;3,91609240
-10,02874943;4,28949261
-10,02374943;3,72969961
-10,01874943;4,28949261
-10,01374943;3,54330683
-10,00874943;3,72969961
-10,00374943;3,35691428
-9,99874943;3,17052150
-9,99374943;2,79712105
-9,98874943;2,42433548
-9,98374943;2,42433548
-9,97874943;0,93196356
-9,97374943;2,61072826
-9,96874943;2,42433548
-9,96374943;2,42433548
-9,95874943;2,05093503
-9,95374943;2,79712105
-9,94874943;1,67814958
-9,94374943;2,05093503
-9,93874943;2,05093503
-9,93374943;1,49175680
-9,92874943;0,93196356
-9,92374943;1,49175680
-9,91874943;0,55917817
-9,91374943;0,74557084
-9,90874943;1,11897147
-9,90374943;0,18639271
-9,89874943;0,18639271
-9,89374943;1,49175680
-9,88874943;-0,37278542
-9,88374943;0,18639271
-9,87874943;-0,18639271
-9,87374943;0,18639271
-9,86874943;0,18639271
-9,86374943;0,37278542
-9,85874943;0,93196356
-9,85374943;1,11897147
-9,84874943;0,55917817
-9,84374943;0,55917817
-9,83874943;0,55917817
-9,83374944;0,93196356
-9,82874944;0,55917817
-9,82374944;0,74557084
-9,81874944;0,55917817
-9,81374944;0,00000000
-9,80874944;0,93196356
-9,80374944;0,55917817
-9,79874944;0,55917817
-9,79374944;0,93196356
-9,78874944;0,18639271
-9,78374944;0,18639271
-9,77874944;0,55917817
-9,77374944;1,11897147
-9,76874944;1,11897147
-9,76374944;0,55917817
-9,75874944;1,11897147
-9,75374944;1,30536413
-9,74874944;1,11897147
-9,74374944;1,86454225
-9,73874944;1,67814958
-9,73374944;1,30536413
-9,72874944;2,05093503
-9,72374944;1,86454225
-9,71874944;1,86454225
-9,71374944;1,67814958
-9,70874944;1,49175680
-9,70374944;1,49175680
-9,69874944;1,49175680
-9,69374944;0,93196356
-9,68874944;1,11897147
-9,68374944;1,49175680
-9,67874944;1,30536413
-9,67374944;1,67814958
-9,66874944;0,93196356
-9,66374944;1,30536413
-9,65874944;1,11897147
-9,65374944;1,30536413
-9,64874944;1,49175680
-9,64374944;1,11897147
-9,63874944;1,11897147
-9,63374944;1,11897147
-9,62874944;1,11897147
-9,62374944;1,11897147
-9,61874944;0,37278542
-9,61374944;0,55917817
-9,60874944;1,11897147
-9,60374944;0,55917817
-9,59874944;0,00000000
-9,59374944;0,00000000
-9,58874944;0,18639271
-9,58374944;0,00000000
-9,57874944;-0,37278542
-9,57374944;0,00000000
-9,56874944;-0,37278542
-9,56374944;-0,18639271
-9,55874944;-1,67814958
-9,55374944;-1,30536413
-9,54874944;-1,67814958
-9,54374944;-1,67814958
-9,53874944;-2,42433548
-9,53374944;-2,61072826
-9,52874944;-3,35691428
-9,52374944;-2,98351359
-9,51874944;-3,72969961
-9,51374944;-3,91609240
-9,50874944;-3,91609240
-9,50374944;-2,98351359
-9,49874944;-3,17052150
-9,49374944;-2,61072826
-9,48874944;-2,98351359
-9,48374944;-3,54330683
-9,47874944;-2,98351359
-9,47374944;-2,23794293
-9,46874944;-2,23794293
-9,46374944;-1,67814958
-9,45874944;-2,05093503
-9,45374944;-1,86454225
-9,44874944;-2,23794293
-9,44374944;-2,61072826
-9,43874945;-2,79712105
-9,43374945;-3,72969961
-9,42874945;-3,72969961
-9,42374945;-5,03506374
-9,41874945;-5,22207165
-9,41374945;-5,78124952
-9,40874945;-6,34104300
-9,40374945;-6,71382856
-9,39874945;-7,27362204
-9,39374945;-6,71382856
-9,38874945;-7,08661366
-9,38374945;-6,71382856
-9,37874945;-5,96764231
-9,37374945;-5,78124952
-9,36874945;-5,03506374
-9,36374945;-4,28949261
-9,35874945;-4,47588587
-9,35374945;-3,54330683
-9,34874945;-3,17052150
-9,34374945;-2,61072826
-9,33874945;-2,98351359
-9,33374945;-2,79712105
-9,32874945;-2,61072826
-9,32374945;-2,61072826
-9,31874945;-2,98351359
-9,31374945;-2,79712105
-9,30874945;-2,98351359
-9,30374945;-2,98351359
-9,29874945;-2,79712105
-9,29374945;-3,54330683
-9,28874945;-2,61072826
-9,28374945;-2,23794293
-9,27874945;-1,86454225
-9,27374945;-1,30536413
-9,26874945;-1,11897147
-9,26374945;-0,55917817
-9,25874945;0,00000000
-9,25374945;0,18639271
-9,24874945;0,18639271
-9,24374945;0,55917817
-9,23874945;0,55917817
-9,23374945;1,11897147
-9,22874945;0,93196356
-9,22374945;1,30536413
-9,21874945;1,11897147
-9,21374945;1,49175680
-9,20874945;2,05093503
-9,20374945;2,42433548
-9,19874945;2,42433548
-9,19374945;2,23794293
-9,18874945;2,05093503
-9,18374945;2,79712105
-9,17874945;2,98351359
-9,17374945;3,35691428
-9,16874945;2,98351359
-9,16374945;4,10248518
-9,15874945;3,91609240
-9,15374945;4,28949261
-9,14874945;4,28949261
-9,14374945;3,72969961
-9,13874945;4,28949261
-9,13374945;4,47588587
-9,12874945;5,03506374
-9,12374945;3,91609240
-9,11874945;4,84867096
-9,11374945;3,72969961
-9,10874945;3,72969961
-9,10374945;4,28949261
-9,09874945;2,98351359
-9,09374945;2,98351359
-9,08874945;3,35691428
-9,08374945;2,98351359
-9,07874945;2,79712105
-9,07374945;3,91609240
-9,06874945;3,91609240
-9,06374945;3,72969961
-9,05874945;3,91609240
-9,05374945;3,91609240
-9,04874945;3,91609240
-9,04374945;3,72969961
-9,03874946;3,35691428
-9,03374946;3,91609240
-9,02874946;2,79712105
-9,02374946;3,72969961
-9,01874946;2,79712105
-9,01374946;2,42433548
-9,00874946;2,42433548
-9,00374946;1,49175680
-8,99874946;1,30536413
-8,99374946;1,11897147
-8,98874946;0,55917817
-8,98374946;0,93196356
-8,97874946;0,55917817
-8,97374946;0,37278542
-8,96874946;-0,37278542
-8,96374946;-0,37278542
-8,95874946;-0,55917817
-8,95374946;-0,55917817
-8,94874946;-1,11897147
-8,94374946;-1,11897147
-8,93874946;-1,67814958
-8,93374946;-1,30536413
-8,92874946;-1,67814958
-8,92374946;-1,86454225
-8,91874946;-2,42433548
-8,91374946;-2,61072826
-8,90874946;-2,98351359
-8,90374946;-3,91609240
-8,89874946;-3,91609240
-8,89374946;-4,84867096
-8,88874946;-5,03506374
-8,88374946;-5,22207165
-8,87874946;-4,47588587
-8,87374946;-6,15403509
-8,86874946;-5,40846395
-8,86374946;-6,34104300
-8,85874946;-5,96764231
-8,85374946;-6,34104300
-8,84874946;-5,96764231
-8,84374946;-6,52743578
-8,83874946;-6,71382856
-8,83374946;-6,34104300
-8,82874946;-7,27362204
-8,82374946;-6,71382856
-8,81874946;-7,27362204
-8,81374946;-7,27362204
-8,80874946;-6,34104300
-8,80374946;-7,08661366
-8,79874946;-6,15403509
-8,79374946;-6,34104300
-8,78874946;-6,15403509
-8,78374946;-5,78124952
-8,77874946;-5,03506374
-8,77374946;-5,03506374
-8,76874946;-4,47588587
-8,76374946;-3,54330683
-8,75874946;-3,54330683
-8,75374946;-3,17052150
-8,74874946;-3,35691428
-8,74374946;-3,17052150
-8,73874946;-2,98351359
-8,73374946;-2,98351359
-8,72874946;-3,17052150
-8,72374946;-3,91609240
-8,71874946;-4,10248518
-8,71374946;-4,66227818
-8,70874946;-4,66227818
-8,70374946;-5,40846395
-8,69874946;-5,22207165
-8,69374946;-5,78124952
-8,68874946;-5,40846395
-8,68374946;-5,59485722
-8,67874946;-4,84867096
-8,67374946;-4,84867096
-8,66874946;-5,22207165
-8,66374946;-4,84867096
-8,65874946;-3,17052150
-8,65374946;-2,98351359
-8,64874946;-2,79712105
-8,64374947;-2,98351359
-8,63874947;-2,98351359
-8,63374947;-1,67814958
-8,62874947;-1,11897147
-8,62374947;-1,86454225
-8,61874947;-1,30536413
-8,61374947;-1,67814958
-8,60874947;-1,30536413
-8,60374947;-1,67814958
-8,59874947;-2,05093503
-8,59374947;-0,93196356
-8,58874947;-2,05093503
-8,58374947;-1,67814958
-8,57874947;-0,93196356
-8,57374947;-0,74557084
-8,56874947;-0,37278542
-8,56374947;0,18639271
-8,55874947;0,18639271
-8,55374947;1,11897147
-8,54874947;1,49175680
-8,54374947;1,49175680
-8,53874947;2,05093503
-8,53374947;2,05093503
-8,52874947;2,79712105
-8,52374947;2,79712105
-8,51874947;2,61072826
-8,51374947;3,17052150
-8,50874947;2,98351359
-8,50374947;2,79712105
-8,49874947;3,35691428
-8,49374947;3,91609240
-8,48874947;4,28949261
-8,48374947;3,72969961
-8,47874947;3,17052150
-8,47374947;4,28949261
-8,46874947;4,28949261
-8,46374947;4,84867096
-8,45874947;4,28949261
-8,45374947;4,66227818
-8,44874947;4,28949261
-8,44374947;4,84867096
-8,43874947;4,28949261
-8,43374947;4,66227818
-8,42874947;4,47588587
-8,42374947;3,91609240
-8,41874947;3,91609240
-8,41374947;3,91609240
-8,40874947;3,35691428
-8,40374947;3,35691428
-8,39874947;3,35691428
-8,39374947;3,72969961
-8,38874947;3,35691428
-8,38374947;3,72969961
-8,37874947;3,91609240
-8,37374947;3,91609240
-8,36874947;3,91609240
-8,36374947;4,28949261
-8,35874947;4,66227818
-8,35374947;5,03506374
-8,34874947;4,28949261
-8,34374947;4,66227818
-8,33874947;4,66227818
-8,33374947;4,84867096
-8,32874947;5,22207165
-8,32374947;4,47588587
-8,31874947;4,66227818
-8,31374947;4,28949261
-8,30874947;2,98351359
-8,30374947;3,72969961
-8,29874947;3,72969961
-8,29374947;3,17052150
-8,28874947;2,98351359
-8,28374947;2,61072826
-8,27874947;3,35691428
-8,27374947;2,42433548
-8,26874947;2,42433548
-8,26374947;2,61072826
-8,25874947;2,42433548
-8,25374947;2,79712105
-8,24874948;2,61072826
-8,24374948;2,42433548
-8,23874948;2,05093503
-8,23374948;2,05093503
-8,22874948;2,23794293
-8,22374948;1,67814958
-8,21874948;1,49175680
-8,21374948;1,49175680
-8,20874948;1,11897147
-8,20374948;0,55917817
-8,19874948;0,93196356
-8,19374948;-0,18639271
-8,18874948;0,55917817
-8,18374948;0,18639271
-8,17874948;0,37278542
-8,17374948;-0,37278542
-8,16874948;0,18639271
-8,16374948;0,37278542
-8,15874948;0,18639271
-8,15374948;0,37278542
-8,14874948;0,55917817
-8,14374948;0,55917817
-8,13874948;1,11897147
-8,13374948;0,55917817
-8,12874948;1,11897147
-8,12374948;1,11897147
-8,11874948;1,11897147
-8,11374948;0,55917817
-8,10874948;0,74557084
-8,10374948;0,37278542
-8,09874948;0,93196356
-8,09374948;0,74557084
-8,08874948;0,93196356
-8,08374948;0,93196356
-8,07874948;1,67814958
-8,07374948;1,86454225
-8,06874948;1,86454225
-8,06374948;2,42433548
-8,05874948;2,05093503
-8,05374948;2,42433548
-8,04874948;2,23794293
-8,04374948;1,86454225
-8,03874948;2,42433548
-8,03374948;5,40846395
-8,02874948;1,86454225
-8,02374948;2,61072826
-8,01874948;2,42433548
-8,01374948;1,49175680
-8,00874948;2,05093503
-8,00374948;1,86454225
-7,99874948;1,11897147
-7,99374948;1,86454225
-7,98874948;1,49175680
-7,98374948;1,86454225
-7,97874948;1,49175680
-7,97374948;1,11897147
-7,96874948;0,55917817
-7,96374948;1,67814958
-7,95874948;1,49175680
-7,95374948;1,49175680
-7,94874948;0,93196356
-7,94374948;1,11897147
-7,93874948;1,86454225
-7,93374948;1,49175680
-7,92874948;1,49175680
-7,92374948;0,74557084
-7,91874948;1,11897147
-7,91374948;1,30536413
-7,90874948;1,11897147
-7,90374948;1,11897147
-7,89874948;-0,74557084
-7,89374948;0,18639271
-7,88874948;-0,18639271
-7,88374948;0,18639271
-7,87874948;-0,18639271
-7,87374948;0,18639271
-7,86874948;-0,18639271
-7,86374948;-0,93196356
-7,85874948;-0,74557084
-7,85374949;-1,67814958
-7,84874949;-0,55917817
-7,84374949;-1,30536413
-7,83874949;-2,23794293
-7,83374949;-2,23794293
-7,82874949;-2,79712105
-7,82374949;-1,67814958
-7,81874949;-3,54330683
-7,81374949;-3,17052150
-7,80874949;-2,98351359
-7,80374949;-3,17052150
-7,79874949;-4,10248518
-7,79374949;-4,10248518
-7,78874949;-3,54330683
-7,78374949;-3,91609240
-7,77874949;-3,91609240
-7,77374949;-3,54330683
-7,76874949;-3,17052150
-7,76374949;-2,61072826
-7,75874949;-2,42433548
-7,75374949;-2,23794293
-7,74874949;-2,23794293
-7,74374949;-2,23794293
-7,73874949;-3,17052150
-7,73374949;-3,17052150
-7,72874949;-3,91609240
-7,72374949;-3,91609240
-7,71874949;-5,03506374
-7,71374949;-5,40846395
-7,70874949;-5,59485722
-7,70374949;-6,15403509
-7,69874949;-6,34104300
-7,69374949;-6,90022135
-7,68874949;-6,34104300
-7,68374949;-7,08661366
-7,67874949;-6,71382856
-7,67374949;-5,78124952
-7,66874949;-5,59485722
-7,66374949;-5,03506374
-7,65874949;-4,84867096
-7,65374949;-4,47588587
-7,64874949;-3,91609240
-7,64374949;-3,54330683
-7,63874949;-2,61072826
-7,63374949;-3,17052150
-7,62874949;-2,23794293
-7,62374949;-1,49175680
-7,61874949;-2,05093503
-7,61374949;-2,05093503
-7,60874949;-2,42433548
-7,60374949;-2,42433548
-7,59874949;-2,61072826
-7,59374949;-2,23794293
-7,58874949;-2,61072826
-7,58374949;-2,42433548
-7,57874949;-2,23794293
-7,57374949;-2,23794293
-7,56874949;-1,67814958
-7,56374949;-1,67814958
-7,55874949;-1,11897147
-7,55374949;-1,30536413
-7,54874949;-0,37278542
-7,54374949;0,37278542
-7,53874949;0,55917817
-7,53374949;1,11897147
-7,52874949;1,49175680
-7,52374949;2,05093503
-7,51874949;1,49175680
-7,51374949;1,86454225
-7,50874949;1,49175680
-7,50374949;1,86454225
-7,49874949;2,42433548
-7,49374949;2,05093503
-7,48874949;2,05093503
-7,48374949;2,61072826
-7,47874949;3,17052150
-7,47374949;2,98351359
-7,46874949;3,91609240
-7,46374949;3,91609240
-7,45874950;2,98351359
-7,45374950;3,91609240
-7,44874950;4,10248518
-7,44374950;4,47588587
-7,43874950;4,66227818
-7,43374950;4,66227818
-7,42874950;4,47588587
-7,42374950;4,28949261
-7,41874950;4,84867096
-7,41374950;3,91609240
-7,40874950;4,28949261
-7,40374950;4,28949261
-7,39874950;4,28949261
-7,39374950;3,54330683
-7,38874950;4,10248518
-7,38374950;3,35691428
-7,37874950;3,17052150
-7,37374950;3,35691428
-7,36874950;3,35691428
-7,36374950;3,17052150
-7,35874950;2,61072826
-7,35374950;2,98351359
-7,34874950;3,35691428
-7,34374950;3,17052150
-7,33874950;3,72969961
-7,33374950;3,35691428
-7,32874950;3,35691428
-7,32374950;2,98351359
-7,31874950;2,98351359
-7,31374950;2,79712105
-7,30874950;2,42433548
-7,30374950;2,05093503
-7,29874950;1,86454225
-7,29374950;0,93196356
-7,28874950;0,55917817
-7,28374950;0,37278542
-7,27874950;0,93196356
-7,27374950;-0,18639271
-7,26874950;-0,37278542
-7,26374950;0,18639271
-7,25874950;-0,74557084
-7,25374950;-1,11897147
-7,24874950;-1,30536413
-7,24374950;-1,30536413
-7,23874950;-0,93196356
-7,23374950;-0,55917817
-7,22874950;-1,11897147
-7,22374950;-1,86454225
-7,21874950;-2,05093503
-7,21374950;-2,23794293
-7,20874950;-2,42433548
-7,20374950;-2,61072826
-7,19874950;-3,35691428
-7,19374950;-3,35691428
-7,18874950;-4,28949261
-7,18374950;-4,47588587
-7,17874950;-4,66227818
-7,17374950;-4,47588587
-7,16874950;-5,03506374
-7,16374950;-5,40846395
-7,15874950;-5,78124952
-7,15374950;-5,78124952
-7,14874950;-5,78124952
-7,14374950;-5,78124952
-7,13874950;-6,15403509
-7,13374950;-6,34104300
-7,12874950;-6,15403509
-7,12374950;-6,34104300
-7,11874950;-6,15403509
-7,11374950;-7,08661366
-7,10874950;-6,34104300
-7,10374950;-6,90022135
-7,09874950;-6,34104300
-7,09374950;-6,52743578
-7,08874950;-6,15403509
-7,08374950;-5,40846395
-7,07874950;-5,03506374
-7,07374950;-4,28949261
-7,06874950;-4,84867096
-7,06374951;-4,10248518
-7,05874951;-4,10248518
-7,05374951;-3,91609240
-7,04874951;-3,35691428
-7,04374951;-2,98351359
-7,03874951;-3,35691428
-7,03374951;-2,98351359
-7,02874951;-3,35691428
-7,02374951;-3,35691428
-7,01874951;-4,10248518
-7,01374951;-4,47588587
-7,00874951;-4,28949261
-7,00374951;-5,03506374
-6,99874951;-5,40846395
-6,99374951;-5,96764231
-6,98874951;-6,52743578
-6,98374951;-5,22207165
-6,97874951;-5,40846395
-6,97374951;-5,40846395
-6,96874951;-5,03506374
-6,96374951;-4,10248518
-6,95874951;-3,91609240
-6,95374951;-3,72969961
-6,94874951;-3,72969961
-6,94374951;-2,79712105
-6,93874951;-2,23794293
-6,93374951;-2,23794293
-6,92874951;-2,23794293
-6,92374951;-2,23794293
-6,91874951;-1,86454225
-6,91374951;-1,30536413
-6,90874951;-1,11897147
-6,90374951;-1,30536413
-6,89874951;-0,93196356
-6,89374951;-2,05093503
-6,88874951;-1,30536413
-6,88374951;-1,30536413
-6,87874951;0,00000000
-6,87374951;-0,74557084
-6,86874951;2,23794293
-6,86374951;-0,55917817
-6,85874951;-0,37278542
-6,85374951;-0,37278542
-6,84874951;1,11897147
-6,84374951;0,55917817
-6,83874951;1,11897147
-6,83374951;1,49175680
-6,82874951;1,11897147
-6,82374951;1,86454225
-6,81874951;2,05093503
-6,81374951;2,42433548
-6,80874951;2,42433548
-6,80374951;2,98351359
-6,79874951;2,79712105
-6,79374951;3,35691428
-6,78874951;2,98351359
-6,78374951;3,72969961
-6,77874951;3,17052150
-6,77374951;2,98351359
-6,76874951;3,72969961
-6,76374951;3,91609240
-6,75874951;3,91609240
-6,75374951;3,91609240
-6,74874951;4,10248518
-6,74374951;4,28949261
-6,73874951;4,10248518
-6,73374951;3,72969961
-6,72874951;3,91609240
-6,72374951;4,10248518
-6,71874951;3,91609240
-6,71374951;4,66227818
-6,70874951;3,72969961
-6,70374951;3,72969961
-6,69874951;4,10248518
-6,69374951;3,54330683
-6,68874951;3,35691428
-6,68374951;3,91609240
-6,67874951;2,61072826
-6,67374951;4,28949261
-6,66874951;4,10248518
-6,66374952;3,72969961
-6,65874952;3,91609240
-6,65374952;4,66227818
-6,64874952;4,66227818
-6,64374952;4,28949261
-6,63874952;4,66227818
-6,63374952;5,03506374
-6,62874952;5,03506374
-6,62374952;4,84867096
-6,61874952;4,66227818
-6,61374952;4,66227818
-6,60874952;3,91609240
-6,60374952;4,10248518
-6,59874952;3,91609240
-6,59374952;3,35691428
-6,58874952;2,98351359
-6,58374952;3,17052150
-6,57874952;2,42433548
-6,57374952;2,98351359
-6,56874952;2,42433548
-6,56374952;2,79712105
-6,55874952;2,23794293
-6,55374952;2,05093503
-6,54874952;2,61072826
-6,54374952;2,61072826
-6,53874952;2,42433548
-6,53374952;2,05093503
-6,52874952;1,49175680
-6,52374952;2,05093503
-6,51874952;1,86454225
-6,51374952;1,11897147
-6,50874952;1,49175680
-6,50374952;1,11897147
-6,49874952;0,93196356
-6,49374952;0,55917817
-6,48874952;0,74557084
-6,48374952;0,00000000
-6,47874952;0,00000000
-6,47374952;0,00000000
-6,46874952;0,18639271
-6,46374952;-0,37278542
-6,45874952;0,93196356
-6,45374952;0,18639271
-6,44874952;-0,18639271
-6,44374952;0,18639271
-6,43874952;0,55917817
-6,43374952;0,93196356
-6,42874952;0,18639271
-6,42374952;1,11897147
-6,41874952;0,55917817
-6,41374952;1,30536413
-6,40874952;0,93196356
-6,40374952;1,11897147
-6,39874952;0,55917817
-6,39374952;0,74557084
-6,38874952;0,55917817
-6,38374952;0,55917817
-6,37874952;0,55917817
-6,37374952;1,11897147
-6,36874952;0,93196356
-6,36374952;1,67814958
-6,35874952;1,30536413
-6,35374952;1,49175680
-6,34874952;1,49175680
-6,34374952;1,86454225
-6,33874952;1,49175680
-6,33374952;1,67814958
-6,32874952;1,30536413
-6,32374952;1,49175680
-6,31874952;1,49175680
-6,31374952;1,86454225
-6,30874952;2,05093503
-6,30374952;-0,93196356
-6,29874952;0,93196356
-6,29374952;1,11897147
-6,28874952;1,11897147
-6,28374952;0,74557084
-6,27874952;1,11897147
-6,27374952;1,11897147
-6,26874953;0,93196356
-6,26374953;0,55917817
-6,25874953;0,55917817
-6,25374953;1,49175680
-6,24874953;1,49175680
-6,24374953;1,49175680
-6,23874953;0,55917817
-6,23374953;1,49175680
-6,22874953;1,49175680
-6,22374953;1,49175680
-6,21874953;0,93196356
-6,21374953;1,49175680
-6,20874953;1,49175680
-6,20374953;0,93196356
-6,19874953;0,93196356
-6,19374953;0,00000000
-6,18874953;0,37278542
-6,18374953;0,55917817
-6,17874953;0,55917817
-6,17374953;0,18639271
-6,16874953;0,18639271
-6,16374953;-0,37278542
-6,15874953;-0,18639271
-6,15374953;-0,18639271
-6,14874953;-0,55917817
-6,14374953;-0,74557084
-6,13874953;-1,30536413
-6,13374953;-0,74557084
-6,12874953;-1,67814958
-6,12374953;-2,05093503
-6,11874953;-2,05093503
-6,11374953;-2,05093503
-6,10874953;-2,23794293
-6,10374953;-2,42433548
-6,09874953;-2,79712105
-6,09374953;-2,79712105
-6,08874953;-2,61072826
-6,08374953;-3,17052150
-6,07874953;-2,23794293
-6,07374953;-2,98351359
-6,06874953;-2,61072826
-6,06374953;-2,61072826
-6,05874953;-2,23794293
-6,05374953;-2,23794293
-6,04874953;-2,61072826
-6,04374953;-1,30536413
-6,03874953;-1,86454225
-6,03374953;-1,67814958
-6,02874953;-2,23794293
-6,02374953;-3,17052150
-6,01874953;-5,03506374
-6,01374953;-4,10248518
-6,00874953;-5,03506374
-6,00374953;-5,40846395
-5,99874953;-5,96764231
-5,99374953;-5,78124952
-5,98874953;-6,90022135
-5,98374953;-6,71382856
-5,97874953;-5,96764231
-5,97374953;-6,34104300
-5,96874953;-6,71382856
-5,96374953;-5,59485722
-5,95874953;-5,78124952
-5,95374953;-5,03506374
-5,94874953;-4,47588587
-5,94374953;-4,10248518
-5,93874953;-3,35691428
-5,93374953;-2,79712105
-5,92874953;-2,23794293
-5,92374953;-2,61072826
-5,91874953;-2,05093503
-5,91374953;-2,23794293
-5,90874953;-1,86454225
-5,90374953;-2,42433548
-5,89874953;-2,42433548
-5,89374953;-2,79712105
-5,88874953;-1,86454225
-5,88374953;-2,61072826
-5,87874953;-2,23794293
-5,87374954;-1,86454225
-5,86874954;-1,49175680
-5,86374954;-2,23794293
-5,85874954;-1,67814958
-5,85374954;-1,49175680
-5,84874954;0,00000000
-5,84374954;-0,74557084
-5,83874954;0,18639271
-5,83374954;0,55917817
-5,82874954;1,11897147
-5,82374954;0,93196356
-5,81874954;1,30536413
-5,81374954;1,49175680
-5,80874954;1,49175680
-5,80374954;1,67814958
-5,79874954;1,67814958
-5,79374954;2,42433548
-5,78874954;2,05093503
-5,78374954;2,05093503
-5,77874954;2,05093503
-5,77374954;2,61072826
-5,76874954;2,98351359
-5,76374954;3,35691428
-5,75874954;2,98351359
-5,75374954;3,91609240
-5,74874954;3,35691428
-5,74374954;3,72969961
-5,73874954;3,91609240
-5,73374954;3,72969961
-5,72874954;4,10248518
-5,72374954;3,91609240
-5,71874954;3,91609240
-5,71374954;4,66227818
-5,70874954;4,28949261
-5,70374954;4,47588587
-5,69874954;3,72969961
-5,69374954;3,72969961
-5,68874954;3,91609240
-5,68374954;4,47588587
-5,67874954;2,79712105
-5,67374954;3,72969961
-5,66874954;3,72969961
-5,66374954;3,91609240
-5,65874954;4,66227818
-5,65374954;3,91609240
-5,64874954;3,72969961
-5,64374954;3,72969961
-5,63874954;4,28949261
-5,63374954;4,66227818
-5,62874954;3,91609240
-5,62374954;4,10248518
-5,61874954;3,91609240
-5,61374954;3,72969961
-5,60874954;3,35691428
-5,60374954;2,79712105
-5,59874954;2,98351359
-5,59374954;2,98351359
-5,58874954;2,05093503
-5,58374954;1,86454225
-5,57874954;1,67814958
-5,57374954;1,49175680
-5,56874954;0,74557084
-5,56374954;0,55917817
-5,55874954;0,18639271
-5,55374954;0,18639271
-5,54874954;0,00000000
-5,54374954;0,00000000
-5,53874954;-0,74557084
-5,53374954;-0,74557084
-5,52874954;-1,11897147
-5,52374954;-1,67814958
-5,51874954;-1,11897147
-5,51374954;-2,23794293
-5,50874954;-2,23794293
-5,50374954;-2,98351359
-5,49874954;-2,79712105
-5,49374954;-2,79712105
-5,48874954;-3,91609240
-5,48374954;-4,84867096
-5,47874955;-3,54330683
-5,47374955;-4,84867096
-5,46874955;-4,84867096
-5,46374955;-4,47588587
-5,45874955;-5,40846395
-5,45374955;-5,96764231
-5,44874955;-5,22207165
-5,44374955;-5,96764231
-5,43874955;-5,96764231
-5,43374955;-5,78124952
-5,42874955;-6,15403509
-5,42374955;-5,96764231
-5,41874955;-6,34104300
-5,41374955;-6,15403509
-5,40874955;-6,71382856
-5,40374955;-6,90022135
-5,39874955;-6,34104300
-5,39374955;-6,90022135
-5,38874955;-6,52743578
-5,38374955;-4,47588587
-5,37874955;-6,71382856
-5,37374955;-5,59485722
-5,36874955;-5,03506374
-5,36374955;-5,22207165
-5,35874955;-4,66227818
-5,35374955;-3,91609240
-5,34874955;-3,35691428
-5,34374955;-3,17052150
-5,33874955;-3,17052150
-5,33374955;-3,17052150
-5,32874955;-3,17052150
-5,32374955;-2,98351359
-5,31874955;-3,35691428
-5,31374955;-3,91609240
-5,30874955;-3,91609240
-5,30374955;-4,47588587
-5,29874955;-4,66227818
-5,29374955;-5,40846395
-5,28874955;-5,40846395
-5,28374955;-5,59485722
-5,27874955;-5,78124952
-5,27374955;-5,78124952
-5,26874955;-5,40846395
-5,26374955;-5,40846395
-5,25874955;-4,84867096
-5,25374955;-4,28949261
-5,24874955;-4,66227818
-5,24374955;-3,72969961
-5,23874955;-2,98351359
-5,23374955;-2,23794293
-5,22874955;-2,61072826
-5,22374955;-2,05093503
-5,21874955;-1,11897147
-5,21374955;-1,49175680
-5,20874955;-0,93196356
-5,20374955;-0,37278542
-5,19874955;-1,67814958
-5,19374955;-1,11897147
-5,18874955;-0,37278542
-5,18374955;-1,30536413
-5,17874955;-0,93196356
-5,17374955;-0,93196356
-5,16874955;-0,55917817
-5,16374955;-1,30536413
-5,15874955;-0,37278542
-5,15374955;-0,18639271
-5,14874955;0,37278542
-5,14374955;0,18639271
-5,13874955;0,55917817
-5,13374955;1,11897147
-5,12874955;1,11897147
-5,12374955;1,30536413
-5,11874955;1,67814958
-5,11374955;1,49175680
-5,10874955;2,98351359
-5,10374955;1,86454225
-5,09874955;2,79712105
-5,09374955;2,42433548
-5,08874955;2,98351359
-5,08374956;2,79712105
-5,07874956;2,23794293
-5,07374956;3,91609240
-5,06874956;3,35691428
-5,06374956;4,10248518
-5,05874956;3,72969961
-5,05374956;4,28949261
-5,04874956;4,28949261
-5,04374956;3,91609240
-5,03874956;4,28949261
-5,03374956;3,91609240
-5,02874956;4,28949261
-5,02374956;3,91609240
-5,01874956;3,91609240
-5,01374956;4,47588587
-5,00874956;3,72969961
-5,00374956;4,66227818
-4,99874956;4,28949261
-4,99374956;3,91609240
-4,98874956;3,35691428
-4,98374956;4,10248518
-4,97874956;4,10248518
-4,97374956;4,66227818
-4,96874956;3,91609240
-4,96374956;4,28949261
-4,95874956;3,91609240
-4,95374956;4,28949261
-4,94874956;4,47588587
-4,94374956;4,47588587
-4,93874956;4,84867096
-4,93374956;4,66227818
-4,92874956;4,28949261
-4,92374956;4,84867096
-4,91874956;4,28949261
-4,91374956;4,28949261
-4,90874956;4,10248518
-4,90374956;3,54330683
-4,89874956;4,10248518
-4,89374956;3,72969961
-4,88874956;3,91609240
-4,88374956;3,72969961
-4,87874956;3,72969961
-4,87374956;2,98351359
-4,86874956;2,79712105
-4,86374956;2,42433548
-4,85874956;2,79712105
-4,85374956;2,23794293
-4,84874956;2,05093503
-4,84374956;2,42433548
-4,83874956;2,05093503
-4,83374956;2,23794293
-4,82874956;1,86454225
-4,82374956;2,05093503
-4,81874956;1,86454225
-4,81374956;2,42433548
-4,80874956;1,86454225
-4,80374956;2,05093503
-4,79874956;1,49175680
-4,79374956;0,93196356
-4,78874956;1,11897147
-4,78374956;1,30536413
-4,77874956;0,93196356
-4,77374956;0,93196356
-4,76874956;1,11897147
-4,76374956;0,55917817
-4,75874956;0,93196356
-4,75374956;0,93196356
-4,74874956;1,11897147
-4,74374956;0,93196356
-4,73874956;0,93196356
-4,73374956;0,93196356
-4,72874956;0,93196356
-4,72374956;0,93196356
-4,71874956;0,93196356
-4,71374956;0,74557084
-4,70874956;0,93196356
-4,70374956;0,93196356
-4,69874956;1,49175680
-4,69374956;1,11897147
-4,68874957;1,11897147
-4,68374957;1,11897147
-4,67874957;0,55917817
-4,67374957;1,11897147
-4,66874957;0,93196356
-4,66374957;0,74557084
-4,65874957;1,30536413
-4,65374957;1,49175680
-4,64874957;1,86454225
-4,64374957;2,05093503
-4,63874957;1,49175680
-4,63374957;1,30536413
-4,62874957;1,49175680
-4,62374957;2,05093503
-4,61874957;1,67814958
-4,61374957;1,86454225
-4,60874957;2,42433548
-4,60374957;1,86454225
-4,59874957;2,05093503
-4,59374957;1,67814958
-4,58874957;0,74557084
-4,58374957;1,86454225
-4,57874957;1,49175680
-4,57374957;1,11897147
-4,56874957;1,11897147
-4,56374957;1,86454225
-4,55874957;1,49175680
-4,55374957;0,93196356
-4,54874957;1,30536413
-4,54374957;1,49175680
-4,53874957;1,11897147
-4,53374957;1,49175680
-4,52874957;1,30536413
-4,52374957;1,49175680
-4,51874957;1,49175680
-4,51374957;1,49175680
-4,50874957;1,86454225
-4,50374957;1,67814958
-4,49874957;1,49175680
-4,49374957;1,49175680
-4,48874957;0,93196356
-4,48374957;1,11897147
-4,47874957;0,93196356
-4,47374957;0,93196356
-4,46874957;-0,55917817
-4,46374957;0,93196356
-4,45874957;0,18639271
-4,45374957;-0,18639271
-4,44874957;-0,74557084
-4,44374957;-0,74557084
-4,43874957;-1,11897147
-4,43374957;-1,11897147
-4,42874957;-1,30536413
-4,42374957;-1,30536413
-4,41874957;-1,86454225
-4,41374957;-2,23794293
-4,40874957;-2,42433548
-4,40374957;-2,61072826
-4,39874957;-2,98351359
-4,39374957;-3,17052150
-4,38874957;-3,17052150
-4,38374957;-2,79712105
-4,37874957;-3,91609240
-4,37374957;-2,98351359
-4,36874957;-2,79712105
-4,36374957;-2,61072826
-4,35874957;-2,61072826
-4,35374957;-1,86454225
-4,34874957;-1,67814958
-4,34374957;-2,05093503
-4,33874957;-1,30536413
-4,33374957;-1,67814958
-4,32874957;-2,23794293
-4,32374957;-2,23794293
-4,31874957;-2,98351359
-4,31374957;-3,17052150
-4,30874957;-4,47588587
-4,30374957;-4,28949261
-4,29874957;-5,40846395
-4,29374957;-5,78124952
-4,28874958;-5,40846395
-4,28374958;-6,71382856
-4,27874958;-6,71382856
-4,27374958;-6,90022135
-4,26874958;-5,96764231
-4,26374958;-5,96764231
-4,25874958;-5,96764231
-4,25374958;-5,22207165
-4,24874958;-5,40846395
-4,24374958;-4,28949261
-4,23874958;-3,91609240
-4,23374958;-3,54330683
-4,22874958;-2,79712105
-4,22374958;-2,42433548
-4,21874958;-2,79712105
-4,21374958;-2,42433548
-4,20874958;-2,23794293
-4,20374958;-2,23794293
-4,19874958;-2,61072826
-4,19374958;-2,98351359
-4,18874958;-2,79712105
-4,18374958;-2,79712105
-4,17874958;-3,17052150
-4,17374958;-2,98351359
-4,16874958;-2,23794293
-4,16374958;-2,23794293
-4,15874958;-2,23794293
-4,15374958;-2,05093503
-4,14874958;-1,30536413
-4,14374958;-1,11897147
-4,13874958;-0,37278542
-4,13374958;0,18639271
-4,12874958;0,37278542
-4,12374958;0,00000000
-4,11874958;1,30536413
-4,11374958;1,11897147
-4,10874958;1,11897147
-4,10374958;1,67814958
-4,09874958;1,86454225
-4,09374958;1,86454225
-4,08874958;1,49175680
-4,08374958;2,23794293
-4,07874958;2,05093503
-4,07374958;2,23794293
-4,06874958;2,42433548
-4,06374958;3,91609240
-4,05874958;3,72969961
-4,05374958;3,91609240
-4,04874958;3,72969961
-4,04374958;4,66227818
-4,03874958;4,28949261
-4,03374958;4,47588587
-4,02874958;4,47588587
-4,02374958;4,66227818
-4,01874958;4,66227818
-4,01374958;5,22207165
-4,00874958;4,47588587
-4,00374958;4,84867096
-3,99874958;4,66227818
-3,99374958;4,66227818
-3,98874958;3,72969961
-3,98374958;3,91609240
-3,97874958;3,54330683
-3,97374958;4,28949261
-3,96874958;4,10248518
-3,96374958;2,98351359
-3,95874958;3,72969961
-3,95374958;3,72969961
-3,94874958;3,72969961
-3,94374958;4,66227818
-3,93874958;4,66227818
-3,93374958;4,66227818
-3,92874958;3,91609240
-3,92374958;4,28949261
-3,91874958;4,66227818
-3,91374958;4,47588587
-3,90874958;4,28949261
-3,90374958;3,72969961
-3,89874958;3,54330683
-3,89374959;2,79712105
-3,88874959;2,79712105
-3,88374959;2,98351359
-3,87874959;1,86454225
-3,87374959;1,67814958
-3,86874959;1,49175680
-3,86374959;1,86454225
-3,85874959;1,11897147
-3,85374959;0,93196356
-3,84874959;0,74557084
-3,84374959;0,55917817
-3,83874959;0,18639271
-3,83374959;-0,18639271
-3,82874959;-0,37278542
-3,82374959;-0,55917817
-3,81874959;-0,74557084
-3,81374959;-0,74557084
-3,80874959;-1,67814958
-3,80374959;-1,67814958
-3,79874959;-1,86454225
-3,79374959;-2,23794293
-3,78874959;-2,61072826
-3,78374959;-3,35691428
-3,77874959;-3,91609240
-3,77374959;-4,10248518
-3,76874959;-4,28949261
-3,76374959;-4,84867096
-3,75874959;-5,03506374
-3,75374959;-5,59485722
-3,74874959;-5,96764231
-3,74374959;-5,40846395
-3,73874959;-5,78124952
-3,73374959;-5,78124952
-3,72874959;-5,96764231
-3,72374959;-6,34104300
-3,71874959;-6,34104300
-3,71374959;-6,15403509
-3,70874959;-6,71382856
-3,70374959;-6,15403509
-3,69874959;-6,34104300
-3,69374959;-6,90022135
-3,68874959;-6,71382856
-3,68374959;-6,71382856
-3,67874959;-6,34104300
-3,67374959;-5,40846395
-3,66874959;-5,96764231
-3,66374959;-5,03506374
-3,65874959;-5,22207165
-3,65374959;-4,84867096
-3,64874959;-4,66227818
-3,64374959;-4,10248518
-3,63874959;-3,35691428
-3,63374959;-2,05093503
-3,62874959;-2,23794293
-3,62374959;-2,98351359
-3,61874959;-2,61072826
-3,61374959;-3,17052150
-3,60874959;-3,54330683
-3,60374959;-3,54330683
-3,59874959;-4,10248518
-3,59374959;-4,47588587
-3,58874959;-4,66227818
-3,58374959;-4,66227818
-3,57874959;-5,78124952
-3,57374959;-5,59485722
-3,56874959;-5,78124952
-3,56374959;-4,84867096
-3,55874959;-5,22207165
-3,55374959;-4,84867096
-3,54874959;-5,40846395
-3,54374959;-4,28949261
-3,53874959;-2,98351359
-3,53374959;-2,98351359
-3,52874959;-2,23794293
-3,52374959;-1,67814958
-3,51874959;-2,05093503
-3,51374959;-1,30536413
-3,50874959;-1,11897147
-3,50374959;-1,11897147
-3,49874960;-1,11897147
-3,49374960;-1,67814958
-3,48874960;-1,49175680
-3,48374960;-1,30536413
-3,47874960;-1,11897147
-3,47374960;-1,67814958
-3,46874960;-1,30536413
-3,46374960;-1,30536413
-3,45874960;-1,11897147
-3,45374960;-1,11897147
-3,44874960;-0,37278542
-3,44374960;-0,18639271
-3,43874960;0,55917817
-3,43374960;0,55917817
-3,42874960;1,30536413
-3,42374960;1,11897147
-3,41874960;1,67814958
-3,41374960;2,23794293
-3,40874960;1,86454225
-3,40374960;2,79712105
-3,39874960;2,79712105
-3,39374960;3,17052150
-3,38874960;2,79712105
-3,38374960;2,79712105
-3,37874960;3,17052150
-3,37374960;3,35691428
-3,36874960;3,17052150
-3,36374960;3,72969961
-3,35874960;3,91609240
-3,35374960;3,35691428
-3,34874960;4,28949261
-3,34374960;4,28949261
-3,33874960;4,10248518
-3,33374960;3,72969961
-3,32874960;4,66227818
-3,32374960;4,28949261
-3,31874960;4,10248518
-3,31374960;4,28949261
-3,30874960;4,10248518
-3,30374960;4,28949261
-3,29874960;1,11897147
-3,29374960;4,28949261
-3,28874960;3,91609240
-3,28374960;3,91609240
-3,27874960;3,91609240
-3,27374960;3,91609240
-3,26874960;3,72969961
-3,26374960;4,28949261
-3,25874960;3,91609240
-3,25374960;4,47588587
-3,24874960;3,54330683
-3,24374960;4,66227818
-3,23874960;5,03506374
-3,23374960;5,22207165
-3,22874960;4,66227818
-3,22374960;5,40846395
-3,21874960;4,66227818
-3,21374960;5,22207165
-3,20874960;4,84867096
-3,20374960;4,28949261
-3,19874960;4,10248518
-3,19374960;4,28949261
-3,18874960;3,91609240
-3,18374960;3,91609240
-3,17874960;3,17052150
-3,17374960;3,72969961
-3,16874960;3,54330683
-3,16374960;2,61072826
-3,15874960;2,98351359
-3,15374960;2,61072826
-3,14874960;2,79712105
-3,14374960;2,42433548
-3,13874960;2,42433548
-3,13374960;2,98351359
-3,12874960;2,42433548
-3,12374960;2,05093503
-3,11874960;2,79712105
-3,11374960;2,42433548
-3,10874960;2,05093503
-3,10374961;2,61072826
-3,09874961;2,05093503
-3,09374961;1,86454225
-3,08874961;0,00000000
-3,08374961;1,11897147
-3,07874961;0,55917817
-3,07374961;0,55917817
-3,06874961;0,37278542
-3,06374961;0,74557084
-3,05874961;0,74557084
-3,05374961;0,93196356
-3,04874961;0,93196356
-3,04374961;1,11897147
-3,03874961;0,55917817
-3,03374961;1,11897147
-3,02874961;0,37278542
-3,02374961;0,55917817
-3,01874961;0,55917817
-3,01374961;0,37278542
-3,00874961;0,37278542
-3,00374961;1,11897147
-2,99874961;0,00000000
-2,99374961;0,55917817
-2,98874961;0,18639271
-2,98374961;0,00000000
-2,97874961;0,18639271
-2,97374961;0,55917817
-2,96874961;0,55917817
-2,96374961;1,11897147
-2,95874961;0,18639271
-2,95374961;1,49175680
-2,94874961;1,49175680
-2,94374961;1,86454225
-2,93874961;2,05093503
-2,93374961;1,86454225
-2,92874961;1,49175680
-2,92374961;2,23794293
-2,91874961;2,05093503
-2,91374961;2,05093503
-2,90874961;2,23794293
-2,90374961;2,42433548
-2,89874961;2,23794293
-2,89374961;2,05093503
-2,88874961;2,05093503
-2,88374961;1,11897147
-2,87874961;1,49175680
-2,87374961;1,49175680
-2,86874961;1,30536413
-2,86374961;0,37278542
-2,85874961;0,93196356
-2,85374961;1,30536413
-2,84874961;0,93196356
-2,84374961;0,93196356
-2,83874961;0,93196356
-2,83374961;1,49175680
-2,82874961;1,49175680
-2,82374961;1,49175680
-2,81874961;1,67814958
-2,81374961;1,11897147
-2,80874961;1,11897147
-2,80374961;1,67814958
-2,79874961;0,74557084
-2,79374961;1,30536413
-2,78874961;0,37278542
-2,78374961;1,30536413
-2,77874961;1,49175680
-2,77374961;0,74557084
-2,76874961;0,37278542
-2,76374961;0,37278542
-2,75874961;0,18639271
-2,75374961;0,18639271
-2,74874961;-0,74557084
-2,74374961;-0,18639271
-2,73874961;-0,93196356
-2,73374961;-0,74557084
-2,72874961;-0,74557084
-2,72374961;-1,30536413
-2,71874961;0,00000000
-2,71374961;-1,67814958
-2,70874962;-1,67814958
-2,70374962;-1,67814958
-2,69874962;-2,61072826
-2,69374962;-2,61072826
-2,68874962;-2,61072826
-2,68374962;-2,61072826
-2,67874962;-3,17052150
-2,67374962;-3,17052150
-2,66874962;-3,17052150
-2,66374962;-2,98351359
-2,65874962;-2,98351359
-2,65374962;-2,79712105
-2,64874962;-2,23794293
-2,64374962;-1,67814958
-2,63874962;-2,23794293
-2,63374962;-2,23794293
-2,62874962;-1,30536413
-2,62374962;-2,05093503
-2,61874962;-2,42433548
-2,61374962;-2,79712105
-2,60874962;-3,17052150
-2,60374962;-3,54330683
-2,59874962;-4,66227818
-2,59374962;-4,84867096
-2,58874962;-5,40846395
-2,58374962;-5,59485722
-2,57874962;-5,22207165
-2,57374962;-6,52743578
-2,56874962;-6,52743578
-2,56374962;-6,52743578
-2,55874962;-6,52743578
-2,55374962;-5,78124952
-2,54874962;-5,96764231
-2,54374962;-4,47588587
-2,53874962;-4,84867096
-2,53374962;-3,54330683
-2,52874962;-3,54330683
-2,52374962;-2,98351359
-2,51874962;-2,61072826
-2,51374962;-2,42433548
-2,50874962;-1,86454225
-2,50374962;-2,23794293
-2,49874962;-2,05093503
-2,49374962;-2,23794293
-2,48874962;-2,61072826
-2,48374962;-2,42433548
-2,47874962;-2,61072826
-2,47374962;-2,05093503
-2,46874962;-2,23794293
-2,46374962;-2,23794293
-2,45874962;-2,61072826
-2,45374962;-1,67814958
-2,44874962;-1,30536413
-2,44374962;-1,11897147
-2,43874962;-1,11897147
-2,43374962;0,00000000
-2,42874962;0,37278542
-2,42374962;1,11897147
-2,41874962;1,11897147
-2,41374962;1,49175680
-2,40874962;1,86454225
-2,40374962;1,86454225
-2,39874962;1,67814958
-2,39374962;1,86454225
-2,38874962;2,23794293
-2,38374962;2,05093503
-2,37874962;1,86454225
-2,37374962;2,05093503
-2,36874962;2,23794293
-2,36374962;2,05093503
-2,35874962;2,98351359
-2,35374962;2,79712105
-2,34874962;2,98351359
-2,34374962;3,54330683
-2,33874962;3,72969961
-2,33374962;4,66227818
-2,32874962;4,47588587
-2,32374962;4,84867096
-2,31874962;4,84867096
-2,31374963;5,22207165
-2,30874963;4,84867096
-2,30374963;4,84867096
-2,29874963;4,84867096
-2,29374963;4,47588587
-2,28874963;3,91609240
-2,28374963;4,28949261
-2,27874963;4,10248518
-2,27374963;3,35691428
-2,26874963;2,98351359
-2,26374963;4,10248518
-2,25874963;4,47588587
-2,25374963;3,35691428
-2,24874963;2,98351359
-2,24374963;3,35691428
-2,23874963;2,98351359
-2,23374963;3,72969961
-2,22874963;3,72969961
-2,22374963;3,91609240
-2,21874963;3,91609240
-2,21374963;3,91609240
-2,20874963;3,54330683
-2,20374963;3,91609240
-2,19874963;3,72969961
-2,19374963;3,35691428
-2,18874963;3,17052150
-2,18374963;2,98351359
-2,17874963;2,05093503
-2,17374963;1,86454225
-2,16874963;1,11897147
-2,16374963;1,30536413
-2,15874963;0,37278542
-2,15374963;0,18639271
-2,14874963;0,37278542
-2,14374963;-0,37278542
-2,13874963;-0,55917817
-2,13374963;-0,55917817
-2,12874963;-0,55917817
-2,12374963;-0,37278542
-2,11874963;-0,93196356
-2,11374963;-1,11897147
-2,10874963;-1,30536413
-2,10374963;-0,93196356
-2,09874963;-1,30536413
-2,09374963;-2,61072826
-2,08874963;-2,98351359
-2,08374963;-2,23794293
-2,07874963;-2,98351359
-2,07374963;-2,98351359
-2,06874963;-3,72969961
-2,06374963;-4,10248518
-2,05874963;-4,84867096
-2,05374963;-4,84867096
-2,04874963;-5,96764231
-2,04374963;-5,40846395
-2,03874963;-5,40846395
-2,03374963;-6,71382856
-2,02874963;-5,78124952
-2,02374963;-5,78124952
-2,01874963;-5,78124952
-2,01374963;-5,40846395
-2,00874963;-6,90022135
-2,00374963;-6,52743578
-1,99874963;-6,34104300
-1,99374963;-5,96764231
-1,98874963;-6,15403509
-1,98374963;-6,34104300
-1,97874963;-6,15403509
-1,97374963;-6,90022135
-1,96874963;-6,34104300
-1,96374963;-5,96764231
-1,95874963;-7,64640713
-1,95374963;-5,59485722
-1,94874963;-3,91609240
-1,94374963;-4,10248518
-1,93874963;-3,91609240
-1,93374963;-3,72969961
-1,92874963;-3,35691428
-1,92374963;-3,17052150
-1,91874963;-2,23794293
-1,91374964;-2,98351359
-1,90874964;-3,35691428
-1,90374964;-2,98351359
-1,89874964;-4,10248518
-1,89374964;-4,10248518
-1,88874964;-4,47588587
-1,88374964;-4,84867096
-1,87874964;-4,84867096
-1,87374964;-5,40846395
-1,86874964;-5,78124952
-1,86374964;-5,59485722
-1,85874964;-5,78124952
-1,85374964;-5,40846395
-1,84874964;-5,59485722
-1,84374964;-4,28949261
-1,83874964;-5,03506374
-1,83374964;-4,66227818
-1,82874964;-4,28949261
-1,82374964;-3,72969961
-1,81874964;-3,54330683
-1,81374964;-2,61072826
-1,80874964;-2,98351359
-1,80374964;-2,79712105
-1,79874964;-2,23794293
-1,79374964;-1,86454225
-1,78874964;-1,49175680
-1,78374964;-1,49175680
-1,77874964;-1,67814958
-1,77374964;-1,30536413
-1,76874964;-1,67814958
-1,76374964;-2,23794293
-1,75874964;-1,30536413
-1,75374964;-1,30536413
-1,74874964;-3,17052150
-1,74374964;-0,74557084
-1,73874964;-0,55917817
-1,73374964;0,37278542
-1,72874964;0,37278542
-1,72374964;0,74557084
-1,71874964;1,11897147
-1,71374964;1,11897147
-1,70874964;1,49175680
-1,70374964;2,23794293
-1,69874964;2,05093503
-1,69374964;2,42433548
-1,68874964;2,79712105
-1,68374964;2,98351359
-1,67874964;2,79712105
-1,67374964;3,35691428
-1,66874964;3,54330683
-1,66374964;2,98351359
-1,65874964;3,72969961
-1,65374964;3,72969961
-1,64874964;4,66227818
-1,64374964;4,66227818
-1,63874964;3,72969961
-1,63374964;3,54330683
-1,62874964;4,47588587
-1,62374964;4,10248518
-1,61874964;4,66227818
-1,61374964;4,84867096
-1,60874964;4,66227818
-1,60374964;3,91609240
-1,59874964;4,28949261
-1,59374964;4,28949261
-1,58874964;4,10248518
-1,58374964;4,28949261
-1,57874964;4,28949261
-1,57374964;3,91609240
-1,56874964;3,54330683
-1,56374964;4,28949261
-1,55874964;3,72969961
-1,55374964;4,28949261
-1,54874964;4,28949261
-1,54374964;4,66227818
-1,53874964;4,47588587
-1,53374964;4,84867096
-1,52874964;4,66227818
-1,52374964;4,28949261
-1,51874965;4,66227818
-1,51374965;4,66227818
-1,50874965;5,59485722
-1,50374965;4,84867096
-1,49874965;4,84867096
-1,49374965;4,84867096
-1,48874965;3,91609240
-1,48374965;4,28949261
-1,47874965;3,72969961
-1,47374965;3,72969961
-1,46874965;3,35691428
-1,46374965;2,79712105
-1,45874965;2,42433548
-1,45374965;2,79712105
-1,44874965;3,54330683
-1,44374965;2,79712105
-1,43874965;2,05093503
-1,43374965;1,49175680
-1,42874965;2,05093503
-1,42374965;2,42433548
-1,41874965;2,23794293
-1,41374965;1,86454225
-1,40874965;2,05093503
-1,40374965;1,30536413
-1,39874965;1,86454225
-1,39374965;1,30536413
-1,38874965;1,11897147
-1,38374965;0,93196356
-1,37874965;0,74557084
-1,37374965;0,37278542
-1,36874965;0,18639271
-1,36374965;0,00000000
-1,35874965;0,00000000
-1,35374965;0,93196356
-1,34874965;0,55917817
-1,34374965;0,74557084
-1,33874965;0,18639271
-1,33374965;0,74557084
-1,32874965;0,74557084
-1,32374965;0,55917817
-1,31874965;1,11897147
-1,31374965;0,37278542
-1,30874965;0,37278542
-1,30374965;0,55917817
-1,29874965;0,93196356
-1,29374965;1,11897147
-1,28874965;0,55917817
-1,28374965;0,55917817
-1,27874965;0,37278542
-1,27374965;0,55917817
-1,26874965;0,93196356
-1,26374965;0,55917817
-1,25874965;0,55917817
-1,25374965;1,11897147
-1,24874965;2,05093503
-1,24374965;1,49175680
-1,23874965;1,11897147
-1,23374965;2,23794293
-1,22874965;1,86454225
-1,22374965;1,49175680
-1,21874965;2,05093503
-1,21374965;1,11897147
-1,20874965;2,05093503
-1,20374965;2,23794293
-1,19874965;2,05093503
-1,19374965;2,23794293
-1,18874965;1,86454225
-1,18374965;1,49175680
-1,17874965;1,67814958
-1,17374965;1,49175680
-1,16874965;1,30536413
-1,16374965;1,67814958
-1,15874965;1,11897147
-1,15374965;2,05093503
-1,14874965;1,49175680
-1,14374965;1,49175680
-1,13874965;1,86454225
-1,13374965;1,86454225
-1,12874965;1,67814958
-1,12374966;1,86454225
-1,11874966;2,05093503
-1,11374966;1,30536413
-1,10874966;2,42433548
-1,10374966;1,67814958
-1,09874966;1,86454225
-1,09374966;1,49175680
-1,08874966;1,11897147
-1,08374966;1,11897147
-1,07874966;1,67814958
-1,07374966;1,11897147
-1,06874966;0,74557084
-1,06374966;0,74557084
-1,05874966;1,11897147
-1,05374966;0,55917817
-1,04874966;-0,74557084
-1,04374966;0,18639271
-1,03874966;-0,37278542
-1,03374966;0,00000000
-1,02874966;0,00000000
-1,02374966;-0,55917817
-1,01874966;-1,11897147
-1,01374966;-1,67814958
-1,00874966;-1,11897147
-1,00374966;-1,67814958
-0,99874966;-2,23794293
-0,99374966;-0,37278542
-0,98874966;-2,42433548
-0,98374966;-2,79712105
-0,97874966;-2,98351359
-0,97374966;-2,42433548
-0,96874966;-2,98351359
-0,96374966;-2,61072826
-0,95874966;-2,42433548
-0,95374966;-2,98351359
-0,94874966;-2,23794293
-0,94374966;-2,23794293
-0,93874966;-2,61072826
-0,93374966;-1,86454225
-0,92874966;-2,23794293
-0,92374966;-1,67814958
-0,91874966;-2,05093503
-0,91374966;-2,05093503
-0,90874966;-2,42433548
-0,90374966;-2,61072826
-0,89874966;-4,10248518
-0,89374966;-3,54330683
-0,88874966;-4,28949261
-0,88374966;-4,84867096
-0,87874966;-5,22207165
-0,87374966;-5,40846395
-0,86874966;-6,52743578
-0,86374966;-6,34104300
-0,85874966;-6,71382856
-0,85374966;-6,71382856
-0,84874966;-4,10248518
-0,84374966;-5,78124952
-0,83874966;-5,40846395
-0,83374966;-4,84867096
-0,82874966;-5,22207165
-0,82374966;-3,54330683
-0,81874966;-3,17052150
-0,81374966;-2,98351359
-0,80874966;-2,23794293
-0,80374966;-2,05093503
-0,79874966;-2,23794293
-0,79374966;-2,05093503
-0,78874966;-1,86454225
-0,78374966;-2,23794293
-0,77874966;-2,98351359
-0,77374966;-2,98351359
-0,76874966;-2,61072826
-0,76374966;-2,98351359
-0,75874966;-2,98351359
-0,75374966;-2,61072826
-0,74874966;-2,05093503
-0,74374966;-1,86454225
-0,73874966;-2,05093503
-0,73374966;-1,11897147
-0,72874967;-1,30536413
-0,72374967;-0,18639271
-0,71874967;0,00000000
-0,71374967;0,18639271
-0,70874967;0,55917817
-0,70374967;1,11897147
-0,69874967;0,93196356
-0,69374967;1,49175680
-0,68874967;1,49175680
-0,68374967;1,86454225
-0,67874967;1,86454225
-0,67374967;1,67814958
-0,66874967;2,42433548
-0,66374967;2,05093503
-0,65874967;2,42433548
-0,65374967;2,79712105
-0,64874967;2,79712105
-0,64374967;2,79712105
-0,63874967;3,35691428
-0,63374967;2,61072826
-0,62874967;3,91609240
-0,62374967;3,91609240
-0,61874967;4,47588587
-0,61374967;4,66227818
-0,60874967;4,28949261
-0,60374967;4,28949261
-0,59874967;4,10248518
-0,59374967;4,28949261
-0,58874967;3,91609240
-0,58374967;3,91609240
-0,57874967;3,91609240
-0,57374967;3,72969961
-0,56874967;3,72969961
-0,56374967;3,54330683
-0,55874967;3,35691428
-0,55374967;3,35691428
-0,54874967;2,98351359
-0,54374967;2,98351359
-0,53874967;4,10248518
-0,53374967;2,98351359
-0,52874967;3,17052150
-0,52374967;3,72969961
-0,51874967;3,54330683
-0,51374967;3,72969961
-0,50874967;3,91609240
-0,50374967;3,72969961
-0,49874967;3,54330683
-0,49374967;3,35691428
-0,48874967;2,79712105
-0,48374967;2,98351359
-0,47874967;2,23794293
-0,47374967;2,05093503
-0,46874967;1,86454225
-0,46374967;1,11897147
-0,45874967;0,55917817
-0,45374967;0,55917817
-0,44874967;0,37278542
-0,44374967;-0,37278542
-0,43874967;0,00000000
-0,43374967;-1,30536413
-0,42874967;-0,37278542
-0,42374967;-0,74557084
-0,41874967;-0,37278542
-0,41374967;-0,74557084
-0,40874967;-1,67814958
-0,40374967;-1,67814958
-0,39874967;-1,49175680
-0,39374967;-1,49175680
-0,38874967;-2,05093503
-0,38374967;-2,23794293
-0,37874967;-2,61072826
-0,37374967;-3,17052150
-0,36874967;-3,72969961
-0,36374967;-3,91609240
-0,35874967;-4,10248518
-0,35374967;-4,84867096
-0,34874967;-4,66227818
-0,34374967;-5,40846395
-0,33874967;-5,78124952
-0,33374968;-5,78124952
-0,32874968;-6,15403509
-0,32374968;-6,34104300
-0,31874968;-5,96764231
-0,31374968;-5,96764231
-0,30874968;-6,90022135
-0,30374968;-6,52743578
-0,29874968;-6,90022135
-0,29374968;-6,15403509
-0,28874968;-6,90022135
-0,28374968;-7,08661366
-0,27874968;-6,90022135
-0,27374968;-6,71382856
-0,26874968;-5,40846395
-0,26374968;-6,15403509
-0,25874968;-5,96764231
-0,25374968;-5,78124952
-0,24874968;-5,96764231
-0,24374968;-5,03506374
-0,23874968;-5,40846395
-0,23374968;-5,03506374
-0,22874968;-4,47588587
-0,22374968;-4,10248518
-0,21874968;-3,72969961
-0,21374968;-3,17052150
-0,20874968;-2,23794293
-0,20374968;-3,35691428
-0,19874968;-3,17052150
-0,19374968;-4,10248518
-0,18874968;-4,28949261
-0,18374968;-4,28949261
-0,17874968;-4,66227818
-0,17374968;-5,03506374
-0,16874968;-5,78124952
-0,16374968;-5,59485722
-0,15874968;-5,78124952
-0,15374968;-5,59485722
-0,14874968;-5,78124952
-0,14374968;-4,47588587
-0,13874968;-5,40846395
-0,13374968;-5,03506374
-0,12874968;-4,47588587
-0,12374968;-3,54330683
-0,11874968;-3,17052150
-0,11374968;-2,61072826
-0,10874968;-2,79712105
-0,10374968;-2,05093503
-0,09874968;-2,23794293
-0,09374968;-1,67814958
-0,08874968;-1,30536413
-0,08374968;-1,49175680
-0,07874968;-1,86454225
-0,07374968;-1,30536413
-0,06874968;-1,11897147
-0,06374968;-2,42433548
-0,05874968;-1,86454225
-0,05374968;-1,49175680
-0,04874968;-1,67814958
-0,04374968;-2,05093503
-0,03874968;-1,49175680
-0,03374968;-1,67814958
-0,02874968;-0,74557084
-0,02374968;0,18639271
-0,01874968;1,49175680
-0,01374968;1,11897147
-0,00874968;1,49175680
-0,00374968;2,05093503
0,00125032;2,79712105
0,00625032;2,42433548
0,01125032;2,98351359
0,01625032;2,42433548
0,02125032;2,98351359
0,02625032;2,98351359
0,03125032;2,98351359
0,03625032;3,17052150
0,04125032;3,17052150
0,04625032;3,35691428
0,05125032;2,98351359
0,05625032;3,72969961
0,06125031;3,35691428
0,06625031;3,17052150
0,07125031;3,72969961
0,07625031;3,72969961
0,08125031;3,91609240
0,08625031;3,91609240
0,09125031;4,10248518
0,09625031;4,28949261
0,10125031;3,72969961
0,10625031;3,91609240
0,11125031;4,28949261
0,11625031;2,05093503
0,12125031;3,72969961
0,12625031;3,54330683
0,13125031;3,35691428
0,13625031;3,54330683
0,14125031;3,72969961
0,14625031;3,72969961
0,15125031;2,61072826
0,15625031;4,28949261
0,16125031;3,54330683
0,16625031;4,28949261
0,17125031;5,03506374
0,17625031;4,28949261
0,18125031;4,84867096
0,18625031;4,66227818
0,19125031;4,84867096
0,19625031;4,84867096
0,20125031;4,47588587
0,20625031;4,28949261
0,21125031;4,28949261
0,21625031;4,10248518
0,22125031;3,91609240
0,22625031;4,10248518
0,23125031;3,91609240
0,23625031;2,98351359
0,24125031;3,35691428
0,24625031;2,79712105
0,25125031;2,42433548
0,25625031;2,98351359
0,26125031;2,61072826
0,26625031;2,61072826
0,27125031;2,61072826
0,27625031;2,42433548
0,28125031;2,42433548
0,28625031;2,42433548
0,29125031;2,42433548
0,29625031;1,86454225
0,30125031;1,86454225
0,30625031;1,49175680
0,31125031;1,30536413
0,31625031;1,67814958
0,32125031;1,49175680
0,32625031;0,93196356
0,33125031;0,18639271
0,33625031;0,55917817
0,34125031;0,00000000
0,34625031;0,55917817
0,35125031;0,00000000
0,35625031;-0,37278542
0,36125031;0,37278542
0,36625031;0,18639271
0,37125031;0,74557084
0,37625031;0,18639271
0,38125031;0,74557084
0,38625031;0,18639271
0,39125031;1,11897147
0,39625031;0,93196356
0,40125031;0,74557084
0,40625031;0,93196356
0,41125031;0,55917817
0,41625031;0,74557084
0,42125031;0,37278542
0,42625031;0,74557084
0,43125031;0,37278542
0,43625031;0,93196356
0,44125031;1,11897147
0,44625031;1,49175680
0,45125031;1,11897147
0,45625031;1,30536413
0,46125030;1,30536413
0,46625030;1,86454225
0,47125030;1,11897147
0,47625030;1,67814958
0,48125030;1,86454225
0,48625030;1,86454225
0,49125030;2,05093503
0,49625030;2,42433548
0,50125030;2,05093503
0,50625030;-0,37278542
0,51125030;1,86454225
0,51625030;2,42433548
0,52125030;1,86454225
0,52625030;1,86454225
0,53125030;1,67814958
0,53625030;1,86454225
0,54125030;0,93196356
0,54625030;1,49175680
0,55125030;1,49175680
0,55625030;1,86454225
0,56125030;1,49175680
0,56625030;1,67814958
0,57125030;1,11897147
0,57625030;0,93196356
0,58125030;1,86454225
0,58625030;0,93196356
0,59125030;0,93196356
0,59625030;1,49175680
0,60125030;1,30536413
0,60625030;1,11897147
0,61125030;1,30536413
0,61625030;1,67814958
0,62125030;1,49175680
0,62625030;1,49175680
0,63125030;1,49175680
0,63625030;1,30536413
0,64125030;0,55917817
0,64625030;1,11897147
0,65125030;0,37278542
0,65625030;0,37278542
0,66125030;0,93196356
0,66625030;0,37278542
0,67125030;0,00000000
0,67625030;-0,55917817
0,68125030;-0,37278542
0,68625030;-0,55917817
0,69125030;-1,49175680
0,69625030;-1,49175680
0,70125030;-2,61072826
0,70625030;-2,42433548
0,71125030;-2,23794293
0,71625030;-3,91609240
0,72125030;-2,98351359
0,72625030;-2,61072826
0,73125030;-3,17052150
0,73625030;-3,72969961
0,74125030;-3,54330683
0,74625030;-3,17052150
0,75125030;-3,54330683
0,75625030;-3,54330683
0,76125030;-3,54330683
0,76625030;-3,17052150
0,77125030;-3,17052150
0,77625030;-2,98351359
0,78125030;-2,42433548
0,78625030;-2,61072826
0,79125030;-3,17052150
0,79625030;-2,98351359
0,80125030;-3,72969961
0,80625030;-3,72969961
0,81125030;-4,10248518
0,81625030;-5,40846395
0,82125030;-4,84867096
0,82625030;-5,96764231
0,83125030;-5,96764231
0,83625030;-5,96764231
0,84125030;-6,71382856
0,84625030;-6,52743578
0,85125030;-6,90022135
0,85625029;-6,34104300
0,86125029;-6,34104300
0,86625029;-5,03506374
0,87125029;-4,66227818
0,87625029;-4,28949261
0,88125029;-3,72969961
0,88625029;-2,98351359
0,89125029;-3,54330683
0,89625029;-2,61072826
0,90125029;-2,61072826
0,90625029;-2,61072826
0,91125029;-2,05093503
0,91625029;-2,05093503
0,92125029;-2,42433548
0,92625029;-1,86454225
0,93125029;-2,23794293
0,93625029;-1,86454225
0,94125029;-2,79712105
0,94625029;-2,23794293
0,95125029;-2,61072826
0,95625029;-1,67814958
0,96125029;-2,61072826
0,96625029;-1,30536413
0,97125029;-1,67814958
0,97625029;-1,30536413
0,98125029;-0,55917817
0,98625029;-0,37278542
0,99125029;0,18639271
0,99625029;0,93196356
1,00125029;0,37278542
1,00625029;0,93196356
1,01125029;0,74557084
1,01625029;1,30536413
1,02125029;1,67814958
1,02625029;1,86454225
1,03125029;1,30536413
1,03625029;1,30536413
1,04125029;1,49175680
1,04625029;1,86454225
1,05125029;2,05093503
1,05625029;2,42433548
1,06125029;2,42433548
1,06625029;2,42433548
1,07125029;2,98351359
1,07625029;3,72969961
1,08125029;3,72969961
1,08625029;3,72969961
1,09125029;4,10248518
1,09625029;3,91609240
1,10125029;4,47588587
1,10625029;3,72969961
1,11125029;3,91609240
1,11625029;3,72969961
1,12125029;3,91609240
1,12625029;3,54330683
1,13125029;4,10248518
1,13625029;3,17052150
1,14125029;3,35691428
1,14625029;3,72969961
1,15125029;2,79712105
1,15625029;3,17052150
1,16125029;3,17052150
1,16625029;2,79712105
1,17125029;3,54330683
1,17625029;3,35691428
1,18125029;2,61072826
1,18625029;3,54330683
1,19125029;3,72969961
1,19625029;3,35691428
1,20125029;3,35691428
1,20625029;3,17052150
1,21125029;3,35691428
1,21625029;2,42433548
1,22125029;2,98351359
1,22625029;3,35691428
1,23125029;2,98351359
1,23625029;2,42433548
1,24125029;1,11897147
1,24625029;1,30536413
1,25125028;0,93196356
1,25625028;0,55917817
1,26125028;0,93196356
1,26625028;-0,18639271
1,27125028;-1,11897147
1,27625028;-0,18639271
1,28125028;-0,93196356
1,28625028;-1,30536413
1,29125028;-0,93196356
1,29625028;-1,11897147
1,30125028;-2,05093503
1,30625028;-0,93196356
1,31125028;-2,05093503
1,31625028;-2,23794293
1,32125028;-2,23794293
1,32625028;-1,67814958
1,33125028;-2,79712105
1,33625028;-3,54330683
1,34125028;-3,72969961
1,34625028;-3,35691428
1,35125028;-3,91609240
1,35625028;-4,10248518
1,36125028;-4,47588587
1,36625028;-4,84867096
1,37125028;-5,22207165
1,37625028;-5,40846395
1,38125028;-5,78124952
1,38625028;-6,34104300
1,39125028;-6,15403509
1,39625028;-6,34104300
1,40125028;-6,34104300
1,40625028;-6,71382856
1,41125028;-7,27362204
1,41625028;-6,71382856
1,42125028;-7,64640713
1,42625028;-6,71382856
1,43125028;-6,90022135
1,43625028;-6,52743578
1,44125028;-6,71382856
1,44625028;-6,34104300
1,45125028;-6,15403509
1,45625028;-5,40846395
1,46125028;-5,40846395
1,46625028;-4,84867096
1,47125028;-4,47588587
1,47625028;-3,54330683
1,48125028;-3,17052150
1,48625028;-3,35691428
1,49125028;-3,54330683
1,49625028;-3,17052150
1,50125028;-3,54330683
1,50625028;-3,91609240
1,51125028;-3,91609240
1,51625028;-3,54330683
1,52125028;-4,84867096
1,52625028;-4,66227818
1,53125028;-5,78124952
1,53625028;-5,59485722
1,54125028;-6,15403509
1,54625028;-6,71382856
1,55125028;-6,34104300
1,55625028;-6,15403509
1,56125028;-6,34104300
1,56625028;-5,59485722
1,57125028;-5,40846395
1,57625028;-4,47588587
1,58125028;-3,91609240
1,58625028;-3,54330683
1,59125028;-3,35691428
1,59625028;-2,23794293
1,60125028;-2,23794293
1,60625028;-2,42433548
1,61125028;-2,79712105
1,61625028;-2,23794293
1,62125028;-1,86454225
1,62625028;-1,67814958
1,63125028;-1,67814958
1,63625028;-1,30536413
1,64125028;-1,67814958
1,64625027;-2,05093503
1,65125027;-2,05093503
1,65625027;-1,49175680
1,66125027;-1,30536413
1,66625027;-1,11897147
1,67125027;-1,11897147
1,67625027;-0,18639271
1,68125027;-0,55917817
1,68625027;0,55917817
1,69125027;0,93196356
1,69625027;1,49175680
1,70125027;2,05093503
1,70625027;2,05093503
1,71125027;2,42433548
1,71625027;2,79712105
1,72125027;3,17052150
1,72625027;2,98351359
1,73125027;2,98351359
1,73625027;1,86454225
1,74125027;3,54330683
1,74625027;3,72969961
1,75125027;3,72969961
1,75625027;3,72969961
1,76125027;3,91609240
1,76625027;2,98351359
1,77125027;3,54330683
1,77625027;4,28949261
1,78125027;4,28949261
1,78625027;4,84867096
1,79125027;4,47588587
1,79625027;4,84867096
1,80125027;4,84867096
1,80625027;4,66227818
1,81125027;4,66227818
1,81625027;4,28949261
1,82125027;4,84867096
1,82625027;4,28949261
1,83125027;4,66227818
1,83625027;3,91609240
1,84125027;3,91609240
1,84625027;3,91609240
1,85125027;3,35691428
1,85625027;3,91609240
1,86125027;3,72969961
1,86625027;3,91609240
1,87125027;3,91609240
1,87625027;4,28949261
1,88125027;4,66227818
1,88625027;4,10248518
1,89125027;4,28949261
1,89625027;4,28949261
1,90125027;4,66227818
1,90625027;4,28949261
1,91125027;4,84867096
1,91625027;4,66227818
1,92125027;4,28949261
1,92625027;4,28949261
1,93125027;3,72969961
1,93625027;3,91609240
1,94125027;3,54330683
1,94625027;3,35691428
1,95125027;2,98351359
1,95625027;2,79712105
1,96125027;2,79712105
1,96625027;2,98351359
1,97125027;2,23794293
1,97625027;2,05093503
1,98125027;1,86454225
1,98625027;2,05093503
1,99125027;1,86454225
1,99625027;2,23794293
2,00125027;2,42433548
2,00625027;1,86454225
2,01125027;1,30536413
2,01625027;1,86454225
2,02125027;1,49175680
2,02625027;1,30536413
2,03125027;1,11897147
2,03625027;0,55917817
2,04125026;0,74557084
2,04625026;0,93196356
2,05125026;0,55917817
2,05625026;0,18639271
2,06125026;0,18639271
2,06625026;0,00000000
2,07125026;0,00000000
2,07625026;0,18639271
2,08125026;0,74557084
2,08625026;0,18639271
2,09125026;0,18639271
2,09625026;0,74557084
2,10125026;0,55917817
2,10625026;0,55917817
2,11125026;0,55917817
2,11625026;0,74557084
2,12125026;0,37278542
2,12625026;0,74557084
2,13125026;0,74557084
2,13625026;0,55917817
2,14125026;0,74557084
2,14625026;0,55917817
2,15125026;0,18639271
2,15625026;1,11897147
2,16125026;0,93196356
2,16625026;0,93196356
2,17125026;0,93196356
2,17625026;1,49175680
2,18125026;0,93196356
2,18625026;1,11897147
2,19125026;1,49175680
2,19625026;1,86454225
2,20125026;2,05093503
2,20625026;1,86454225
2,21125026;1,86454225
2,21625026;2,42433548
2,22125026;2,05093503
2,22625026;2,23794293
2,23125026;2,42433548
2,23625026;1,86454225
2,24125026;2,05093503
2,24625026;2,79712105
2,25125026;1,11897147
2,25625026;1,49175680
2,26125026;1,49175680
2,26625026;1,49175680
2,27125026;1,86454225
2,27625026;1,49175680
2,28125026;1,49175680
2,28625026;1,86454225
2,29125026;1,11897147
2,29625026;1,30536413
2,30125026;1,30536413
2,30625026;1,11897147
2,31125026;1,30536413
2,31625026;1,49175680
2,32125026;0,93196356
2,32625026;1,11897147
2,33125026;1,30536413
2,33625026;1,49175680
2,34125026;0,93196356
2,34625026;0,93196356
2,35125026;0,93196356
2,35625026;0,18639271
2,36125026;0,55917817
2,36625026;0,55917817
2,37125026;0,55917817
2,37625026;0,00000000
2,38125026;-1,49175680
2,38625026;-0,55917817
2,39125026;-0,93196356
2,39625026;-0,74557084
2,40125026;-1,30536413
2,40625026;-1,67814958
2,41125026;-2,61072826
2,41625026;-2,42433548
2,42125026;-2,61072826
2,42625026;-3,17052150
2,43125026;-2,23794293
2,43625025;-3,35691428
2,44125025;-4,10248518
2,44625025;-3,72969961
2,45125025;-3,54330683
2,45625025;-3,17052150
2,46125025;-3,54330683
2,46625025;-2,98351359
2,47125025;-2,98351359
2,47625025;-2,23794293
2,48125025;-2,61072826
2,48625025;-2,61072826
2,49125025;-2,42433548
2,49625025;-2,61072826
2,50125025;-2,98351359
2,50625025;-3,54330683
2,51125025;-4,10248518
2,51625025;-4,10248518
2,52125025;-4,84867096
2,52625025;-5,03506374
2,53125025;-5,78124952
2,53625025;-6,34104300
2,54125025;-6,71382856
2,54625025;-6,52743578
2,55125025;-6,71382856
2,55625025;-6,71382856
2,56125025;-7,08661366
2,56625025;-5,96764231
2,57125025;-6,15403509
2,57625025;-5,40846395
2,58125025;-5,96764231
2,58625025;-4,28949261
2,59125025;-3,91609240
2,59625025;-2,98351359
2,60125025;-2,98351359
2,60625025;-2,98351359
2,61125025;-2,05093503
2,61625025;-2,23794293
2,62125025;-2,23794293
2,62625025;-2,23794293
2,63125025;-2,23794293
2,63625025;-2,61072826
2,64125025;-2,23794293
2,64625025;-2,23794293
2,65125025;-3,17052150
2,65625025;-2,98351359
2,66125025;-2,42433548
2,66625025;-2,42433548
2,67125025;-2,05093503
2,67625025;-1,86454225
2,68125025;-1,30536413
2,68625025;-0,74557084
2,69125025;-0,74557084
2,69625025;-0,37278542
2,70125025;0,18639271
2,70625025;0,74557084
2,71125025;0,55917817
2,71625025;1,11897147
2,72125025;1,49175680
2,72625025;0,93196356
2,73125025;1,30536413
2,73625025;1,49175680
2,74125025;1,67814958
2,74625025;1,86454225
2,75125025;2,05093503
2,75625025;2,79712105
2,76125025;2,98351359
2,76625025;2,79712105
2,77125025;3,72969961
2,77625025;3,54330683
2,78125025;3,91609240
2,78625025;3,91609240
2,79125025;4,28949261
2,79625025;3,72969961
2,80125025;4,28949261
2,80625025;4,47588587
2,81125025;4,10248518
2,81625025;3,91609240
2,82125025;4,66227818
2,82625025;3,91609240
2,83125025;4,10248518
2,83625024;3,72969961
2,84125024;3,17052150
2,84625024;3,17052150
2,85125024;3,72969961
2,85625024;3,54330683
2,86125024;3,54330683
2,86625024;3,35691428
2,87125024;3,54330683
2,87625024;3,72969961
2,88125024;3,17052150
2,88625024;3,17052150
2,89125024;3,35691428
2,89625024;3,54330683
2,90125024;3,54330683
2,90625024;3,72969961
2,91125024;3,17052150
2,91625024;2,98351359
2,92125024;2,42433548
2,92625024;2,79712105
2,93125024;2,42433548
2,93625024;2,05093503
2,94125024;1,86454225
2,94625024;1,49175680
2,95125024;1,49175680
2,95625024;0,93196356
2,96125024;0,93196356
2,96625024;0,74557084
2,97125024;-0,37278542
2,97625024;0,00000000
2,98125024;-1,11897147
2,98625024;0,00000000
2,99125024;-0,37278542
2,99625024;-0,37278542
3,00125024;-1,11897147
3,00625024;-1,30536413
3,01125024;-2,05093503
3,01625024;-2,23794293
3,02125024;-1,86454225
3,02625024;-2,42433548
3,03125024;-2,98351359
3,03625024;-3,35691428
3,04125024;-3,54330683
3,04625024;-3,72969961
3,05125024;-3,91609240
3,05625024;-4,10248518
3,06125024;-4,84867096
3,06625024;-4,10248518
3,07125024;-4,84867096
3,07625024;-4,47588587
3,08125024;-5,03506374
3,08625024;-6,34104300
3,09125024;-5,03506374
3,09625024;-5,78124952
3,10125024;-5,96764231
3,10625024;-5,59485722
3,11125024;-6,34104300
3,11625024;-6,71382856
3,12125024;-7,27362204
3,12625024;-7,27362204
3,13125024;-7,27362204
3,13625024;-7,27362204
3,14125024;-6,90022135
3,14625024;-6,90022135
3,15125024;-6,71382856
3,15625024;-5,96764231
3,16125024;-5,96764231
3,16625024;-5,40846395
3,17125024;-4,66227818
3,17625024;-4,47588587
3,18125024;-4,47588587
3,18625024;-3,54330683
3,19125024;-3,54330683
3,19625024;-2,98351359
3,20125024;-3,35691428
3,20625024;-3,17052150
3,21125024;-3,72969961
3,21625024;-2,98351359
3,22125024;-3,91609240
3,22625024;-3,54330683
3,23125023;-4,84867096
3,23625023;-5,03506374
3,24125023;-5,96764231
3,24625023;-5,40846395
3,25125023;-5,78124952
3,25625023;-5,96764231
3,26125023;-5,78124952
3,26625023;-5,59485722
3,27125023;-5,03506374
3,27625023;-4,84867096
3,28125023;-4,10248518
3,28625023;-3,17052150
3,29125023;-3,91609240
3,29625023;-3,17052150
3,30125023;-2,61072826
3,30625023;-2,23794293
3,31125023;-2,23794293
3,31625023;-1,67814958
3,32125023;-1,49175680
3,32625023;-1,67814958
3,33125023;-1,11897147
3,33625023;-1,67814958
3,34125023;-1,67814958
3,34625023;-1,11897147
3,35125023;-0,74557084
3,35625023;-1,30536413
3,36125023;-0,93196356
3,36625023;-1,11897147
3,37125023;-0,37278542
3,37625023;-0,37278542
3,38125023;0,00000000
3,38625023;0,18639271
3,39125023;0,93196356
3,39625023;1,49175680
3,40125023;1,49175680
3,40625023;1,67814958
3,41125023;2,98351359
3,41625023;2,05093503
3,42125023;1,86454225
3,42625023;2,79712105
3,43125023;2,42433548
3,43625023;2,05093503
3,44125023;3,17052150
3,44625023;2,61072826
3,45125023;2,98351359
3,45625023;3,17052150
3,46125023;3,17052150
3,46625023;3,72969961
3,47125023;4,28949261
3,47625023;4,28949261
3,48125023;4,10248518
3,48625023;4,28949261
3,49125023;4,28949261
3,49625023;4,66227818
3,50125023;4,28949261
3,50625023;5,03506374
3,51125023;4,84867096
3,51625023;6,52743578
3,52125023;4,84867096
3,52625023;4,28949261
3,53125023;4,66227818
3,53625023;4,84867096
3,54125023;3,72969961
3,54625023;3,91609240
3,55125023;4,28949261
3,55625023;3,72969961
3,56125023;3,91609240
3,56625023;3,91609240
3,57125023;3,91609240
3,57625023;4,10248518
3,58125023;4,28949261
3,58625023;3,91609240
3,59125023;4,28949261
3,59625023;4,66227818
3,60125023;4,84867096
3,60625023;4,84867096
3,61125023;4,84867096
3,61625023;4,66227818
3,62125023;5,03506374
3,62625022;4,66227818
3,63125022;4,10248518
3,63625022;3,91609240
3,64125022;3,72969961
3,64625022;3,35691428
3,65125022;3,72969961
3,65625022;3,35691428
3,66125022;2,98351359
3,66625022;2,98351359
3,67125022;2,79712105
3,67625022;2,61072826
3,68125022;2,42433548
3,68625022;2,61072826
3,69125022;2,42433548
3,69625022;2,23794293
3,70125022;2,23794293
3,70625022;2,42433548
3,71125022;2,61072826
3,71625022;1,67814958
3,72125022;1,86454225
3,72625022;1,67814958
3,73125022;1,49175680
3,73625022;1,49175680
3,74125022;1,67814958
3,74625022;1,11897147
3,75125022;0,74557084
3,75625022;0,74557084
3,76125022;0,93196356
3,76625022;0,37278542
3,77125022;0,55917817
3,77625022;0,93196356
3,78125022;1,49175680
3,78625022;0,55917817
3,79125022;0,55917817
3,79625022;0,55917817
3,80125022;0,93196356
3,80625022;0,55917817
3,81125022;1,11897147
3,81625022;0,93196356
3,82125022;0,55917817
3,82625022;0,55917817
3,83125022;0,37278542
3,83625022;0,55917817
3,84125022;0,93196356
3,84625022;0,55917817
3,85125022;1,11897147
3,85625022;0,74557084
3,86125022;0,55917817
3,86625022;0,93196356
3,87125022;1,49175680
3,87625022;1,11897147
3,88125022;0,93196356
3,88625022;1,11897147
3,89125022;1,49175680
3,89625022;1,86454225
3,90125022;2,05093503
3,90625022;2,42433548
3,91125022;1,67814958
3,91625022;2,98351359
3,92125022;2,23794293
3,92625022;1,49175680
3,93125022;2,23794293
3,93625022;1,86454225
3,94125022;1,86454225
3,94625022;1,86454225
3,95125022;1,49175680
3,95625022;1,49175680
3,96125022;1,11897147
3,96625022;1,49175680
3,97125022;1,30536413
3,97625022;1,11897147
3,98125022;0,18639271
3,98625022;1,11897147
3,99125022;1,86454225
3,99625022;2,23794293
4,00125022;1,30536413
4,00625022;1,11897147
4,01125022;1,11897147
4,01625022;1,30536413
4,02125021;1,11897147
4,02625021;1,11897147
4,03125021;1,49175680
4,03625021;1,11897147
4,04125021;1,11897147
4,04625021;1,30536413
4,05125021;-0,37278542
4,05625021;0,55917817
4,06125021;0,55917817
4,06625021;0,37278542
4,07125021;0,00000000
4,07625021;-0,37278542
4,08125021;-0,18639271
4,08625021;-0,18639271
4,09125021;-0,74557084
4,09625021;-0,55917817
4,10125021;-2,98351359
4,10625021;-0,74557084
4,11125021;-1,30536413
4,11625021;-1,30536413
4,12125021;-1,67814958
4,12625021;-2,23794293
4,13125021;-2,61072826
4,13625021;-2,61072826
4,14125021;-2,98351359
4,14625021;-2,23794293
4,15125021;-2,61072826
4,15625021;-2,98351359
4,16125021;-3,17052150
4,16625021;-2,98351359
4,17125021;-3,54330683
4,17625021;-2,98351359
4,18125021;-2,23794293
4,18625021;-3,54330683
4,19125021;-2,05093503
4,19625021;-2,98351359
4,20125021;-2,23794293
4,20625021;-2,98351359
4,21125021;-2,98351359
4,21625021;-2,98351359
4,22125021;-6,52743578
4,22625021;-4,47588587
4,23125021;-4,84867096
4,23625021;-5,03506374
4,24125021;-5,78124952
4,24625021;-6,15403509
4,25125021;-6,52743578
4,25625021;-6,52743578
4,26125021;-6,71382856
4,26625021;-6,52743578
4,27125021;-6,71382856
4,27625021;-6,15403509
4,28125021;-5,40846395
4,28625021;-5,22207165
4,29125021;-4,28949261
4,29625021;-4,28949261
4,30125021;-3,54330683
4,30625021;-2,98351359
4,31125021;-2,79712105
4,31625021;-2,05093503
4,32125021;-1,67814958
4,32625021;-1,86454225
4,33125021;-2,23794293
4,33625021;-2,61072826
4,34125021;-2,05093503
4,34625021;-1,49175680
4,35125021;-2,61072826
4,35625021;-2,79712105
4,36125021;-2,05093503
4,36625021;-2,42433548
4,37125021;-1,67814958
4,37625021;-1,30536413
4,38125021;-1,11897147
4,38625021;-0,74557084
4,39125021;-0,74557084
4,39625021;-1,11897147
4,40125021;0,37278542
4,40625021;0,37278542
4,41125021;0,55917817
4,41625020;1,11897147
4,42125020;0,55917817
4,42625020;3,35691428
4,43125020;0,93196356
4,43625020;1,49175680
4,44125020;1,11897147
4,44625020;1,49175680
4,45125020;2,05093503
4,45625020;2,23794293
4,46125020;2,42433548
4,46625020;2,61072826
4,47125020;2,98351359
4,47625020;3,35691428
4,48125020;3,72969961
4,48625020;3,91609240
4,49125020;4,66227818
4,49625020;4,66227818
4,50125020;4,28949261
4,50625020;4,84867096
4,51125020;4,28949261
4,51625020;4,66227818
4,52125020;4,84867096
4,52625020;5,22207165
4,53125020;4,47588587
4,53625020;4,66227818
4,54125020;4,28949261
4,54625020;4,28949261
4,55125020;2,98351359
4,55625020;4,10248518
4,56125020;3,91609240
4,56625020;3,72969961
4,57125020;2,98351359
4,57625020;3,72969961
4,58125020;4,28949261
4,58625020;3,91609240
4,59125020;2,98351359
4,59625020;3,91609240
4,60125020;4,28949261
4,60625020;3,91609240
4,61125020;4,10248518
4,61625020;3,91609240
4,62125020;3,72969961
4,62625020;3,35691428
4,63125020;3,35691428
4,63625020;2,79712105
4,64125020;2,61072826
4,64625020;2,05093503
4,65125020;2,42433548
4,65625020;1,67814958
4,66125020;1,11897147
4,66625020;0,93196356
4,67125020;0,55917817
4,67625020;0,93196356
4,68125020;-0,37278542
4,68625020;0,18639271
4,69125020;-0,18639271
4,69625020;-0,74557084
4,70125020;-0,74557084
4,70625020;-1,11897147
4,71125020;-0,74557084
4,71625020;-1,11897147
4,72125020;-1,67814958
4,72625020;-1,86454225
4,73125020;-2,05093503
4,73625020;-2,98351359
4,74125020;-2,61072826
4,74625020;-2,42433548
4,75125020;-3,72969961
4,75625020;-4,10248518
4,76125020;-3,54330683
4,76625020;-4,84867096
4,77125020;-5,03506374
4,77625020;-4,66227818
4,78125020;-5,22207165
4,78625020;-5,59485722
4,79125020;-5,96764231
4,79625020;-5,78124952
4,80125020;-5,96764231
4,80625020;-6,15403509
4,81125019;-6,71382856
4,81625019;-6,71382856
4,82125019;-6,90022135
4,82625019;-6,71382856
4,83125019;-7,08661366
4,83625019;-6,90022135
4,84125019;-6,52743578
4,84625019;-6,34104300
4,85125019;-6,52743578
4,85625019;-6,52743578
4,86125019;-5,59485722
4,86625019;-5,96764231
4,87125019;-6,15403509
4,87625019;-4,84867096
4,88125019;-4,84867096
4,88625019;-4,10248518
4,89125019;-3,91609240
4,89625019;-2,98351359
4,90125019;-2,42433548
4,90625019;-3,54330683
4,91125019;-2,98351359
4,91625019;-2,61072826
4,92125019;-3,35691428
4,92625019;-3,35691428
4,93125019;-4,28949261
4,93625019;-4,28949261
4,94125019;-4,84867096
4,94625019;-5,22207165
4,95125019;-5,40846395
4,95625019;-5,40846395
4,96125019;-5,78124952
4,96625019;-5,78124952
4,97125019;-6,15403509
4,97625019;-5,03506374
4,98125019;-4,47588587
4,98625019;-4,10248518
4,99125019;-3,91609240
4,99625019;-3,54330683
5,00125019;-2,61072826
5,00625019;-2,05093503
5,01125019;-2,61072826
5,01625019;-1,67814958
5,02125019;-1,30536413
5,02625019;-1,49175680
5,03125019;-0,74557084
5,03625019;-1,11897147
5,04125019;-1,30536413
5,04625019;-1,49175680
5,05125019;-1,30536413
5,05625019;-1,11897147
5,06125019;-1,30536413
5,06625019;-1,30536413
5,07125019;-1,11897147
5,07625019;-0,55917817
5,08125019;0,37278542
5,08625019;-0,37278542
5,09125019;0,55917817
5,09625019;0,93196356
5,10125019;1,86454225
5,10625019;1,86454225
5,11125019;2,23794293
5,11625019;2,42433548
5,12125019;2,05093503
5,12625019;2,98351359
5,13125019;2,79712105
5,13625019;2,98351359
5,14125019;3,35691428
5,14625019;2,79712105
5,15125019;3,17052150
5,15625019;3,35691428
5,16125019;3,72969961
5,16625019;3,35691428
5,17125019;3,35691428
5,17625019;3,72969961
5,18125019;4,10248518
5,18625019;3,91609240
5,19125019;2,79712105
5,19625019;3,91609240
5,20125019;4,10248518
5,20625019;4,28949261
5,21125018;3,72969961
5,21625018;4,47588587
5,22125018;4,28949261
5,22625018;3,72969961
5,23125018;3,35691428
5,23625018;3,72969961
5,24125018;3,72969961
5,24625018;3,35691428
5,25125018;3,72969961
5,25625018;3,91609240
5,26125018;3,72969961
5,26625018;3,91609240
5,27125018;3,91609240
5,27625018;3,91609240
5,28125018;4,10248518
5,28625018;4,28949261
5,29125018;4,66227818
5,29625018;4,84867096
5,30125018;4,66227818
5,30625018;4,84867096
5,31125018;5,22207165
5,31625018;4,66227818
5,32125018;4,66227818
5,32625018;4,28949261
5,33125018;4,28949261
5,33625018;3,72969961
5,34125018;3,91609240
5,34625018;3,17052150
5,35125018;3,35691428
5,35625018;3,72969961
5,36125018;3,35691428
5,36625018;3,17052150
5,37125018;2,98351359
5,37625018;2,79712105
5,38125018;2,98351359
5,38625018;2,98351359
5,39125018;2,98351359
5,39625018;2,61072826
5,40125018;2,05093503
5,40625018;2,05093503
5,41125018;2,79712105
5,41625018;2,23794293
5,42125018;2,79712105
5,42625018;2,42433548
5,43125018;2,61072826
5,43625018;1,67814958
5,44125018;1,30536413
5,44625018;2,05093503
5,45125018;1,11897147
5,45625018;1,11897147
5,46125018;0,93196356
5,46625018;0,37278542
5,47125018;1,11897147
5,47625018;0,55917817
5,48125018;0,55917817
5,48625018;0,74557084
5,49125018;0,93196356
5,49625018;0,93196356
5,50125018;0,93196356
5,50625018;1,49175680
5,51125018;1,11897147
5,51625018;0,93196356
5,52125018;0,93196356
5,52625018;1,11897147
5,53125018;0,93196356
5,53625018;0,93196356
5,54125018;0,55917817
5,54625018;0,55917817
5,55125018;1,49175680
5,55625018;1,11897147
5,56125018;1,11897147
5,56625018;1,49175680
5,57125018;1,11897147
5,57625018;0,93196356
5,58125018;1,67814958
5,58625018;1,86454225
5,59125018;1,86454225
5,59625018;2,23794293
5,60125018;1,86454225
5,60625017;2,42433548
5,61125017;1,67814958
5,61625017;2,05093503
5,62125017;1,86454225
5,62625017;2,05093503
5,63125017;2,23794293
5,63625017;1,86454225
5,64125017;1,86454225
5,64625017;2,05093503
5,65125017;2,42433548
5,65625017;2,05093503
5,66125017;1,11897147
5,66625017;1,49175680
5,67125017;1,49175680
5,67625017;1,67814958
5,68125017;0,93196356
5,68625017;1,86454225
5,69125017;1,49175680
5,69625017;1,11897147
5,70125017;1,30536413
5,70625017;2,05093503
5,71125017;1,49175680
5,71625017;1,86454225
5,72125017;1,49175680
5,72625017;0,93196356
5,73125017;1,30536413
5,73625017;-0,37278542
5,74125017;1,30536413
5,74625017;1,30536413
5,75125017;1,30536413
5,75625017;0,93196356
5,76125017;0,74557084
5,76625017;0,00000000
5,77125017;0,18639271
5,77625017;-0,18639271
5,78125017;0,37278542
5,78625017;0,00000000
5,79125017;-0,18639271
5,79625017;-0,55917817
5,80125017;-0,37278542
5,80625017;-0,37278542
5,81125017;-1,30536413
5,81625017;-0,93196356
5,82125017;-1,67814958
5,82625017;-1,49175680
5,83125017;-2,23794293
5,83625017;-2,23794293
5,84125017;-3,17052150
5,84625017;-3,35691428
5,85125017;-3,35691428
5,85625017;-2,98351359
5,86125017;-3,35691428
5,86625017;-3,17052150
5,87125017;-3,54330683
5,87625017;-3,54330683
5,88125017;-3,17052150
5,88625017;-2,79712105
5,89125017;-1,67814958
5,89625017;-2,61072826
5,90125017;-2,42433548
5,90625017;-2,42433548
5,91125017;-2,23794293
5,91625017;-2,61072826
5,92125017;-4,10248518
5,92625017;-3,54330683
5,93125017;-3,54330683
5,93625017;-4,84867096
5,94125017;-5,40846395
5,94625017;-5,59485722
5,95125017;-6,34104300
5,95625017;-6,52743578
5,96125017;-6,34104300
5,96625017;-6,90022135
5,97125017;-6,90022135
5,97625017;-6,34104300
5,98125017;-6,71382856
5,98625017;-5,59485722
5,99125017;-5,03506374
5,99625017;-4,28949261
6,00125016;-4,47588587
6,00625016;-3,54330683
6,01125016;-3,17052150
6,01625016;-2,79712105
6,02125016;-2,61072826
6,02625016;-2,42433548
6,03125016;-2,23794293
6,03625016;-2,61072826
6,04125016;-2,98351359
6,04625016;-2,42433548
6,05125016;-3,17052150
6,05625016;-3,17052150
6,06125016;-2,61072826
6,06625016;-2,61072826
6,07125016;-3,17052150
6,07625016;-2,61072826
6,08125016;-2,42433548
6,08625016;-1,67814958
6,09125016;-1,67814958
6,09625016;-0,93196356
6,10125016;-0,37278542
6,10625016;-0,37278542
6,11125016;0,55917817
6,11625016;0,74557084
6,12125016;1,30536413
6,12625016;0,74557084
6,13125016;1,30536413
6,13625016;1,49175680
6,14125016;0,37278542
6,14625016;1,86454225
6,15125016;2,05093503
6,15625016;2,05093503
6,16125016;2,05093503
6,16625016;2,05093503
6,17125016;2,79712105
6,17625016;3,17052150
6,18125016;2,79712105
6,18625016;2,98351359
6,19125016;3,54330683
6,19625016;4,10248518
6,20125016;4,66227818
6,20625016;3,72969961
6,21125016;4,28949261
6,21625016;4,84867096
6,22125016;4,66227818
6,22625016;4,84867096
6,23125016;4,47588587
6,23625016;4,66227818
6,24125016;4,84867096
6,24625016;4,28949261
6,25125016;3,54330683
6,25625016;3,72969961
6,26125016;3,17052150
6,26625016;3,54330683
6,27125016;3,54330683
6,27625016;3,54330683
6,28125016;3,35691428
6,28625016;3,35691428
6,29125016;3,35691428
6,29625016;2,98351359
6,30125016;3,72969961
6,30625016;3,91609240
6,31125016;4,10248518
6,31625016;3,72969961
6,32125016;3,17052150
6,32625016;4,28949261
6,33125016;3,35691428
6,33625016;3,91609240
6,34125016;3,17052150
6,34625016;2,79712105
6,35125016;2,61072826
6,35625016;2,79712105
6,36125016;1,67814958
6,36625016;1,86454225
6,37125016;1,49175680
6,37625016;0,93196356
6,38125016;0,37278542
6,38625016;0,18639271
6,39125016;0,00000000
6,39625015;-0,37278542
6,40125015;0,00000000
6,40625015;-0,74557084
6,41125015;-0,37278542
6,41625015;0,18639271
6,42125015;-1,67814958
6,42625015;-0,74557084
6,43125015;-1,11897147
6,43625015;-1,86454225
6,44125015;-2,61072826
6,44625015;-2,05093503
6,45125015;-2,61072826
6,45625015;-3,17052150
6,46125015;-3,54330683
6,46625015;-3,91609240
6,47125015;-4,28949261
6,47625015;-4,84867096
6,48125015;-5,22207165
6,48625015;-5,03506374
6,49125015;-5,78124952
6,49625015;-5,78124952
6,50125015;-5,78124952
6,50625015;-6,15403509
6,51125015;-7,27362204
6,51625015;-6,15403509
6,52125015;-6,52743578
6,52625015;-6,90022135
6,53125015;-6,34104300
6,53625015;-6,71382856
6,54125015;-6,15403509
6,54625015;-6,71382856
6,55125015;-5,78124952
6,55625015;-6,34104300
6,56125015;-6,34104300
6,56625015;-5,40846395
6,57125015;-6,34104300
6,57625015;-5,78124952
6,58125015;-5,78124952
6,58625015;-5,03506374
6,59125015;-4,28949261
6,59625015;-4,84867096
6,60125015;-3,91609240
6,60625015;-3,91609240
6,61125015;-3,72969961
6,61625015;-3,54330683
6,62125015;-3,17052150
6,62625015;-3,54330683
6,63125015;-3,35691428
6,63625015;-2,61072826
6,64125015;-4,47588587
6,64625015;-4,28949261
6,65125015;-4,84867096
6,65625015;-5,03506374
6,66125015;-5,40846395
6,66625015;-5,40846395
6,67125015;-5,40846395
6,67625015;-5,78124952
6,68125015;-5,59485722
6,68625015;-5,22207165
6,69125015;-4,84867096
6,69625015;-3,91609240
6,70125015;-4,10248518
6,70625015;-3,54330683
6,71125015;-3,54330683
6,71625015;-2,98351359
6,72125015;-2,42433548
6,72625015;-2,23794293
6,73125015;-1,11897147
6,73625015;-1,30536413
6,74125015;-1,67814958
6,74625015;-1,11897147
6,75125015;-1,49175680
6,75625015;-1,30536413
6,76125015;-1,30536413
6,76625015;-1,30536413
6,77125015;-1,11897147
6,77625015;-0,93196356
6,78125015;-0,93196356
6,78625015;-1,30536413
6,79125014;-0,37278542
6,79625014;-0,18639271
6,80125014;0,74557084
6,80625014;0,93196356
6,81125014;1,30536413
6,81625014;1,86454225
6,82125014;2,05093503
6,82625014;2,23794293
6,83125014;2,42433548
6,83625014;2,42433548
6,84125014;1,86454225
6,84625014;3,17052150
6,85125014;3,35691428
6,85625014;2,98351359
6,86125014;2,79712105
6,86625014;3,35691428
6,87125014;3,17052150
6,87625014;3,72969961
6,88125014;2,79712105
6,88625014;2,79712105
6,89125014;2,98351359
6,89625014;2,98351359
6,90125014;3,35691428
6,90625014;3,72969961
6,91125014;3,35691428
6,91625014;3,91609240
6,92125014;4,28949261
6,92625014;3,91609240
6,93125014;4,10248518
6,93625014;4,47588587
6,94125014;4,10248518
6,94625014;3,91609240
6,95125014;4,28949261
6,95625014;3,72969961
6,96125014;3,72969961
6,96625014;3,54330683
6,97125014;2,98351359
6,97625014;3,72969961
6,98125014;3,72969961
6,98625014;3,35691428
6,99125014;3,54330683
6,99625014;3,72969961
7,00125014;3,91609240
7,00625014;4,84867096
7,01125014;3,91609240
7,01625014;4,66227818
7,02125014;4,28949261
7,02625014;5,03506374
7,03125014;4,66227818
7,03625014;4,66227818
7,04125014;3,72969961
7,04625014;3,91609240
7,05125014;3,35691428
7,05625014;2,98351359
7,06125014;2,98351359
7,06625014;2,98351359
7,07125014;2,61072826
7,07625014;2,42433548
7,08125014;2,42433548
7,08625014;2,23794293
7,09125014;2,42433548
7,09625014;2,61072826
7,10125014;2,79712105
7,10625014;2,23794293
7,11125014;2,23794293
7,11625014;2,23794293
7,12125014;2,05093503
7,12625014;2,05093503
7,13125014;1,49175680
7,13625014;2,79712105
7,14125014;1,86454225
7,14625014;1,30536413
7,15125014;1,67814958
7,15625014;1,30536413
7,16125014;1,11897147
7,16625014;1,67814958
7,17125014;1,11897147
7,17625014;1,11897147
7,18125014;0,74557084
7,18625013;0,74557084
7,19125013;1,11897147
7,19625013;0,55917817
7,20125013;0,55917817
7,20625013;0,37278542
7,21125013;0,93196356
7,21625013;0,37278542
7,22125013;0,55917817
7,22625013;0,55917817
7,23125013;0,55917817
7,23625013;0,93196356
7,24125013;0,93196356
7,24625013;0,55917817
7,25125013;0,18639271
7,25625013;1,11897147
7,26125013;0,55917817
7,26625013;0,55917817
7,27125013;0,37278542
7,27625013;1,11897147
7,28125013;0,55917817
7,28625013;0,74557084
7,29125013;1,30536413
7,29625013;1,49175680
7,30125013;0,93196356
7,30625013;1,67814958
7,31125013;2,05093503
7,31625013;1,86454225
7,32125013;0,93196356
7,32625013;2,05093503
7,33125013;1,86454225
7,33625013;2,05093503
7,34125013;1,86454225
7,34625013;1,11897147
7,35125013;1,11897147
7,35625013;2,05093503
7,36125013;1,49175680
7,36625013;1,86454225
7,37125013;1,49175680
7,37625013;-0,55917817
7,38125013;0,93196356
7,38625013;0,93196356
7,39125013;0,55917817
7,39625013;1,30536413
7,40125013;0,74557084
7,40625013;0,37278542
7,41125013;1,11897147
7,41625013;0,93196356
7,42125013;0,93196356
7,42625013;0,55917817
7,43125013;0,93196356
7,43625013;0,74557084
7,44125013;0,55917817
7,44625013;0,74557084
7,45125013;1,11897147
7,45625013;0,55917817
7,46125013;0,55917817
7,46625013;1,11897147
7,47125013;0,74557084
7,47625013;0,93196356
7,48125013;0,37278542
7,48625013;0,00000000
7,49125013;0,18639271
7,49625013;-0,18639271
7,50125013;-0,18639271
7,50625013;-0,74557084
7,51125013;-1,11897147
7,51625013;-0,55917817
7,52125013;-1,11897147
7,52625013;-1,30536413
7,53125013;-2,05093503
7,53625013;-3,35691428
7,54125013;-2,23794293
7,54625013;-2,61072826
7,55125013;-3,17052150
7,55625013;-2,61072826
7,56125013;-2,79712105
7,56625013;-2,79712105
7,57125013;-3,17052150
7,57625013;-2,61072826
7,58125013;-2,98351359
7,58625012;-1,86454225
7,59125012;-2,42433548
7,59625012;-1,30536413
7,60125012;-1,30536413
7,60625012;-1,30536413
7,61125012;-2,05093503
7,61625012;-1,30536413
7,62125012;-1,67814958
7,62625012;-2,05093503
7,63125012;-3,17052150
7,63625012;-3,17052150
7,64125012;-3,91609240
7,64625012;-4,28949261
7,65125012;-5,03506374
7,65625012;-5,59485722
7,66125012;-5,78124952
7,66625012;-5,96764231
7,67125012;-6,71382856
7,67625012;-6,34104300
7,68125012;-6,71382856
7,68625012;-6,34104300
7,69125012;-5,78124952
7,69625012;-6,15403509
7,70125012;-5,22207165
7,70625012;-4,10248518
7,71125012;-4,47588587
7,71625012;-3,54330683
7,72125012;-3,17052150
7,72625012;-2,61072826
7,73125012;-2,61072826
7,73625012;-2,98351359
7,74125012;-1,30536413
7,74625012;-2,42433548
7,75125012;-2,42433548
7,75625012;-2,05093503
7,76125012;-2,79712105
7,76625012;-2,61072826
7,77125012;-2,98351359
7,77625012;-1,86454225
7,78125012;-2,79712105
7,78625012;-2,05093503
7,79125012;-2,23794293
7,79625012;-1,49175680
7,80125012;-1,49175680
7,80625012;-1,30536413
7,81125012;-1,30536413
7,81625012;-0,37278542
7,82125012;-0,37278542
7,82625012;0,37278542
7,83125012;0,55917817
7,83625012;0,93196356
7,84125012;0,93196356
7,84625012;1,86454225
7,85125012;1,86454225
7,85625012;1,49175680
7,86125012;1,86454225
7,86625012;1,86454225
7,87125012;1,67814958
7,87625012;1,86454225
7,88125012;2,42433548
7,88625012;2,42433548
7,89125012;2,42433548
7,89625012;2,98351359
7,90125012;3,35691428
7,90625012;3,91609240
7,91125012;4,28949261
7,91625012;4,10248518
7,92125012;4,66227818
7,92625012;4,66227818
7,93125012;4,28949261
7,93625012;4,10248518
7,94125012;4,84867096
7,94625012;4,66227818
7,95125012;4,28949261
7,95625012;3,91609240
7,96125012;3,91609240
7,96625012;4,47588587
7,97125012;3,91609240
7,97625012;3,91609240
7,98125011;3,35691428
7,98625011;3,54330683
7,99125011;3,35691428
7,99625011;4,10248518
8,00125011;3,35691428
8,00625011;3,72969961
8,01125011;3,35691428
8,01625011;4,28949261
8,02125011;3,72969961
8,02625011;3,91609240
8,03125011;4,10248518
8,03625011;4,28949261
8,04125011;3,54330683
8,04625011;3,72969961
8,05125011;2,98351359
8,05625011;2,79712105
8,06125011;2,23794293
8,06625011;2,23794293
8,07125011;1,49175680
8,07625011;2,42433548
8,08125011;0,37278542
8,08625011;0,37278542
8,09125011;0,93196356
8,09625011;0,55917817
8,10125011;0,18639271
8,10625011;0,55917817
8,11125011;-0,55917817
8,11625011;0,18639271
8,12125011;0,00000000
8,12625011;0,00000000
8,13125011;-0,74557084
8,13625011;-0,74557084
8,14125011;-1,67814958
8,14625011;-1,86454225
8,15125011;-3,35691428
8,15625011;-3,54330683
8,16125011;-3,35691428
8,16625011;-3,54330683
8,17125011;-4,10248518
8,17625011;-4,47588587
8,18125011;-4,47588587
8,18625011;-5,03506374
8,19125011;-5,22207165
8,19625011;-5,78124952
8,20125011;-5,40846395
8,20625011;-5,78124952
8,21125011;-5,78124952
8,21625011;-5,96764231
8,22125011;-5,96764231
8,22625011;-6,15403509
8,23125011;-6,90022135
8,23625011;-6,34104300
8,24125011;-6,52743578
8,24625011;-6,90022135
8,25125011;-7,27362204
8,25625011;-6,90022135
8,26125011;-7,08661366
8,26625011;-7,27362204
8,27125011;-6,90022135
8,27625011;-6,90022135
8,28125011;-6,52743578
8,28625011;-5,78124952
8,29125011;-5,40846395
8,29625011;-5,03506374
8,30125011;-4,28949261
8,30625011;-4,66227818
8,31125011;-4,10248518
8,31625011;-4,10248518
8,32125011;-3,54330683
8,32625011;-2,98351359
8,33125011;-3,91609240
8,33625011;-2,98351359
8,34125011;-4,47588587
8,34625011;-4,10248518
8,35125011;-5,40846395
8,35625011;-5,03506374
8,36125011;-5,03506374
8,36625011;-5,03506374
8,37125011;-5,96764231
8,37625010;-5,78124952
8,38125010;-5,96764231
8,38625010;-4,84867096
8,39125010;-5,59485722
8,39625010;-4,84867096
8,40125010;-4,84867096
8,40625010;-3,91609240
8,41125010;-3,35691428
8,41625010;-3,17052150
8,42125010;-3,17052150
8,42625010;-2,05093503
8,43125010;-2,23794293
8,43625010;-1,49175680
8,44125010;-1,67814958
8,44625010;-1,86454225
8,45125010;1,49175680
8,45625010;-1,86454225
8,46125010;-1,30536413
8,46625010;-1,30536413
8,47125010;-1,49175680
8,47625010;-1,11897147
8,48125010;-1,30536413
8,48625010;-1,30536413
8,49125010;-0,37278542
8,49625010;-0,37278542
8,50125010;-0,18639271
8,50625010;0,37278542
8,51125010;0,93196356
8,51625010;0,55917817
8,52125010;1,49175680
8,52625010;1,67814958
8,53125010;1,67814958
8,53625010;1,11897147
8,54125010;2,98351359
8,54625010;2,79712105
8,55125010;1,67814958
8,55625010;2,98351359
8,56125010;3,17052150
8,56625010;2,42433548
8,57125010;3,17052150
8,57625010;3,72969961
8,58125010;3,35691428
8,58625010;3,72969961
8,59125010;3,54330683
8,59625010;3,35691428
8,60125010;3,91609240
8,60625010;3,91609240
8,61125010;3,72969961
8,61625010;4,28949261
8,62125010;4,66227818
8,62625010;3,72969961
8,63125010;3,35691428
8,63625010;4,28949261
8,64125010;3,91609240
8,64625010;3,91609240
8,65125010;3,91609240
8,65625010;3,91609240
8,66125010;4,10248518
8,66625010;3,91609240
8,67125010;3,35691428
8,67625010;3,17052150
8,68125010;3,35691428
8,68625010;3,35691428
8,69125010;3,72969961
8,69625010;3,17052150
8,70125010;3,91609240
8,70625010;3,91609240
8,71125010;3,72969961
8,71625010;4,47588587
8,72125010;4,84867096
8,72625010;4,28949261
8,73125010;4,28949261
8,73625010;5,78124952
8,74125010;4,28949261
8,74625010;4,28949261
8,75125010;3,72969961
8,75625010;4,47588587
8,76125010;3,91609240
8,76625010;3,35691428
8,77125009;3,35691428
8,77625009;3,35691428
8,78125009;3,91609240
8,78625009;3,35691428
8,79125009;2,79712105
8,79625009;2,98351359
8,80125009;2,98351359
8,80625009;2,79712105
8,81125009;2,42433548
8,81625009;2,61072826
8,82125009;1,86454225
8,82625009;2,42433548
8,83125009;2,42433548
8,83625009;2,05093503
8,84125009;2,42433548
8,84625009;1,49175680
8,85125009;1,86454225
8,85625009;1,86454225
8,86125009;1,30536413
8,86625009;1,67814958
8,87125009;1,30536413
8,87625009;0,93196356
8,88125009;0,37278542
8,88625009;0,55917817
8,89125009;0,74557084
8,89625009;0,55917817
8,90125009;0,55917817
8,90625009;0,93196356
8,91125009;-0,37278542
8,91625009;0,55917817
8,92125009;0,93196356
8,92625009;0,93196356
8,93125009;0,74557084
8,93625009;0,93196356
8,94125009;1,30536413
8,94625009;0,55917817
8,95125009;0,55917817
8,95625009;0,93196356
8,96125009;0,37278542
8,96625009;0,74557084
8,97125009;1,11897147
8,97625009;0,74557084
8,98125009;1,67814958
8,98625009;0,93196356
8,99125009;1,11897147
8,99625009;1,49175680
9,00125009;1,86454225
9,00625009;1,67814958
9,01125009;1,86454225
9,01625009;1,49175680
9,02125009;1,30536413
9,02625009;1,86454225
9,03125009;1,86454225
9,03625009;1,86454225
9,04125009;1,67814958
9,04625009;2,23794293
9,05125009;2,23794293
9,05625009;1,49175680
9,06125009;1,86454225
9,06625009;2,05093503
9,07125009;1,30536413
9,07625009;1,30536413
9,08125009;1,86454225
9,08625009;1,86454225
9,09125009;1,30536413
9,09625009;0,55917817
9,10125009;1,11897147
9,10625009;1,86454225
9,11125009;0,93196356
9,11625009;1,11897147
9,12125009;0,93196356
9,12625009;1,49175680
9,13125009;0,93196356
9,13625009;-0,18639271
9,14125009;0,37278542
9,14625009;1,49175680
9,15125009;0,93196356
9,15625009;1,11897147
9,16125009;0,93196356
9,16625008;1,30536413
9,17125008;0,93196356
9,17625008;1,11897147
9,18125008;0,55917817
9,18625008;1,11897147
9,19125008;0,18639271
9,19625008;0,37278542
9,20125008;0,18639271
9,20625008;0,55917817
9,21125008;-0,74557084
9,21625008;-1,11897147
9,22125008;-0,93196356
9,22625008;-1,11897147
9,23125008;-1,49175680
9,23625008;-2,05093503
9,24125008;-1,86454225
9,24625008;-2,05093503
9,25125008;-2,61072826
9,25625008;-3,17052150
9,26125008;-3,91609240
9,26625008;-2,79712105
9,27125008;-2,98351359
9,27625008;-3,17052150
9,28125008;-2,98351359
9,28625008;-3,17052150
9,29125008;-2,61072826
9,29625008;-2,61072826
9,30125008;-2,23794293
9,30625008;-2,61072826
9,31125008;-1,49175680
9,31625008;-2,23794293
9,32125008;-2,05093503
9,32625008;-2,05093503
9,33125008;-2,61072826
9,33625008;-2,61072826
9,34125008;-3,35691428
9,34625008;-3,91609240
9,35125008;-4,66227818
9,35625008;-4,66227818
9,36125008;-5,40846395
9,36625008;-5,40846395
9,37125008;-5,78124952
9,37625008;-5,78124952
9,38125008;-6,34104300
9,38625008;-6,15403509
9,39125008;-6,15403509
9,39625008;-5,03506374
9,40125008;-5,03506374
9,40625008;-4,10248518
9,41125008;-3,91609240
9,41625008;-3,35691428
9,42125008;-2,98351359
9,42625008;-2,98351359
9,43125008;-2,98351359
9,43625008;-2,05093503
9,44125008;-2,79712105
9,44625008;-2,42433548
9,45125008;-2,61072826
9,45625008;-2,98351359
9,46125008;-2,79712105
9,46625008;-2,98351359
9,47125008;-2,98351359
9,47625008;-2,98351359
9,48125008;-2,61072826
9,48625008;-2,79712105
9,49125008;-3,17052150
9,49625008;-1,86454225
9,50125008;-1,49175680
9,50625008;-0,74557084
9,51125008;-1,11897147
9,51625008;-1,11897147
9,52125008;0,18639271
9,52625008;0,18639271
9,53125008;0,55917817
9,53625008;0,55917817
9,54125008;1,11897147
9,54625008;0,93196356
9,55125008;1,49175680
9,55625008;1,11897147
9,56125007;1,30536413
9,56625007;1,86454225
9,57125007;1,30536413
9,57625007;1,86454225
9,58125007;2,05093503
9,58625007;2,23794293
9,59125007;2,79712105
9,59625007;2,79712105
9,60125007;3,35691428
9,60625007;3,54330683
9,61125007;4,28949261
9,61625007;4,47588587
9,62125007;4,66227818
9,62625007;4,66227818
9,63125007;4,66227818
9,63625007;4,66227818
9,64125007;4,66227818
9,64625007;4,47588587
9,65125007;4,47588587
9,65625007;4,84867096
9,66125007;3,54330683
9,66625007;4,28949261
9,67125007;3,35691428
9,67625007;3,72969961
9,68125007;3,72969961
9,68625007;3,54330683
9,69125007;2,98351359
9,69625007;3,91609240
9,70125007;2,98351359
9,70625007;3,54330683
9,71125007;3,35691428
9,71625007;3,91609240
9,72125007;3,72969961
9,72625007;3,72969961
9,73125007;3,72969961
9,73625007;3,17052150
9,74125007;3,17052150
9,74625007;2,79712105
9,75125007;2,79712105
9,75625007;2,98351359
9,76125007;2,61072826
9,76625007;2,79712105
9,77125007;1,67814958
9,77625007;1,49175680
9,78125007;1,11897147
9,78625007;1,11897147
9,79125007;0,00000000
9,79625007;0,93196356
9,80125007;0,18639271
9,80625007;0,18639271
9,81125007;0,18639271
9,81625007;-0,37278542
9,82125007;-0,37278542
9,82625007;-0,37278542
9,83125007;-0,93196356
9,83625007;-0,74557084
9,84125007;-1,30536413
9,84625007;-1,67814958
9,85125007;-1,86454225
9,85625007;-2,23794293
9,86125007;-2,98351359
9,86625007;-2,98351359
9,87125007;-3,17052150
9,87625007;-4,10248518
9,88125007;-4,28949261
9,88625007;-5,03506374
9,89125007;-4,47588587
9,89625007;-5,03506374
9,90125007;-5,22207165
9,90625007;-5,40846395
9,91125007;-5,78124952
9,91625007;-5,40846395
9,92125007;-5,96764231
9,92625007;-5,78124952
9,93125007;-5,96764231
9,93625007;-5,96764231
9,94125007;-6,34104300
9,94625007;-6,90022135
9,95125007;-5,78124952
9,95625007;-6,52743578
9,96125006;-6,90022135
9,96625006;-6,34104300
9,97125006;-6,52743578
9,97625006;-6,71382856
9,98125006;-6,15403509
9,98625006;-6,15403509
9,99125006;-6,90022135
9,99625006;-5,78124952
10,00125006;-5,78124952
10,00625006;-5,03506374
10,01125006;-4,10248518
10,01625006;-4,47588587
10,02125006;-3,72969961
10,02625006;-3,17052150
10,03125006;-3,17052150
10,03625006;-2,98351359
10,04125006;-3,35691428
10,04625006;-3,35691428
10,05125006;-3,54330683
10,05625006;-4,10248518
10,06125006;-4,10248518
10,06625006;-4,84867096
10,07125006;-5,22207165
10,07625006;-5,40846395
10,08125006;-6,15403509
10,08625006;-5,78124952
10,09125006;-5,96764231
10,09625006;-5,22207165
10,10125006;-5,03506374
10,10625006;-4,66227818
10,11125006;-4,28949261
10,11625006;-3,54330683
10,12125006;-3,35691428
10,12625006;-2,61072826
10,13125006;-2,05093503
10,13625006;-1,30536413
10,14125006;-2,05093503
10,14625006;-0,93196356
10,15125006;-1,49175680
10,15625006;-0,37278542
10,16125006;-1,11897147
10,16625006;-0,93196356
10,17125006;-0,74557084
10,17625006;-1,49175680
10,18125006;-1,30536413
10,18625006;-1,11897147
10,19125006;-1,11897147
10,19625006;-1,67814958
10,20125006;-1,11897147
10,20625006;-0,37278542
10,21125006;-0,18639271
10,21625006;0,74557084
10,22125006;0,93196356
10,22625006;1,11897147
10,23125006;1,11897147
10,23625006;2,42433548
10,24125006;2,42433548
10,24625006;2,42433548
10,25125006;2,61072826
10,25625006;2,79712105
10,26125006;3,35691428
10,26625006;2,79712105
10,27125006;2,98351359
10,27625006;3,72969961
10,28125006;3,35691428
10,28625006;3,35691428
10,29125006;3,35691428
10,29625006;3,35691428
10,30125006;3,72969961
10,30625006;3,72969961
10,31125006;3,72969961
10,31625006;3,72969961
10,32125006;4,10248518
10,32625006;4,84867096
10,33125006;3,91609240
10,33625006;4,28949261
10,34125006;4,84867096
10,34625006;4,28949261
10,35125006;4,47588587
10,35625005;3,72969961
10,36125005;4,47588587
10,36625005;2,98351359
10,37125005;3,91609240
10,37625005;3,72969961
10,38125005;4,28949261
10,38625005;3,91609240
10,39125005;3,91609240
10,39625005;3,35691428
10,40125005;3,72969961
10,40625005;4,28949261
10,41125005;3,35691428
10,41625005;4,66227818
10,42125005;4,10248518
10,42625005;4,28949261
10,43125005;4,10248518
10,43625005;4,66227818
10,44125005;4,66227818
10,44625005;5,03506374
10,45125005;5,22207165
10,45625005;3,91609240
10,46125005;4,10248518
10,46625005;3,54330683
10,47125005;3,35691428
10,47625005;3,35691428
10,48125005;3,17052150
10,48625005;2,61072826
10,49125005;2,98351359
10,49625005;2,79712105
10,50125005;2,23794293
10,50625005;2,61072826
10,51125005;2,61072826
10,51625005;2,42433548
10,52125005;2,23794293
10,52625005;2,23794293
10,53125005;2,23794293
10,53625005;2,05093503
10,54125005;2,23794293
10,54625005;1,49175680
10,55125005;1,86454225
10,55625005;2,23794293
10,56125005;1,86454225
10,56625005;0,93196356
10,57125005;0,74557084
10,57625005;1,30536413
10,58125005;0,93196356
10,58625005;0,55917817
10,59125005;0,55917817
10,59625005;1,11897147
10,60125005;0,55917817
10,60625005;0,55917817
10,61125005;0,55917817
10,61625005;0,93196356
10,62125005;0,55917817
10,62625005;0,55917817
10,63125005;1,11897147
10,63625005;0,74557084
10,64125005;0,37278542
10,64625005;1,11897147
10,65125005;0,93196356
10,65625005;1,30536413
10,66125005;1,11897147
10,66625005;0,74557084
10,67125005;0,55917817
10,67625005;0,93196356
10,68125005;0,93196356
10,68625005;1,11897147
10,69125005;0,93196356
10,69625005;1,30536413
10,70125005;0,93196356
10,70625005;1,49175680
10,71125005;1,11897147
10,71625005;2,05093503
10,72125005;1,86454225
10,72625005;2,05093503
10,73125005;2,23794293
10,73625005;1,86454225
10,74125005;2,05093503
10,74625005;2,42433548
10,75125004;2,23794293
10,75625004;2,42433548
10,76125004;1,67814958
10,76625004;2,05093503
10,77125004;1,67814958
10,77625004;2,23794293
10,78125004;1,86454225
10,78625004;1,86454225
10,79125004;1,67814958
10,79625004;1,49175680
10,80125004;1,49175680
10,80625004;1,67814958
10,81125004;1,30536413
10,81625004;1,11897147
10,82125004;1,30536413
10,82625004;2,05093503
10,83125004;1,49175680
10,83625004;1,86454225
10,84125004;1,86454225
10,84625004;1,11897147
10,85125004;2,05093503
10,85625004;1,86454225
10,86125004;1,86454225
10,86625004;1,67814958
10,87125004;1,11897147
10,87625004;0,93196356
10,88125004;0,55917817
10,88625004;0,55917817
10,89125004;0,37278542
10,89625004;-0,37278542
10,90125004;-0,74557084
10,90625004;-0,37278542
10,91125004;-1,11897147
10,91625004;-1,49175680
10,92125004;-1,30536413
10,92625004;-1,11897147
10,93125004;-1,49175680
10,93625004;-1,11897147
10,94125004;-1,11897147
10,94625004;-1,30536413
10,95125004;-1,30536413
10,95625004;-2,61072826
10,96125004;-2,61072826
10,96625004;-2,23794293
10,97125004;-2,79712105
10,97625004;-2,61072826
10,98125004;-2,23794293
10,98625004;-3,54330683
10,99125004;-2,42433548
10,99625004;-3,17052150
11,00125004;-2,98351359
11,00625004;-2,42433548
11,01125004;-2,61072826
11,01625004;-2,61072826
11,02125004;-3,35691428
11,02625004;-2,98351359
11,03125004;-2,98351359
11,03625004;-2,42433548
11,04125004;-3,54330683
11,04625004;-3,17052150
11,05125004;-3,54330683
11,05625004;-4,28949261
11,06125004;-5,40846395
11,06625004;-5,78124952
11,07125004;-5,59485722
11,07625004;-6,34104300
11,08125004;-6,90022135
11,08625004;-6,71382856
11,09125004;-6,34104300
11,09625004;-6,15403509
11,10125004;-6,71382856
11,10625004;-5,96764231
11,11125004;-4,84867096
11,11625004;-4,84867096
11,12125004;-4,66227818
11,12625004;-4,10248518
11,13125004;-3,54330683
11,13625004;-2,98351359
11,14125004;-2,98351359
11,14625003;-2,61072826
11,15125003;-2,61072826
11,15625003;-2,61072826
11,16125003;-2,23794293
11,16625003;-2,05093503
11,17125003;-2,42433548
11,17625003;-2,61072826
11,18125003;-2,05093503
11,18625003;-2,61072826
11,19125003;-2,98351359
11,19625003;-1,49175680
11,20125003;-2,23794293
11,20625003;-1,30536413
11,21125003;-1,30536413
11,21625003;-0,93196356
11,22125003;0,00000000
11,22625003;0,55917817
11,23125003;0,74557084
11,23625003;0,55917817
11,24125003;1,11897147
11,24625003;1,30536413
11,25125003;1,67814958
11,25625003;1,86454225
11,26125003;1,86454225
11,26625003;2,05093503
11,27125003;2,23794293
11,27625003;2,42433548
11,28125003;1,86454225
11,28625003;2,05093503
11,29125003;2,05093503
11,29625003;2,42433548
11,30125003;2,42433548
11,30625003;3,17052150
11,31125003;3,72969961
11,31625003;4,28949261
11,32125003;4,28949261
11,32625003;4,47588587
11,33125003;4,84867096
11,33625003;4,10248518
11,34125003;4,84867096
11,34625003;4,84867096
11,35125003;4,28949261
11,35625003;4,10248518
11,36125003;4,66227818
11,36625003;5,59485722
11,37125003;4,10248518
11,37625003;3,72969961
11,38125003;4,10248518
11,38625003;3,91609240
11,39125003;2,79712105
11,39625003;3,35691428
11,40125003;3,54330683
11,40625003;3,72969961
11,41125003;3,35691428
11,41625003;4,28949261
11,42125003;2,98351359
11,42625003;4,10248518
11,43125003;3,72969961
11,43625003;3,72969961
11,44125003;4,28949261
11,44625003;3,72969961
11,45125003;3,54330683
11,45625003;2,79712105
11,46125003;2,79712105
11,46625003;2,98351359
11,47125003;2,05093503
11,47625003;2,42433548
11,48125003;1,67814958
11,48625003;1,86454225
11,49125003;1,11897147
11,49625003;0,74557084
11,50125003;0,37278542
11,50625003;0,18639271
11,51125003;0,00000000
11,51625003;-0,37278542
11,52125003;-0,55917817
11,52625003;-2,42433548
11,53125003;-0,74557084
11,53625003;-0,93196356
11,54125002;-0,74557084
11,54625002;-1,30536413
11,55125002;-0,93196356
11,55625002;-1,86454225
11,56125002;-2,05093503
11,56625002;-1,67814958
11,57125002;-3,17052150
11,57625002;-2,61072826
11,58125002;-3,17052150
11,58625002;-3,35691428
11,59125002;-3,91609240
11,59625002;-4,28949261
11,60125002;-4,84867096
11,60625002;-5,03506374
11,61125002;-4,84867096
11,61625002;-5,03506374
11,62125002;-4,84867096
11,62625002;-5,40846395
11,63125002;-5,78124952
11,63625002;-5,59485722
11,64125002;-6,15403509
11,64625002;-6,15403509
11,65125002;-6,90022135
11,65625002;-6,71382856
11,66125002;-6,90022135
11,66625002;-6,90022135
11,67125002;-7,27362204
11,67625002;-6,90022135
11,68125002;-6,71382856
11,68625002;-7,08661366
11,69125002;-5,96764231
11,69625002;-5,96764231
11,70125002;-5,03506374
11,70625002;-4,84867096
11,71125002;-4,84867096
11,71625002;-4,10248518
11,72125002;-3,17052150
11,72625002;-3,72969961
11,73125002;-2,98351359
11,73625002;-2,98351359
11,74125002;-2,98351359
11,74625002;-2,98351359
11,75125002;-2,98351359
11,75625002;-3,35691428
11,76125002;-3,91609240
11,76625002;-4,47588587
11,77125002;-5,03506374
11,77625002;-4,66227818
11,78125002;-4,84867096
11,78625002;-5,40846395
11,79125002;-5,03506374
11,79625002;-4,84867096
11,80125002;-5,22207165
11,80625002;-5,03506374
11,81125002;-4,28949261
11,81625002;-4,10248518
11,82125002;-3,91609240
11,82625002;-3,54330683
11,83125002;-2,98351359
11,83625002;-2,61072826
11,84125002;-2,61072826
11,84625002;-0,74557084
11,85125002;-1,49175680
11,85625002;-1,67814958
11,86125002;-1,67814958
11,86625002;-1,30536413
11,87125002;-1,49175680
11,87625002;-2,42433548
11,88125002;-1,86454225
11,88625002;-1,49175680
11,89125002;-1,30536413
11,89625002;-1,30536413
11,90125002;-1,11897147
11,90625002;-1,11897147
11,91125002;-1,11897147
11,91625002;-0,18639271
11,92125002;-0,37278542
11,92625002;0,18639271
11,93125002;0,93196356
11,93625002;1,49175680
11,94125001;1,86454225
11,94625001;2,05093503
11,95125001;2,98351359
11,95625001;2,98351359
11,96125001;2,98351359
11,96625001;2,42433548
11,97125001;2,79712105
11,97625001;3,35691428
11,98125001;3,91609240
11,98625001;3,35691428
11,99125001;3,35691428
11,99625001;3,17052150
12,00125001;3,72969961
12,00625001;3,35691428
12,01125001;3,54330683
12,01625001;3,35691428
12,02125001;4,10248518
12,02625001;3,35691428
12,03125001;3,54330683
12,03625001;3,91609240
12,04125001;3,91609240
12,04625001;3,72969961
12,05125001;4,66227818
12,05625001;3,91609240
12,06125001;4,28949261
12,06625001;3,72969961
12,07125001;3,91609240
12,07625001;3,54330683
12,08125001;3,35691428
12,08625001;3,91609240
12,09125001;3,72969961
12,09625001;3,35691428
12,10125001;3,17052150
12,10625001;3,54330683
12,11125001;4,28949261
12,11625001;4,28949261
12,12125001;4,10248518
12,12625001;4,84867096
12,13125001;4,28949261
12,13625001;4,66227818
12,14125001;4,66227818
12,14625001;5,03506374
12,15125001;4,84867096
12,15625001;4,84867096
12,16125001;4,66227818
12,16625001;3,35691428
12,17125001;3,91609240
12,17625001;4,66227818
12,18125001;3,72969961
12,18625001;3,72969961
12,19125001;3,17052150
12,19625001;3,54330683
12,20125001;2,79712105
12,20625001;2,61072826
12,21125001;2,42433548
12,21625001;2,79712105
12,22125001;2,42433548
12,22625001;2,42433548
12,23125001;2,23794293
12,23625001;2,23794293
12,24125001;2,23794293
12,24625001;3,35691428
12,25125001;1,86454225
12,25625001;2,42433548
12,26125001;1,67814958
12,26625001;1,49175680
12,27125001;1,30536413
12,27625001;1,11897147
12,28125001;0,93196356
12,28625001;0,74557084
12,29125001;0,18639271
12,29625001;1,11897147
12,30125001;0,18639271
12,30625001;0,55917817
12,31125001;-0,37278542
12,31625001;0,74557084
12,32125001;0,55917817
12,32625001;0,55917817
12,33125001;0,37278542
12,33625000;0,55917817
12,34125000;0,55917817
12,34625000;0,74557084
12,35125000;1,49175680
12,35625000;0,93196356
12,36125000;0,18639271
12,36625000;3,35691428
12,37125000;0,93196356
12,37625000;0,55917817
12,38125000;1,30536413
12,38625000;0,55917817
12,39125000;1,11897147
12,39625000;0,93196356
12,40125000;0,93196356
12,40625000;1,86454225
12,41125000;1,30536413
12,41625000;1,86454225
12,42125000;1,86454225
12,42625000;1,86454225
12,43125000;2,42433548
12,43625000;2,05093503
12,44125000;1,86454225
12,44625000;2,05093503
12,45125000;1,86454225
12,45625000;1,86454225
12,46125000;1,86454225
12,46625000;1,86454225
12,47125000;1,67814958
12,47625000;1,86454225
12,48125000;1,67814958
12,48625000;1,67814958
12,49125000;1,86454225
12,49625000;1,86454225
12,50125000;0,93196356
12,50625000;1,11897147
12,51125000;0,93196356
12,51625000;0,93196356
12,52125000;1,30536413
12,52625000;0,74557084
12,53125000;1,30536413
12,53625000;1,86454225
12,54125000;1,11897147
12,54625000;0,74557084
12,55125000;0,74557084
12,55625000;2,05093503
12,56125000;0,74557084
12,56625000;1,86454225
12,57125000;0,74557084
12,57625000;1,11897147
12,58125000;1,11897147
12,58625000;0,55917817
12,59125000;0,37278542
12,59625000;0,93196356
12,60125000;0,93196356
12,60625000;0,74557084
12,61125000;0,00000000
12,61625000;0,93196356
12,62125000;-2,23794293
12,62625000;0,00000000
12,63125000;-0,55917817
12,63625000;0,00000000
12,64125000;-1,30536413
12,64625000;-1,30536413
12,65125000;-1,67814958
12,65625000;-1,49175680
12,66125000;-2,23794293
12,66625000;-2,23794293
12,67125000;-2,98351359
12,67625000;-2,61072826
12,68125000;-2,98351359
12,68625000;-3,54330683
12,69125000;-3,91609240
12,69625000;-3,17052150
12,70125000;-3,17052150
12,70625000;-2,98351359
12,71125000;-2,61072826
12,71625000;-2,05093503
12,72125000;-2,23794293
12,72625000;-2,61072826
12,73124999;-2,23794293
12,73624999;-2,23794293
12,74124999;-2,23794293
12,74624999;-2,79712105
12,75124999;-3,91609240
12,75624999;-3,72969961
12,76124999;-4,47588587
12,76624999;-5,59485722
12,77124999;-6,52743578
12,77624999;-5,03506374
12,78124999;-4,84867096
12,78624999;-6,90022135
12,79124999;-6,34104300
12,79624999;-6,52743578
12,80124999;-6,71382856
12,80624999;-6,34104300
12,81124999;-5,78124952
12,81624999;-5,96764231
12,82124999;-5,40846395
12,82624999;-4,10248518
12,83124999;-4,47588587
12,83624999;-4,10248518
12,84124999;-3,54330683
12,84624999;-3,17052150
12,85124999;-2,61072826
12,85624999;-2,61072826
12,86124999;-2,23794293
12,86624999;-2,61072826
12,87124999;-2,23794293
12,87624999;-2,23794293
12,88124999;-2,05093503
12,88624999;-2,23794293
12,89124999;-2,61072826
12,89624999;-2,79712105
12,90124999;-2,61072826
12,90624999;-2,05093503
12,91124999;-2,23794293
12,91624999;-1,30536413
12,92124999;-1,49175680
12,92624999;-1,30536413
12,93124999;-0,37278542
12,93624999;0,37278542
12,94124999;0,55917817
12,94624999;0,37278542
12,95124999;0,93196356
12,95624999;1,11897147
12,96124999;1,49175680
12,96624999;1,86454225
12,97124999;0,74557084
12,97624999;2,05093503
12,98124999;1,30536413
12,98624999;1,49175680
12,99124999;2,23794293
12,99624999;2,42433548
13,00124999;2,61072826
13,00624999;2,79712105
13,01124999;3,72969961
13,01624999;3,35691428
13,02124999;4,28949261
13,02624999;4,66227818
13,03124999;4,66227818
13,03624999;5,03506374
13,04124999;4,84867096
13,04624999;5,22207165
13,05124999;4,84867096
13,05624999;5,22207165
13,06124999;5,03506374
13,06624999;4,66227818
13,07124999;4,47588587
13,07624999;4,66227818
13,08124999;4,66227818
13,08624999;3,91609240
13,09124999;4,66227818
13,09624999;3,91609240
13,10124999;4,10248518
13,10624999;3,91609240
13,11124999;3,91609240
13,11624999;3,91609240
13,12124999;4,28949261
13,12624998;4,28949261
13,13124998;4,10248518
13,13624998;3,72969961
13,14124998;3,54330683
13,14624998;3,91609240
13,15124998;3,72969961
13,15624998;3,17052150
13,16124998;4,66227818
13,16624998;3,35691428
13,17124998;3,35691428
13,17624998;0,00000000
13,18124998;2,23794293
13,18624998;2,42433548
13,19124998;1,86454225
13,19624998;1,30536413
13,20124998;1,11897147
13,20624998;0,18639271
13,21124998;0,18639271
13,21624998;0,18639271
13,22124998;0,18639271
13,22624998;-0,18639271
13,23124998;-0,74557084
13,23624998;-0,74557084
13,24124998;-1,30536413
13,24624998;-0,93196356
13,25124998;-0,74557084
13,25624998;-1,30536413
13,26124998;-1,67814958
13,26624998;-2,23794293
13,27124998;-2,05093503
13,27624998;-2,61072826
13,28124998;-2,98351359
13,28624998;-3,72969961
13,29124998;-4,10248518
13,29624998;-4,28949261
13,30124998;-4,66227818
13,30624998;-4,47588587
13,31124998;-5,40846395
13,31624998;-5,03506374
13,32124998;-5,59485722
13,32624998;-5,78124952
13,33124998;-5,59485722
13,33624998;-5,78124952
13,34124998;-5,96764231
13,34624998;-5,96764231
13,35124998;-6,71382856
13,35624998;-6,90022135
13,36124998;-6,71382856
13,36624998;-5,96764231
13,37124998;-6,34104300
13,37624998;-6,52743578
13,38124998;-6,90022135
13,38624998;-6,71382856
13,39124998;-5,03506374
13,39624998;-5,96764231
13,40124998;-5,78124952
13,40624998;-5,59485722
13,41124998;-4,47588587
13,41624998;-5,03506374
13,42124998;-4,47588587
13,42624998;-4,10248518
13,43124998;-3,54330683
13,43624998;-2,98351359
13,44124998;-2,98351359
13,44624998;-3,17052150
13,45124998;-3,17052150
13,45624998;-3,17052150
13,46124998;-3,35691428
13,46624998;-3,91609240
13,47124998;-4,10248518
13,47624998;-4,47588587
13,48124998;-4,84867096
13,48624998;-5,59485722
13,49124998;-5,96764231
13,49624998;-5,59485722
13,50124998;-6,15403509
13,50624998;-5,40846395
13,51124998;-5,03506374
13,51624998;-5,22207165
13,52124997;-4,28949261
13,52624997;-4,10248518
13,53124997;-3,54330683
13,53624997;-3,17052150
13,54124997;-2,61072826
13,54624997;-2,05093503
13,55124997;-2,79712105
13,55624997;-1,67814958
13,56124997;-1,67814958
13,56624997;-1,49175680
13,57124997;-1,67814958
13,57624997;-1,86454225
13,58124997;-2,23794293
13,58624997;-2,05093503
13,59124997;-1,86454225
13,59624997;-1,67814958
13,60124997;-2,05093503
13,60624997;-0,93196356
13,61124997;-1,67814958
13,61624997;-0,93196356
13,62124997;-0,74557084
13,62624997;0,00000000
13,63124997;-0,37278542
13,63624997;-0,37278542
13,64124997;0,18639271
13,64624997;0,93196356
13,65124997;1,49175680
13,65624997;1,49175680
13,66124997;1,49175680
13,66624997;1,86454225
13,67124997;2,05093503
13,67624997;2,61072826
13,68124997;2,79712105
13,68624997;2,98351359
13,69124997;2,98351359
13,69624997;2,05093503
13,70124997;3,35691428
13,70624997;3,72969961
13,71124997;3,35691428
13,71624997;2,98351359
13,72124997;3,72969961
13,72624997;3,91609240
13,73124997;3,72969961
13,73624997;3,91609240
13,74124997;4,10248518
13,74624997;4,10248518
13,75124997;4,28949261
13,75624997;3,91609240
13,76124997;3,72969961
13,76624997;3,72969961
13,77124997;4,10248518
13,77624997;3,35691428
13,78124997;4,66227818
13,78624997;2,98351359
13,79124997;3,35691428
13,79624997;3,72969961
13,80124997;3,17052150
13,80624997;4,10248518
13,81124997;3,72969961
13,81624997;4,28949261
13,82124997;4,28949261
13,82624997;4,66227818
13,83124997;3,91609240
13,83624997;4,66227818
13,84124997;4,28949261
13,84624997;4,84867096
13,85124997;4,66227818
13,85624997;4,84867096
13,86124997;4,66227818
13,86624997;4,28949261
13,87124997;4,28949261
13,87624997;4,10248518
13,88124997;3,35691428
13,88624997;3,17052150
13,89124997;3,54330683
13,89624997;3,54330683
13,90124997;2,98351359
13,90624997;2,98351359
13,91124997;2,42433548
13,91624996;2,98351359
13,92124996;2,05093503
13,92624996;2,42433548
13,93124996;2,98351359
13,93624996;2,23794293
13,94124996;2,61072826
13,94624996;2,42433548
13,95124996;2,23794293
13,95624996;1,86454225
13,96124996;1,67814958
13,96624996;1,86454225
13,97124996;1,30536413
13,97624996;1,49175680
13,98124996;2,98351359
13,98624996;1,30536413
13,99124996;1,11897147
13,99624996;1,67814958
14,00124996;0,37278542
14,00624996;0,37278542
14,01124996;-0,37278542
14,01624996;0,37278542
14,02124996;0,18639271
14,02624996;0,55917817
14,03124996;0,55917817
14,03624996;0,74557084
14,04124996;0,00000000
14,04624996;0,55917817
14,05124996;0,93196356
14,05624996;0,18639271
14,06124996;0,55917817
14,06624996;1,11897147
14,07124996;0,93196356
14,07624996;0,93196356
14,08124996;1,30536413
14,08624996;0,93196356
14,09124996;0,93196356
14,09624996;1,11897147
14,10124996;0,55917817
14,10624996;1,11897147
14,11124996;1,11897147
14,11624996;0,93196356
14,12124996;1,49175680
14,12624996;1,49175680
14,13124996;1,86454225
14,13624996;1,30536413
14,14124996;1,49175680
14,14624996;1,49175680
14,15124996;2,05093503
14,15624996;2,05093503
14,16124996;2,23794293
14,16624996;2,23794293
14,17124996;2,23794293
14,17624996;2,23794293
14,18124996;1,67814958
14,18624996;1,86454225
14,19124996;1,49175680
14,19624996;2,42433548
14,20124996;2,42433548
14,20624996;1,30536413
14,21124996;1,86454225
14,21624996;1,49175680
14,22124996;1,86454225
14,22624996;1,86454225
14,23124996;1,11897147
14,23624996;1,49175680
14,24124996;1,30536413
14,24624996;1,30536413
14,25124996;1,49175680
14,25624996;1,30536413
14,26124996;1,30536413
14,26624996;1,11897147
14,27124996;1,11897147
14,27624996;1,49175680
14,28124996;1,11897147
14,28624996;0,74557084
14,29124996;0,37278542
14,29624996;0,37278542
14,30124996;0,37278542
14,30624996;0,18639271
14,31124996;-0,37278542
14,31624995;0,18639271
14,32124995;-0,55917817
14,32624995;-0,55917817
14,33124995;-0,37278542
14,33624995;-0,93196356
14,34124995;-0,93196356
14,34624995;-1,49175680
14,35124995;-1,67814958
14,35624995;-1,86454225
14,36124995;-2,23794293
14,36624995;-1,30536413
14,37124995;-2,23794293
14,37624995;-2,05093503
14,38124995;0,93196356
14,38624995;-3,54330683
14,39124995;-3,17052150
14,39624995;-3,35691428
14,40124995;-3,17052150
14,40624995;-2,98351359
14,41124995;-3,17052150
14,41624995;-2,98351359
14,42124995;-3,17052150
14,42624995;-2,23794293
14,43124995;-2,23794293
14,43624995;-2,42433548
14,44124995;-2,42433548
14,44624995;-2,05093503
14,45124995;-2,98351359
14,45624995;-2,79712105
14,46124995;-3,17052150
14,46624995;-4,10248518
14,47124995;-3,72969961
14,47624995;-4,10248518
14,48124995;-5,40846395
14,48624995;-5,96764231
14,49124995;-6,15403509
14,49624995;-6,15403509
14,50124995;-7,08661366
14,50624995;-6,34104300
14,51124995;-6,15403509
14,51624995;-6,71382856
14,52124995;-5,59485722
14,52624995;-5,03506374
14,53124995;-5,22207165
14,53624995;-4,28949261
14,54124995;-3,91609240
14,54624995;-3,35691428
14,55124995;-3,17052150
14,55624995;-2,61072826
14,56124995;-2,42433548
14,56624995;-2,61072826
14,57124995;-2,05093503
14,57624995;-2,05093503
14,58124995;-3,35691428
14,58624995;-2,61072826
14,59124995;-2,61072826
14,59624995;-2,61072826
14,60124995;-2,98351359
14,60624995;-2,98351359
14,61124995;-2,98351359
14,61624995;-1,67814958
14,62124995;-2,23794293
14,62624995;-1,30536413
14,63124995;-1,49175680
14,63624995;-0,55917817
14,64124995;-0,18639271
14,64624995;0,18639271
14,65124995;0,55917817
14,65624995;0,74557084
14,66124995;0,74557084
14,66624995;0,93196356
14,67124995;1,11897147
14,67624995;1,67814958
14,68124995;1,11897147
14,68624995;3,17052150
14,69124995;1,67814958
14,69624995;1,86454225
14,70124995;2,42433548
14,70624995;2,42433548
14,71124994;2,42433548
14,71624994;2,79712105
14,72124994;2,98351359
14,72624994;3,72969961
14,73124994;4,47588587
14,73624994;4,28949261
14,74124994;4,10248518
14,74624994;4,47588587
14,75124994;4,66227818
14,75624994;4,84867096
14,76124994;5,22207165
14,76624994;3,91609240
14,77124994;5,40846395
14,77624994;4,84867096
14,78124994;2,98351359
14,78624994;3,72969961
14,79124994;3,72969961
14,79624994;2,79712105
14,80124994;3,35691428
14,80624994;3,91609240
14,81124994;3,17052150
14,81624994;3,35691428
14,82124994;3,72969961
14,82624994;2,98351359
14,83124994;3,17052150
14,83624994;3,91609240
14,84124994;3,91609240
14,84624994;4,28949261
14,85124994;4,47588587
14,85624994;4,47588587
14,86124994;4,10248518
14,86624994;3,72969961
14,87124994;3,54330683
14,87624994;3,35691428
14,88124994;2,79712105
14,88624994;2,23794293
14,89124994;1,86454225
14,89624994;1,30536413
14,90124994;0,93196356
14,90624994;0,55917817
14,91124994;0,93196356
14,91624994;0,37278542
14,92124994;0,37278542
14,92624994;0,00000000
14,93124994;-0,74557084
14,93624994;-0,37278542
14,94124994;-0,74557084
14,94624994;-0,93196356
14,95124994;-0,74557084
14,95624994;-0,74557084
14,96124994;-1,11897147
14,96624994;-1,67814958
14,97124994;-1,67814958
14,97624994;-2,05093503
14,98124994;-2,61072826
14,98624994;-2,61072826
14,99124994;-3,54330683
14,99624994;-3,91609240
15,00124994;-3,91609240
15,00624994;-4,10248518
15,01124994;-4,28949261
15,01624994;-5,22207165
15,02124994;-5,03506374
15,02624994;-5,22207165
15,03124994;-5,22207165
15,03624994;-5,78124952
15,04124994;-5,96764231
15,04624994;-5,96764231
15,05124994;-6,15403509
15,05624994;-6,15403509
15,06124994;-6,71382856
15,06624994;-6,52743578
15,07124994;-6,90022135
15,07624994;-6,90022135
15,08124994;-7,27362204
15,08624994;-7,08661366
15,09124994;-6,71382856
15,09624994;-6,90022135
15,10124994;-6,15403509
15,10624993;-6,34104300
15,11124993;-5,96764231
15,11624993;-5,03506374
15,12124993;-4,84867096
15,12624993;-4,84867096
15,13124993;-4,10248518
15,13624993;-3,72969961
15,14124993;-3,17052150
15,14624993;-3,54330683
15,15124993;-2,98351359
15,15624993;-2,79712105
15,16124993;-3,17052150
15,16624993;-3,54330683
15,17124993;-4,28949261
15,17624993;-3,91609240
15,18124993;-5,40846395
15,18624993;-5,22207165
15,19124993;-5,40846395
15,19624993;-6,15403509
15,20124993;-5,40846395
15,20624993;-5,78124952
15,21124993;-6,34104300
15,21624993;-6,34104300
15,22124993;-6,15403509
15,22624993;-5,22207165
15,23124993;-4,84867096
15,23624993;-4,66227818
15,24124993;-4,10248518
15,24624993;-3,72969961
15,25124993;-2,98351359
15,25624993;-3,35691428
15,26124993;-2,98351359
15,26624993;-2,79712105
15,27124993;-2,98351359
15,27624993;-2,23794293
15,28124993;-1,67814958
15,28624993;-1,67814958
15,29124993;-2,05093503
15,29624993;-2,23794293
15,30124993;-1,86454225
15,30624993;-1,86454225
15,31124993;-1,30536413
15,31624993;-1,67814958
15,32124993;-1,49175680
15,32624993;-1,30536413
15,33124993;-0,74557084
15,33624993;-0,37278542
15,34124993;-0,74557084
15,34624993;0,18639271
15,35124993;0,18639271
15,35624993;1,11897147
15,36124993;1,49175680
15,36624993;2,05093503
15,37124993;1,86454225
15,37624993;2,79712105
15,38124993;2,23794293
15,38624993;2,42433548
15,39124993;2,79712105
15,39624993;3,35691428
15,40124993;3,72969961
15,40624993;3,35691428
15,41124993;3,35691428
15,41624993;3,35691428
15,42124993;3,91609240
15,42624993;3,54330683
15,43124993;3,91609240
15,43624993;3,91609240
15,44124993;3,91609240
15,44624993;4,28949261
15,45124993;4,66227818
15,45624993;3,91609240
15,46124993;3,54330683
15,46624993;3,91609240
15,47124993;4,28949261
15,47624993;4,28949261
15,48124993;3,91609240
15,48624993;4,28949261
15,49124993;3,54330683
15,49624993;3,91609240
15,50124992;4,28949261
15,50624992;2,79712105
15,51124992;3,91609240
15,51624992;3,72969961
15,52124992;3,72969961
15,52624992;4,28949261
15,53124992;4,10248518
15,53624992;3,72969961
15,54124992;4,28949261
15,54624992;5,59485722
15,55124992;4,28949261
15,55624992;4,10248518
15,56124992;4,66227818
15,56624992;4,47588587
15,57124992;4,66227818
15,57624992;4,10248518
15,58124992;4,10248518
15,58624992;3,91609240
15,59124992;3,35691428
15,59624992;4,47588587
15,60124992;2,98351359
15,60624992;5,22207165
15,61124992;2,42433548
15,61624992;2,42433548
15,62124992;3,17052150
15,62624992;2,42433548
15,63124992;2,42433548
15,63624992;2,98351359
15,64124992;2,05093503
15,64624992;2,05093503
15,65124992;2,23794293
15,65624992;2,05093503
15,66124992;1,86454225
15,66624992;2,42433548
15,67124992;2,05093503
15,67624992;1,86454225
15,68124992;1,30536413
15,68624992;1,49175680
15,69124992;1,30536413
15,69624992;0,93196356
15,70124992;0,93196356
15,70624992;0,55917817
15,71124992;0,18639271
15,71624992;0,18639271
15,72124992;0,74557084
15,72624992;0,37278542
15,73124992;0,37278542
15,73624992;0,37278542
15,74124992;0,93196356
15,74624992;0,93196356
15,75124992;0,00000000
15,75624992;0,93196356
15,76124992;1,11897147
15,76624992;1,11897147
15,77124992;0,37278542
15,77624992;0,93196356
15,78124992;2,42433548
15,78624992;1,11897147
15,79124992;2,23794293
15,79624992;1,49175680
15,80124992;0,18639271
15,80624992;1,11897147
15,81124992;1,49175680
15,81624992;1,11897147
15,82124992;1,11897147
15,82624992;1,49175680
15,83124992;1,49175680
15,83624992;1,49175680
15,84124992;2,05093503
15,84624992;2,05093503
15,85124992;1,86454225
15,85624992;1,86454225
15,86124992;4,84867096
15,86624992;2,23794293
15,87124992;2,05093503
15,87624992;2,05093503
15,88124992;1,49175680
15,88624992;2,05093503
15,89124992;1,30536413
15,89624991;2,23794293
15,90124991;0,93196356
15,90624991;1,30536413
15,91124991;0,93196356
15,91624991;0,55917817
15,92124991;0,00000000
15,92624991;1,11897147
15,93124991;1,11897147
15,93624991;1,11897147
15,94124991;1,30536413
15,94624991;0,93196356
15,95124991;0,93196356
15,95624991;1,30536413
15,96124991;1,30536413
15,96624991;1,67814958
15,97124991;0,93196356
15,97624991;2,05093503
15,98124991;0,37278542
15,98624991;1,11897147
15,99124991;0,93196356
15,99624991;1,49175680
16,00124991;0,55917817
16,00624991;0,93196356
16,01124991;-0,37278542
16,01624991;0,55917817
16,02124991;0,00000000
16,02624991;0,00000000
16,03124991;-0,18639271
16,03624991;-0,18639271
16,04124991;-0,18639271
16,04624991;-0,37278542
16,05124991;-1,30536413
16,05624991;-1,11897147
16,06124991;-1,11897147
16,06624991;-1,11897147
16,07124991;-2,23794293
16,07624991;-1,49175680
16,08124991;-2,79712105
16,08624991;-2,79712105
16,09124991;-3,17052150
16,09624991;-2,98351359
16,10124991;-3,35691428
16,10624991;-2,98351359
16,11124991;-3,17052150
16,11624991;-3,17052150
16,12124991;-2,42433548
16,12624991;-2,61072826
16,13124991;-2,79712105
16,13624991;-2,05093503
16,14124991;-2,23794293
16,14624991;-2,05093503
16,15124991;-1,67814958
16,15624991;-2,23794293
16,16124991;-2,61072826
16,16624991;-3,35691428
16,17124991;-3,17052150
16,17624991;-3,54330683
16,18124991;-3,72969961
16,18624991;-5,22207165
16,19124991;-5,59485722
16,19624991;-5,78124952
16,20124991;-5,96764231
16,20624991;-5,96764231
16,21124991;-5,96764231
16,21624991;-5,96764231
16,22124991;-5,96764231
16,22624991;-5,96764231
16,23124991;-5,40846395
16,23624991;-5,03506374
16,24124991;-4,47588587
16,24624991;-3,54330683
16,25124991;-3,54330683
16,25624991;-3,17052150
16,26124991;-3,17052150
16,26624991;-2,79712105
16,27124991;-2,61072826
16,27624991;-2,23794293
16,28124991;-2,61072826
16,28624991;-2,23794293
16,29124990;-2,79712105
16,29624990;-3,17052150
16,30124990;-3,17052150
16,30624990;-2,98351359
16,31124990;-2,23794293
16,31624990;-2,23794293
16,32124990;-2,61072826
16,32624990;-2,61072826
16,33124990;-1,30536413
16,33624990;-1,30536413
16,34124990;-1,30536413
16,34624990;-0,55917817
16,35124990;-0,55917817
16,35624990;0,18639271
16,36124990;0,55917817
16,36624990;1,11897147
16,37124990;0,93196356
16,37624990;1,49175680
16,38124990;1,11897147
16,38624990;1,11897147
16,39124990;1,11897147
16,39624990;1,49175680
16,40124990;1,49175680
16,40624990;2,23794293
16,41124990;1,86454225
16,41624990;2,42433548
16,42124990;2,05093503
16,42624990;2,05093503
16,43124990;2,79712105
16,43624990;3,72969961
16,44124990;3,35691428
16,44624990;4,10248518
16,45124990;4,10248518
16,45624990;3,72969961
16,46124990;4,66227818
16,46624990;4,28949261
16,47124990;4,10248518
16,47624990;4,28949261
16,48124990;3,72969961
16,48624990;4,28949261
16,49124990;4,28949261
16,49624990;3,72969961
16,50124990;3,72969961
16,50624990;4,10248518
16,51124990;3,35691428
16,51624990;3,35691428
16,52124990;3,17052150
16,52624990;2,79712105
16,53124990;2,98351359
16,53624990;3,35691428
16,54124990;3,17052150
16,54624990;3,54330683
16,55124990;3,72969961
16,55624990;3,54330683
16,56124990;2,79712105
16,56624990;3,35691428
16,57124990;2,98351359
16,57624990;3,35691428
16,58124990;4,10248518
16,58624990;2,98351359
16,59124990;2,79712105
16,59624990;2,05093503
16,60124990;1,86454225
16,60624990;1,86454225
16,61124990;1,11897147
16,61624990;1,30536413
16,62124990;0,74557084
16,62624990;0,00000000
16,63124990;0,18639271
16,63624990;0,37278542
16,64124990;0,18639271
16,64624990;-0,37278542
16,65124990;-0,37278542
16,65624990;-0,74557084
16,66124990;0,18639271
16,66624990;-1,30536413
16,67124990;-0,93196356
16,67624990;-1,30536413
16,68124990;-1,30536413
16,68624990;-2,23794293
16,69124989;-2,61072826
16,69624989;-3,17052150
16,70124989;-3,54330683
16,70624989;-3,91609240
16,71124989;-4,28949261
16,71624989;-4,10248518
16,72124989;-5,96764231
16,72624989;-5,03506374
16,73124989;-5,78124952
16,73624989;-5,78124952
16,74124989;-5,96764231
16,74624989;-5,59485722
16,75124989;-5,78124952
16,75624989;-6,34104300
16,76124989;-6,34104300
16,76624989;-5,96764231
16,77124989;-7,27362204
16,77624989;-6,71382856
16,78124989;-7,27362204
16,78624989;-6,71382856
16,79124989;-7,08661366
16,79624989;-7,64640713
16,80124989;-6,52743578
16,80624989;-6,52743578
16,81124989;-6,34104300
16,81624989;-5,59485722
16,82124989;-6,34104300
16,82624989;-5,22207165
16,83124989;-5,03506374
16,83624989;-4,10248518
16,84124989;-3,72969961
16,84624989;-3,17052150
16,85124989;-3,72969961
16,85624989;-3,54330683
16,86124989;-3,91609240
16,86624989;-2,98351359
16,87124989;-4,10248518
16,87624989;-3,72969961
16,88124989;-4,47588587
16,88624989;-4,84867096
16,89124989;-5,22207165
16,89624989;-6,15403509
16,90124989;-5,96764231
16,90624989;-5,78124952
16,91124989;-6,71382856
16,91624989;-5,78124952
16,92124989;-5,78124952
16,92624989;-5,78124952
16,93124989;-5,40846395
16,93624989;-5,03506374
16,94124989;-4,47588587
16,94624989;-3,72969961
16,95124989;-2,98351359
16,95624989;-2,61072826
16,96124989;-2,42433548
16,96624989;-1,67814958
16,97124989;-1,11897147
16,97624989;-1,30536413
16,98124989;-1,49175680
16,98624989;-1,11897147
16,99124989;-0,93196356
16,99624989;-2,05093503
17,00124989;-1,67814958
17,00624989;-1,30536413
17,01124989;-1,11897147
17,01624989;-1,11897147
17,02124989;-1,11897147
17,02624989;-1,30536413
17,03124989;-0,55917817
17,03624989;-0,74557084
17,04124989;-0,55917817
17,04624989;0,55917817
17,05124989;0,55917817
17,05624989;1,11897147
17,06124989;1,49175680
17,06624989;1,86454225
17,07124989;2,05093503
17,07624989;2,79712105
17,08124989;2,42433548
17,08624988;2,42433548
17,09124988;2,23794293
17,09624988;2,98351359
17,10124988;2,42433548
17,10624988;2,79712105
17,11124988;3,35691428
17,11624988;3,35691428
17,12124988;2,23794293
17,12624988;3,91609240
17,13124988;3,72969961
17,13624988;4,10248518
17,14124988;4,28949261
17,14624988;3,91609240
17,15124988;4,66227818
17,15624988;4,28949261
17,16124988;4,28949261
17,16624988;3,91609240
17,17124988;4,66227818
17,17624988;3,91609240
17,18124988;5,03506374
17,18624988;3,91609240
17,19124988;4,10248518
17,19624988;2,98351359
17,20124988;3,72969961
17,20624988;3,72969961
17,21124988;3,91609240
17,21624988;4,10248518
17,22124988;3,91609240
17,22624988;4,28949261
17,23124988;4,47588587
17,23624988;4,66227818
17,24124988;5,03506374
17,24624988;5,22207165
17,25124988;5,22207165
17,25624988;4,84867096
17,26124988;5,22207165
17,26624988;4,84867096
17,27124988;5,40846395
17,27624988;4,84867096
17,28124988;4,66227818
17,28624988;3,91609240
17,29124988;3,91609240
17,29624988;4,28949261
17,30124988;3,35691428
17,30624988;2,42433548
17,31124988;3,35691428
17,31624988;2,42433548
17,32124988;2,42433548
17,32624988;2,42433548
17,33124988;2,05093503
17,33624988;2,42433548
17,34124988;2,42433548
17,34624988;2,05093503
17,35124988;2,05093503
17,35624988;2,23794293
17,36124988;2,42433548
17,36624988;2,61072826
17,37124988;1,86454225
17,37624988;2,23794293
17,38124988;1,49175680
17,38624988;2,05093503
17,39124988;1,49175680
17,39624988;2,42433548
17,40124988;1,49175680
17,40624988;0,55917817
17,41124988;0,93196356
17,41624988;0,55917817
17,42124988;0,55917817
17,42624988;0,55917817
17,43124988;0,18639271
17,43624988;0,74557084
17,44124988;1,11897147
17,44624988;0,93196356
17,45124988;1,11897147
17,45624988;0,93196356
17,46124988;0,93196356
17,46624988;1,30536413
17,47124988;1,11897147
17,47624988;1,49175680
17,48124987;0,93196356
17,48624987;0,55917817
17,49124987;0,18639271
17,49624987;0,93196356
17,50124987;0,18639271
17,50624987;0,74557084
17,51124987;0,74557084
17,51624987;0,55917817
17,52124987;0,74557084
17,52624987;0,55917817
17,53124987;0,74557084
17,53624987;1,11897147
17,54124987;1,67814958
17,54624987;1,86454225
17,55124987;2,42433548
17,55624987;2,23794293
17,56124987;2,05093503
17,56624987;2,05093503
17,57124987;1,86454225
17,57624987;2,23794293
17,58124987;1,86454225
17,58624987;1,30536413
17,59124987;1,86454225
17,59624987;1,86454225
17,60124987;1,11897147
17,60624987;1,11897147
17,61124987;1,11897147
17,61624987;1,11897147
17,62124987;1,49175680
17,62624987;1,30536413
17,63124987;1,11897147
17,63624987;1,30536413
17,64124987;1,49175680
17,64624987;1,86454225
17,65124987;1,49175680
17,65624987;1,49175680
17,66124987;0,93196356
17,66624987;2,05093503
17,67124987;1,30536413
17,67624987;1,49175680
17,68124987;1,49175680
17,68624987;1,49175680
17,69124987;1,11897147
17,69624987;1,11897147
17,70124987;0,93196356
17,70624987;0,74557084
17,71124987;0,55917817
17,71624987;1,11897147
17,72124987;0,37278542
17,72624987;0,18639271
17,73124987;0,00000000
17,73624987;-0,37278542
17,74124987;0,18639271
17,74624987;-0,18639271
17,75124987;-0,74557084
17,75624987;-0,74557084
17,76124987;-0,37278542
17,76624987;-1,67814958
17,77124987;-2,23794293
17,77624987;-2,23794293
17,78124987;-2,23794293
17,78624987;-2,79712105
17,79124987;-2,79712105
17,79624987;-2,61072826
17,80124987;-4,10248518
17,80624987;-3,17052150
17,81124987;-2,98351359
17,81624987;-2,79712105
17,82124987;-3,17052150
17,82624987;-3,17052150
17,83124987;-2,98351359
17,83624987;-2,23794293
17,84124987;-2,23794293
17,84624987;-2,23794293
17,85124987;-2,05093503
17,85624987;-1,86454225
17,86124987;-2,98351359
17,86624987;-2,79712105
17,87124987;-2,79712105
17,87624986;-3,35691428
17,88124986;-3,91609240
17,88624986;-4,47588587
17,89124986;-4,66227818
17,89624986;-5,40846395
17,90124986;-5,59485722
17,90624986;-6,15403509
17,91124986;-6,90022135
17,91624986;-6,71382856
17,92124986;-6,15403509
17,92624986;-5,96764231
17,93124986;-5,78124952
17,93624986;-5,03506374
17,94124986;-4,84867096
17,94624986;-4,66227818
17,95124986;-4,10248518
17,95624986;-3,17052150
17,96124986;-3,17052150
17,96624986;-2,79712105
17,97124986;-2,23794293
17,97624986;-2,05093503
17,98124986;-2,23794293
17,98624986;0,00000000
17,99124986;-2,05093503
17,99624986;-2,98351359
18,00124986;-2,61072826
18,00624986;-2,61072826
18,01124986;-1,49175680
18,01624986;-2,42433548
18,02124986;-2,23794293
18,02624986;-2,42433548
18,03124986;-2,05093503
18,03624986;-1,49175680
18,04124986;-1,30536413
18,04624986;-1,30536413
18,05124986;-1,11897147
18,05624986;0,00000000
18,06124986;0,37278542
18,06624986;0,55917817
18,07124986;0,93196356
18,07624986;1,86454225
18,08124986;1,86454225
18,08624986;1,49175680
18,09124986;1,49175680
18,09624986;1,86454225
18,10124986;1,86454225
18,10624986;2,05093503
18,11124986;2,05093503
18,11624986;2,42433548
18,12124986;2,61072826
18,12624986;3,35691428
18,13124986;2,98351359
18,13624986;3,91609240
18,14124986;3,72969961
18,14624986;3,54330683
18,15124986;4,84867096
18,15624986;3,91609240
18,16124986;4,84867096
18,16624986;4,84867096
18,17124986;5,59485722
18,17624986;5,03506374
18,18124986;4,47588587
18,18624986;4,84867096
18,19124986;4,28949261
18,19624986;3,91609240
18,20124986;3,72969961
18,20624986;4,28949261
18,21124986;3,72969961
18,21624986;3,35691428
18,22124986;3,17052150
18,22624986;2,98351359
18,23124986;3,54330683
18,23624986;3,72969961
18,24124986;3,72969961
18,24624986;3,72969961
18,25124986;3,35691428
18,25624986;3,72969961
18,26124986;3,72969961
18,26624986;3,35691428
18,27124985;3,35691428
18,27624985;3,91609240
18,28124985;2,98351359
18,28624985;2,98351359
18,29124985;2,79712105
18,29624985;2,42433548
18,30124985;2,05093503
18,30624985;1,86454225
18,31124985;1,86454225
18,31624985;0,74557084
18,32124985;0,55917817
18,32624985;1,11897147
18,33124985;0,37278542
18,33624985;0,00000000
18,34124985;-0,37278542
18,34624985;0,37278542
18,35124985;-1,11897147
18,35624985;-0,37278542
18,36124985;-0,55917817
18,36624985;-0,74557084
18,37124985;-1,30536413
18,37624985;-1,30536413
18,38124985;-2,05093503
18,38624985;-1,49175680
18,39124985;-2,61072826
18,39624985;-2,79712105
18,40124985;-3,54330683
18,40624985;-3,54330683
18,41124985;-3,17052150
18,41624985;-3,72969961
18,42124985;-4,66227818
18,42624985;-4,66227818
18,43124985;-4,84867096
18,43624985;-5,03506374
18,44124985;-5,40846395
18,44624985;-5,22207165
18,45124985;-5,40846395
18,45624985;-5,03506374
18,46124985;-5,78124952
18,46624985;-6,15403509
18,47124985;-6,15403509
18,47624985;-6,15403509
18,48124985;-6,71382856
18,48624985;-6,52743578
18,49124985;-6,71382856
18,49624985;-6,90022135
18,50124985;-6,90022135
18,50624985;-6,90022135
18,51124985;-6,71382856
18,51624985;-6,52743578
18,52124985;-5,59485722
18,52624985;-6,15403509
18,53124985;-5,22207165
18,53624985;-4,84867096
18,54124985;-4,28949261
18,54624985;-3,91609240
18,55124985;-3,72969961
18,55624985;-3,17052150
18,56124985;-2,98351359
18,56624985;-2,98351359
18,57124985;-3,17052150
18,57624985;-2,98351359
18,58124985;-3,17052150
18,58624985;-3,72969961
18,59124985;-4,10248518
18,59624985;-5,96764231
18,60124985;-4,84867096
18,60624985;-5,59485722
18,61124985;-5,03506374
18,61624985;-6,34104300
18,62124985;-6,15403509
18,62624985;-5,59485722
18,63124985;-5,40846395
18,63624985;-5,22207165
18,64124985;-6,15403509
18,64624985;-4,10248518
18,65124985;-4,10248518
18,65624985;-3,35691428
18,66124985;-3,54330683
18,66624984;-2,23794293
18,67124984;-2,61072826
18,67624984;-2,23794293
18,68124984;-2,05093503
18,68624984;-2,23794293
18,69124984;-1,86454225
18,69624984;-2,05093503
18,70124984;-2,05093503
18,70624984;-2,23794293
18,71124984;-1,86454225
18,71624984;-1,67814958
18,72124984;-2,05093503
18,72624984;-3,35691428
18,73124984;-1,86454225
18,73624984;-1,30536413
18,74124984;-1,67814958
18,74624984;-0,74557084
18,75124984;0,00000000
18,75624984;0,18639271
18,76124984;0,55917817
18,76624984;0,93196356
18,77124984;1,49175680
18,77624984;1,49175680
18,78124984;2,42433548
18,78624984;2,79712105
18,79124984;2,61072826
18,79624984;2,79712105
18,80124984;2,79712105
18,80624984;2,42433548
18,81124984;2,79712105
18,81624984;3,35691428
18,82124984;3,17052150
18,82624984;3,72969961
18,83124984;3,35691428
18,83624984;3,35691428
18,84124984;3,54330683
18,84624984;3,91609240
18,85124984;3,35691428
18,85624984;4,28949261
18,86124984;3,72969961
18,86624984;4,28949261
18,87124984;3,91609240
18,87624984;4,28949261
18,88124984;4,10248518
18,88624984;4,66227818
18,89124984;4,84867096
18,89624984;4,10248518
18,90124984;4,10248518
18,90624984;4,10248518
18,91124984;3,54330683
18,91624984;3,91609240
18,92124984;3,91609240
18,92624984;4,10248518
18,93124984;3,72969961
18,93624984;4,10248518
18,94124984;4,28949261
18,94624984;4,28949261
18,95124984;4,84867096
18,95624984;4,84867096
18,96124984;4,47588587
18,96624984;5,22207165
18,97124984;5,03506374
18,97624984;4,28949261
18,98124984;4,84867096
18,98624984;4,84867096
18,99124984;4,66227818
18,99624984;5,22207165
19,00124984;3,91609240
19,00624984;3,54330683
19,01124984;3,91609240
19,01624984;2,98351359
19,02124984;3,54330683
19,02624984;3,72969961
19,03124984;2,98351359
19,03624984;2,98351359
19,04124984;2,98351359
19,04624984;3,35691428
19,05124984;2,79712105
19,05624984;3,17052150
19,06124984;2,79712105
19,06624983;2,42433548
19,07124983;2,05093503
19,07624983;2,98351359
19,08124983;2,05093503
19,08624983;2,05093503
19,09124983;1,67814958
19,09624983;1,86454225
19,10124983;1,11897147
19,10624983;1,11897147
19,11124983;0,74557084
19,11624983;0,18639271
19,12124983;0,55917817
19,12624983;0,18639271
19,13124983;0,37278542
19,13624983;0,37278542
19,14124983;0,18639271
19,14624983;0,55917817
19,15124983;0,55917817
19,15624983;0,55917817
19,16124983;0,74557084
19,16624983;0,55917817
19,17124983;0,93196356
19,17624983;1,11897147
19,18124983;0,93196356
19,18624983;0,93196356
19,19124983;0,93196356
19,19624983;0,74557084
19,20124983;0,00000000
19,20624983;1,11897147
19,21124983;1,86454225
19,21624983;0,55917817
19,22124983;0,37278542
19,22624983;0,55917817
19,23124983;0,74557084
19,23624983;1,67814958
19,24124983;1,11897147
19,24624983;1,86454225
19,25124983;1,67814958
19,25624983;1,67814958
19,26124983;1,86454225
19,26624983;2,05093503
19,27124983;1,86454225
19,27624983;2,42433548
19,28124983;2,05093503
19,28624983;1,86454225
19,29124983;1,86454225
19,29624983;1,49175680
19,30124983;1,49175680
19,30624983;1,86454225
19,31124983;1,49175680
19,31624983;1,11897147
19,32124983;1,49175680
19,32624983;1,49175680
19,33124983;1,11897147
19,33624983;1,30536413
19,34124983;1,30536413
19,34624983;1,11897147
19,35124983;1,49175680
19,35624983;0,93196356
19,36124983;1,30536413
19,36624983;1,30536413
19,37124983;1,11897147
19,37624983;1,49175680
19,38124983;1,11897147
19,38624983;2,05093503
19,39124983;1,49175680
19,39624983;1,11897147
19,40124983;2,05093503
19,40624983;1,67814958
19,41124983;-0,37278542
19,41624983;0,93196356
19,42124983;1,30536413
19,42624983;-0,74557084
19,43124983;0,55917817
19,43624983;0,55917817
19,44124983;0,00000000
19,44624983;0,93196356
19,45124983;0,00000000
19,45624983;0,37278542
19,46124982;-0,74557084
19,46624982;-0,74557084
19,47124982;-1,30536413
19,47624982;-1,30536413
19,48124982;-2,05093503
19,48624982;-1,67814958
19,49124982;-1,67814958
19,49624982;-2,98351359
19,50124982;-2,98351359
19,50624982;-3,17052150
19,51124982;-3,54330683
19,51624982;-2,98351359
19,52124982;-2,98351359
19,52624982;-2,79712105
19,53124982;-3,54330683
19,53624982;-2,42433548
19,54124982;-2,98351359
19,54624982;-2,79712105
19,55124982;-1,67814958
19,55624982;-1,49175680
19,56124982;-1,67814958
19,56624982;-1,67814958
19,57124982;-2,23794293
19,57624982;-2,79712105
19,58124982;-2,98351359
19,58624982;-3,17052150
19,59124982;-3,72969961
19,59624982;-4,66227818
19,60124982;-5,22207165
19,60624982;-5,96764231
19,61124982;-6,34104300
19,61624982;-7,27362204
19,62124982;-6,90022135
19,62624982;-6,52743578
19,63124982;-6,90022135
19,63624982;-6,34104300
19,64124982;-5,59485722
19,64624982;-5,78124952
19,65124982;-5,22207165
19,65624982;-4,28949261
19,66124982;-3,35691428
19,66624982;-3,54330683
19,67124982;-2,61072826
19,67624982;-2,05093503
19,68124982;-1,30536413
19,68624982;-1,67814958
19,69124982;-1,67814958
19,69624982;-1,67814958
19,70124982;-2,05093503
19,70624982;-2,61072826
19,71124982;-1,86454225
19,71624982;-2,79712105
19,72124982;-2,42433548
19,72624982;-2,61072826
19,73124982;-2,42433548
19,73624982;-2,05093503
19,74124982;-2,23794293
19,74624982;-1,67814958
19,75124982;-1,11897147
19,75624982;-0,74557084
19,76124982;-0,55917817
19,76624982;0,37278542
19,77124982;0,18639271
19,77624982;1,30536413
19,78124982;0,93196356
19,78624982;1,11897147
19,79124982;1,11897147
19,79624982;2,05093503
19,80124982;1,67814958
19,80624982;1,49175680
19,81124982;1,67814958
19,81624982;2,42433548
19,82124982;2,23794293
19,82624982;2,79712105
19,83124982;2,42433548
19,83624982;2,42433548
19,84124982;2,05093503
19,84624982;3,35691428
19,85124982;3,35691428
19,85624981;4,47588587
19,86124981;4,10248518
19,86624981;4,10248518
19,87124981;3,91609240
19,87624981;4,84867096
19,88124981;4,84867096
19,88624981;5,59485722
19,89124981;4,47588587
19,89624981;4,10248518
19,90124981;3,91609240
19,90624981;4,28949261
19,91124981;4,10248518
19,91624981;3,72969961
19,92124981;4,28949261
19,92624981;3,35691428
19,93124981;3,72969961
19,93624981;3,72969961
19,94124981;3,72969961
19,94624981;3,72969961
19,95124981;3,54330683
19,95624981;3,91609240
19,96124981;3,91609240
19,96624981;3,17052150
19,97124981;3,72969961
19,97624981;3,54330683
19,98124981;3,72969961
19,98624981;2,98351359
19,99124981;3,35691428
19,99624981;2,61072826
20,00124981;2,79712105
20,00624981;2,42433548
20,01124981;2,61072826
20,01624981;2,05093503
20,02124981;1,49175680
20,02624981;1,30536413
20,03124981;1,11897147
20,03624981;1,11897147
20,04124981;0,93196356
20,04624981;0,18639271
20,05124981;0,18639271
20,05624981;0,74557084
20,06124981;-0,18639271
20,06624981;-0,37278542
20,07124981;-0,55917817
20,07624981;-0,74557084
20,08124981;-1,67814958
20,08624981;-1,30536413
20,09124981;-2,05093503
20,09624981;-1,67814958
20,10124981;-2,61072826
20,10624981;-2,79712105
20,11124981;-3,17052150
20,11624981;-3,54330683
20,12124981;-4,10248518
20,12624981;-4,47588587
20,13124981;-4,84867096
20,13624981;-4,84867096
20,14124981;-5,40846395
20,14624981;-5,03506374
20,15124981;-5,03506374
20,15624981;-5,40846395
20,16124981;-5,96764231
20,16624981;-5,03506374
20,17124981;-6,15403509
20,17624981;-6,15403509
20,18124981;-6,15403509
20,18624981;-6,71382856
20,19124981;-6,52743578
20,19624981;-6,52743578
20,20124981;-6,71382856
20,20624981;-6,15403509
20,21124981;-6,90022135
20,21624981;-6,34104300
20,22124981;-5,96764231
20,22624981;-5,78124952
20,23124981;-5,78124952
20,23624981;-5,59485722
20,24124981;-5,40846395
20,24624981;-5,03506374
20,25124980;-4,47588587
20,25624980;-3,54330683
20,26124980;-4,10248518
20,26624980;-3,91609240
20,27124980;-3,91609240
20,27624980;-3,91609240
20,28124980;-4,28949261
20,28624980;-4,84867096
20,29124980;-4,47588587
20,29624980;-4,47588587
20,30124980;-4,84867096
20,30624980;-4,84867096
20,31124980;-5,40846395
20,31624980;-5,78124952
20,32124980;-6,34104300
20,32624980;-5,03506374
20,33124980;-5,78124952
20,33624980;-5,40846395
20,34124980;-4,84867096
20,34624980;-4,84867096
20,35124980;-4,84867096
20,35624980;-3,91609240
20,36124980;-4,10248518
20,36624980;-3,17052150
20,37124980;-2,98351359
20,37624980;-2,05093503
20,38124980;-2,61072826
20,38624980;-1,67814958
20,39124980;-2,05093503
20,39624980;-1,30536413
20,40124980;-2,05093503
20,40624980;-0,93196356
20,41124980;-0,37278542
20,41624980;-2,61072826
20,42124980;-0,93196356
20,42624980;-0,55917817
20,43124980;-1,11897147
20,43624980;-0,37278542
20,44124980;0,00000000
20,44624980;-0,37278542
20,45124980;-0,18639271
20,45624980;0,74557084
20,46124980;0,37278542
20,46624980;0,74557084
20,47124980;1,49175680
20,47624980;1,86454225
20,48124980;1,49175680
20,48624980;2,05093503
20,49124980;1,86454225
20,49624980;2,42433548
20,50124980;2,42433548
20,50624980;2,79712105
20,51124980;2,98351359
20,51624980;2,79712105
20,52124980;2,79712105
20,52624980;3,17052150
20,53124980;2,98351359
20,53624980;3,91609240
20,54124980;3,72969961
20,54624980;3,91609240
20,55124980;3,91609240
20,55624980;4,10248518
20,56124980;4,28949261
20,56624980;4,28949261
20,57124980;4,10248518
20,57624980;4,66227818
20,58124980;4,47588587
20,58624980;4,66227818
20,59124980;4,28949261
20,59624980;4,47588587
20,60124980;4,47588587
20,60624980;3,35691428
20,61124980;2,98351359
20,61624980;3,72969961
20,62124980;3,91609240
20,62624980;4,47588587
20,63124980;3,91609240
20,63624980;3,72969961
20,64124980;4,10248518
20,64624979;3,91609240
20,65124979;3,72969961
20,65624979;4,28949261
20,66124979;4,66227818
20,66624979;4,66227818
20,67124979;5,40846395
20,67624979;4,66227818
20,68124979;5,22207165
20,68624979;5,22207165
20,69124979;4,66227818
20,69624979;4,84867096
20,70124979;4,10248518
20,70624979;4,66227818
20,71124979;3,35691428
20,71624979;3,54330683
20,72124979;3,35691428
20,72624979;2,98351359
20,73124979;2,79712105
20,73624979;3,17052150
20,74124979;2,79712105
20,74624979;2,79712105
20,75124979;2,42433548
20,75624979;2,42433548
20,76124979;2,42433548
20,76624979;2,79712105
20,77124979;2,79712105
20,77624979;2,23794293
20,78124979;2,79712105
20,78624979;2,79712105
20,79124979;2,42433548
20,79624979;2,42433548
20,80124979;2,79712105
20,80624979;1,86454225
20,81124979;1,11897147
20,81624979;0,93196356
20,82124979;1,49175680
20,82624979;0,37278542
20,83124979;0,93196356
20,83624979;0,93196356
20,84124979;0,00000000
20,84624979;0,93196356
20,85124979;0,93196356
20,85624979;1,11897147
20,86124979;1,11897147
20,86624979;0,55917817
20,87124979;1,11897147
20,87624979;1,30536413
20,88124979;1,86454225
20,88624979;1,49175680
20,89124979;0,93196356
20,89624979;1,11897147
20,90124979;0,74557084
20,90624979;0,74557084
20,91124979;-0,74557084
20,91624979;1,30536413
20,92124979;0,93196356
20,92624979;1,11897147
20,93124979;1,11897147
20,93624979;0,93196356
20,94124979;1,67814958
20,94624979;1,11897147
20,95124979;1,67814958
20,95624979;1,86454225
20,96124979;2,23794293
20,96624979;1,86454225
20,97124979;2,23794293
20,97624979;2,23794293
20,98124979;2,23794293
20,98624979;2,23794293
20,99124979;2,79712105
20,99624979;2,23794293
21,00124979;2,05093503
21,00624979;2,05093503
21,01124979;2,05093503
21,01624979;2,05093503
21,02124979;1,67814958
21,02624979;1,11897147
21,03124979;1,67814958
21,03624979;1,30536413
21,04124978;0,93196356
21,04624978;1,86454225
21,05124978;1,86454225
21,05624978;1,67814958
21,06124978;1,49175680
21,06624978;1,49175680
21,07124978;1,30536413
21,07624978;2,05093503
21,08124978;1,86454225
21,08624978;1,49175680
21,09124978;2,61072826
21,09624978;1,30536413
21,10124978;0,93196356
21,10624978;1,67814958
21,11124978;1,11897147
21,11624978;1,49175680
21,12124978;0,74557084
21,12624978;0,93196356
21,13124978;0,00000000
21,13624978;0,55917817
21,14124978;0,18639271
21,14624978;0,18639271
21,15124978;0,00000000
21,15624978;0,00000000
21,16124978;-0,74557084
21,16624978;-0,74557084
21,17124978;-0,37278542
21,17624978;-1,11897147
21,18124978;-1,49175680
21,18624978;-1,30536413
21,19124978;-2,05093503
21,19624978;-2,23794293
21,20124978;-2,05093503
21,20624978;-2,42433548
21,21124978;-2,05093503
21,21624978;-2,42433548
21,22124978;-2,61072826
21,22624978;-3,35691428
21,23124978;-2,98351359
21,23624978;-2,98351359
21,24124978;-2,23794293
21,24624978;-2,98351359
21,25124978;-2,23794293
21,25624978;-3,17052150
21,26124978;-2,23794293
21,26624978;-2,05093503
21,27124978;-2,23794293
21,27624978;-2,61072826
21,28124978;-3,17052150
21,28624978;-2,61072826
21,29124978;-3,35691428
21,29624978;-3,17052150
21,30124978;-4,84867096
21,30624978;-4,66227818
21,31124978;-5,59485722
21,31624978;-5,59485722
21,32124978;-5,96764231
21,32624978;-6,71382856
21,33124978;-6,52743578
21,33624978;-6,15403509
21,34124978;-7,08661366
21,34624978;-5,96764231
21,35124978;-5,96764231
21,35624978;-4,84867096
21,36124978;-4,47588587
21,36624978;-4,28949261
21,37124978;-3,17052150
21,37624978;-3,17052150
21,38124978;-3,17052150
21,38624978;-2,61072826
21,39124978;-2,05093503
21,39624978;-2,05093503
21,40124978;-1,67814958
21,40624978;-1,86454225
21,41124978;-2,79712105
21,41624978;-2,23794293
21,42124978;-4,10248518
21,42624978;-3,54330683
21,43124978;-2,61072826
21,43624978;-2,23794293
21,44124977;-2,61072826
21,44624977;-2,23794293
21,45124977;-2,23794293
21,45624977;-1,30536413
21,46124977;-2,05093503
21,46624977;-0,74557084
21,47124977;-0,93196356
21,47624977;-0,37278542
21,48124977;0,55917817
21,48624977;0,55917817
21,49124977;1,11897147
21,49624977;1,11897147
21,50124977;1,30536413
21,50624977;1,30536413
21,51124977;2,05093503
21,51624977;1,11897147
21,52124977;1,49175680
21,52624977;2,79712105
21,53124977;2,23794293
21,53624977;2,42433548
21,54124977;2,98351359
21,54624977;3,54330683
21,55124977;3,72969961
21,55624977;3,91609240
21,56124977;4,28949261
21,56624977;4,28949261
21,57124977;4,47588587
21,57624977;5,03506374
21,58124977;4,28949261
21,58624977;4,66227818
21,59124977;5,03506374
21,59624977;4,84867096
21,60124977;4,28949261
21,60624977;3,91609240
21,61124977;4,10248518
21,61624977;3,91609240
21,62124977;3,72969961
21,62624977;3,72969961
21,63124977;3,72969961
21,63624977;3,35691428
21,64124977;2,98351359
21,64624977;2,98351359
21,65124977;3,35691428
21,65624977;3,91609240
21,66124977;0,93196356
21,66624977;3,72969961
21,67124977;3,17052150
21,67624977;2,98351359
21,68124977;2,98351359
21,68624977;3,17052150
21,69124977;2,98351359
21,69624977;3,54330683
21,70124977;2,79712105
21,70624977;2,42433548
21,71124977;2,05093503
21,71624977;1,49175680
21,72124977;1,86454225
21,72624977;1,49175680
21,73124977;1,49175680
21,73624977;0,55917817
21,74124977;0,37278542
21,74624977;0,55917817
21,75124977;0,00000000
21,75624977;0,55917817
21,76124977;0,00000000
21,76624977;-0,18639271
21,77124977;-0,37278542
21,77624977;-0,74557084
21,78124977;-0,37278542
21,78624977;-0,74557084
21,79124977;-1,67814958
21,79624977;-1,11897147
21,80124977;-2,23794293
21,80624977;-2,79712105
21,81124977;-3,54330683
21,81624977;-3,17052150
21,82124977;-3,54330683
21,82624977;-3,54330683
21,83124977;-4,47588587
21,83624976;-4,47588587
21,84124976;-5,78124952
21,84624976;-5,40846395
21,85124976;-5,59485722
21,85624976;-5,40846395
21,86124976;-5,96764231
21,86624976;-5,40846395
21,87124976;-5,78124952
21,87624976;-5,78124952
21,88124976;-5,96764231
21,88624976;-5,96764231
21,89124976;-5,78124952
21,89624976;-6,71382856
21,90124976;-6,71382856
21,90624976;-6,52743578
21,91124976;-6,71382856
21,91624976;-6,34104300
21,92124976;-7,83279943
21,92624976;-6,15403509
21,93124976;-6,15403509
21,93624976;-6,34104300
21,94124976;-5,78124952
21,94624976;-5,03506374
21,95124976;-5,03506374
21,95624976;-4,10248518
21,96124976;-4,10248518
21,96624976;-3,91609240
21,97124976;-3,17052150
21,97624976;-3,17052150
21,98124976;-4,10248518
21,98624976;-3,17052150
21,99124976;-3,54330683
21,99624976;-3,35691428
22,00124976;-4,47588587
22,00624976;-4,47588587
22,01124976;-5,03506374
22,01624976;-4,84867096
22,02124976;-5,40846395
22,02624976;-5,40846395
22,03124976;-5,96764231
22,03624976;-5,22207165
22,04124976;-5,40846395
22,04624976;-5,22207165
22,05124976;-4,84867096
22,05624976;-4,66227818
22,06124976;-4,28949261
22,06624976;-4,10248518
22,07124976;-3,35691428
22,07624976;-2,61072826
22,08124976;-2,61072826
22,08624976;-2,05093503
22,09124976;-1,67814958
22,09624976;-0,93196356
22,10124976;-1,11897147
22,10624976;-1,30536413
22,11124976;-0,74557084
22,11624976;-1,30536413
22,12124976;-0,37278542
22,12624976;-0,74557084
22,13124976;-1,11897147
22,13624976;-1,11897147
22,14124976;-0,55917817
22,14624976;-0,18639271
22,15124976;0,00000000
22,15624976;0,00000000
22,16124976;0,18639271
22,16624976;0,74557084
22,17124976;0,93196356
22,17624976;1,30536413
22,18124976;1,49175680
22,18624976;1,49175680
22,19124976;1,67814958
22,19624976;2,79712105
22,20124976;2,98351359
22,20624976;2,98351359
22,21124976;2,23794293
22,21624976;3,17052150
22,22124976;2,79712105
22,22624976;3,54330683
22,23124975;3,72969961
22,23624975;3,72969961
22,24124975;3,54330683
22,24624975;3,54330683
22,25124975;3,91609240
22,25624975;3,91609240
22,26124975;3,72969961
22,26624975;3,72969961
22,27124975;4,66227818
22,27624975;4,28949261
22,28124975;3,91609240
22,28624975;3,72969961
22,29124975;4,28949261
22,29624975;4,66227818
22,30124975;3,54330683
22,30624975;4,66227818
22,31124975;4,47588587
22,31624975;4,28949261
22,32124975;4,66227818
22,32624975;4,66227818
22,33124975;4,28949261
22,33624975;3,91609240
22,34124975;4,66227818
22,34624975;4,47588587
22,35124975;3,35691428
22,35624975;5,22207165
22,36124975;3,72969961
22,36624975;5,59485722
22,37124975;5,40846395
22,37624975;4,66227818
22,38124975;3,91609240
22,38624975;4,66227818
22,39124975;4,28949261
22,39624975;4,84867096
22,40124975;4,28949261
22,40624975;4,10248518
22,41124975;3,72969961
22,41624975;4,28949261
22,42124975;3,72969961
22,42624975;3,54330683
22,43124975;2,98351359
22,43624975;2,79712105
22,44124975;2,79712105
22,44624975;2,98351359
22,45124975;2,42433548
22,45624975;2,79712105
22,46124975;2,23794293
22,46624975;2,23794293
22,47124975;2,05093503
22,47624975;1,86454225
22,48124975;2,42433548
22,48624975;2,61072826
22,49124975;2,98351359
22,49624975;1,30536413
22,50124975;1,86454225
22,50624975;1,86454225
22,51124975;1,11897147
22,51624975;1,49175680
22,52124975;2,42433548
22,52624975;1,11897147
22,53124975;0,18639271
22,53624975;0,93196356
22,54124975;0,55917817
22,54624975;0,55917817
22,55124975;0,18639271
22,55624975;0,93196356
22,56124975;0,74557084
22,56624975;0,93196356
22,57124975;0,74557084
22,57624975;1,11897147
22,58124975;0,74557084
22,58624975;0,93196356
22,59124975;1,11897147
22,59624975;1,67814958
22,60124975;0,18639271
22,60624975;0,93196356
22,61124975;0,93196356
22,61624975;1,11897147
22,62124975;1,67814958
22,62624974;1,11897147
22,63124974;1,30536413
22,63624974;1,11897147
22,64124974;0,55917817
22,64624974;0,55917817
22,65124974;0,93196356
22,65624974;1,11897147
22,66124974;1,49175680
22,66624974;1,67814958
22,67124974;1,86454225
22,67624974;2,23794293
22,68124974;2,05093503
22,68624974;2,05093503
22,69124974;1,86454225
22,69624974;1,86454225
22,70124974;2,05093503
22,70624974;2,42433548
22,71124974;1,49175680
22,71624974;1,67814958
22,72124974;2,61072826
22,72624974;2,42433548
22,73124974;1,86454225
22,73624974;2,05093503
22,74124974;1,30536413
22,74624974;1,86454225
22,75124974;0,55917817
22,75624974;1,11897147
22,76124974;1,49175680
22,76624974;2,05093503
22,77124974;1,30536413
22,77624974;2,79712105
22,78124974;1,49175680
22,78624974;0,93196356
22,79124974;0,93196356
22,79624974;1,11897147
22,80124974;1,67814958
22,80624974;0,93196356
22,81124974;1,30536413
22,81624974;0,74557084
22,82124974;0,55917817
22,82624974;0,74557084
22,83124974;0,18639271
22,83624974;0,93196356
22,84124974;0,18639271
22,84624974;0,18639271
22,85124974;-0,18639271
22,85624974;-0,55917817
22,86124974;-0,37278542
22,86624974;-0,37278542
22,87124974;-0,37278542
22,87624974;-0,93196356
22,88124974;-1,11897147
22,88624974;-1,30536413
22,89124974;-2,05093503
22,89624974;-1,49175680
22,90124974;-2,23794293
22,90624974;-2,42433548
22,91124974;-3,17052150
22,91624974;-3,54330683
22,92124974;-3,17052150
22,92624974;-3,35691428
22,93124974;-3,54330683
22,93624974;-3,54330683
22,94124974;-3,54330683
22,94624974;-3,17052150
22,95124974;-3,17052150
22,95624974;-2,98351359
22,96124974;-2,42433548
22,96624974;-2,61072826
22,97124974;-2,98351359
22,97624974;-2,23794293
22,98124974;-2,05093503
22,98624974;-2,23794293
22,99124974;-2,61072826
22,99624974;-3,17052150
23,00124974;-3,91609240
23,00624974;-4,10248518
23,01124974;-4,47588587
23,01624974;-5,03506374
23,02124973;-5,59485722
23,02624973;-5,59485722
23,03124973;-6,52743578
23,03624973;-5,96764231
23,04124973;-6,71382856
23,04624973;-5,96764231
23,05124973;-5,96764231
23,05624973;-5,78124952
23,06124973;-6,15403509
23,06624973;-4,66227818
23,07124973;-4,47588587
23,07624973;-4,10248518
23,08124973;-3,35691428
23,08624973;-3,54330683
23,09124973;-2,98351359
23,09624973;-2,42433548
23,10124973;-2,61072826
23,10624973;-2,61072826
23,11124973;-2,23794293
23,11624973;-2,79712105
23,12124973;-2,42433548
23,12624973;-2,61072826
23,13124973;-2,05093503
23,13624973;-3,17052150
23,14124973;-2,61072826
23,14624973;-2,05093503
23,15124973;-2,23794293
23,15624973;-1,67814958
23,16124973;-1,67814958
23,16624973;-1,49175680
23,17124973;-1,11897147
23,17624973;-0,93196356
23,18124973;0,37278542
23,18624973;0,00000000
23,19124973;0,18639271
23,19624973;0,37278542
23,20124973;0,55917817
23,20624973;1,30536413
23,21124973;0,93196356
23,21624973;1,49175680
23,22124973;1,86454225
23,22624973;2,05093503
23,23124973;1,86454225
23,23624973;1,86454225
23,24124973;2,42433548
23,24624973;2,42433548
23,25124973;2,42433548
23,25624973;2,98351359
23,26124973;3,35691428
23,26624973;3,35691428
23,27124973;3,35691428
23,27624973;3,91609240
23,28124973;3,72969961
23,28624973;4,28949261
23,29124973;4,28949261
23,29624973;4,10248518
23,30124973;3,54330683
23,30624973;3,91609240
23,31124973;3,54330683
23,31624973;3,72969961
23,32124973;3,54330683
23,32624973;3,72969961
23,33124973;3,35691428
23,33624973;3,35691428
23,34124973;2,98351359
23,34624973;2,98351359
23,35124973;2,61072826
23,35624973;3,72969961
23,36124973;2,79712105
23,36624973;4,47588587
23,37124973;3,91609240
23,37624973;3,72969961
23,38124973;3,35691428
23,38624973;3,91609240
23,39124973;2,98351359
23,39624973;3,72969961
23,40124973;1,49175680
23,40624973;3,72969961
23,41124973;2,79712105
23,41624972;2,79712105
23,42124972;2,42433548
23,42624972;2,42433548
23,43124972;2,05093503
23,43624972;1,49175680
23,44124972;1,30536413
23,44624972;1,11897147
23,45124972;0,55917817
23,45624972;0,00000000
23,46124972;0,93196356
23,46624972;0,37278542
23,47124972;0,00000000
23,47624972;0,37278542
23,48124972;-0,37278542
23,48624972;-0,37278542
23,49124972;-0,74557084
23,49624972;-1,11897147
23,50124972;-1,30536413
23,50624972;-1,67814958
23,51124972;-2,42433548
23,51624972;-2,61072826
23,52124972;-2,98351359
23,52624972;-3,17052150
23,53124972;-3,91609240
23,53624972;-3,72969961
23,54124972;-4,10248518
23,54624972;-4,47588587
23,55124972;-5,03506374
23,55624972;-4,28949261
23,56124972;-5,22207165
23,56624972;-5,40846395
23,57124972;-5,22207165
23,57624972;-5,22207165
23,58124972;-6,52743578
23,58624972;-6,34104300
23,59124972;-6,34104300
23,59624972;-6,15403509
23,60124972;-6,71382856
23,60624972;-7,27362204
23,61124972;-7,08661366
23,61624972;-7,27362204
23,62124972;-6,90022135
23,62624972;-6,90022135
23,63124972;-6,71382856
23,63624972;-6,71382856
23,64124972;-6,52743578
23,64624972;-6,34104300
23,65124972;-5,78124952
23,65624972;-5,40846395
23,66124972;-4,84867096
23,66624972;-4,66227818
23,67124972;-4,47588587
23,67624972;-3,91609240
23,68124972;-3,54330683
23,68624972;-3,54330683
23,69124972;-3,35691428
23,69624972;-3,17052150
23,70124972;-3,72969961
23,70624972;-3,91609240
23,71124972;-3,72969961
23,71624972;-4,66227818
23,72124972;-4,47588587
23,72624972;-5,03506374
23,73124972;-5,40846395
23,73624972;-5,78124952
23,74124972;-5,40846395
23,74624972;-5,59485722
23,75124972;-5,03506374
23,75624972;-5,96764231
23,76124972;-5,03506374
23,76624972;-5,03506374
23,77124972;-3,91609240
23,77624972;-4,10248518
23,78124972;-3,54330683
23,78624972;-2,05093503
23,79124972;-2,23794293
23,79624972;-2,42433548
23,80124972;-2,05093503
23,80624972;-2,05093503
23,81124972;-1,30536413
23,81624971;-1,30536413
23,82124971;-1,30536413
23,82624971;-0,74557084
23,83124971;-1,30536413
23,83624971;-1,49175680
23,84124971;-0,93196356
23,84624971;-0,93196356
23,85124971;-1,11897147
23,85624971;-1,30536413
23,86124971;-0,55917817
23,86624971;-0,37278542
23,87124971;-0,18639271
23,87624971;0,37278542
23,88124971;0,74557084
23,88624971;0,93196356
23,89124971;1,67814958
23,89624971;1,67814958
23,90124971;1,49175680
23,90624971;2,05093503
23,91124971;2,79712105
23,91624971;2,79712105
23,92124971;3,17052150
23,92624971;3,54330683
23,93124971;3,72969961
23,93624971;3,54330683
23,94124971;4,28949261
23,94624971;4,28949261
23,95124971;4,10248518
23,95624971;4,66227818
23,96124971;3,72969961
23,96624971;5,22207165
23,97124971;4,47588587
23,97624971;4,28949261
23,98124971;3,91609240
23,98624971;4,66227818
23,99124971;3,17052150
23,99624971;4,84867096
24,00124971;3,72969961
24,00624971;3,72969961
24,01124971;4,10248518
24,01624971;4,28949261
24,02124971;3,91609240
24,02624971;3,91609240
24,03124971;4,10248518
24,03624971;3,72969961
24,04124971;3,91609240
24,04624971;3,72969961
24,05124971;4,84867096
24,05624971;4,66227818
24,06124971;4,66227818
24,06624971;4,28949261
24,07124971;3,91609240
24,07624971;4,28949261
24,08124971;5,03506374
24,08624971;4,66227818
24,09124971;4,66227818
24,09624971;4,66227818
24,10124971;4,84867096
24,10624971;4,66227818
24,11124971;5,40846395
24,11624971;4,84867096
24,12124971;4,66227818
24,12624971;3,91609240
24,13124971;3,54330683
24,13624971;3,72969961
24,14124971;3,72969961
24,14624971;3,35691428
24,15124971;2,98351359
24,15624971;2,98351359
24,16124971;2,61072826
24,16624971;2,98351359
24,17124971;2,23794293
24,17624971;2,42433548
24,18124971;2,23794293
24,18624971;2,42433548
24,19124971;2,61072826
24,19624971;2,05093503
24,20124971;2,42433548
24,20624971;2,05093503
24,21124970;2,42433548
24,21624970;2,05093503
24,22124970;1,49175680
24,22624970;1,30536413
24,23124970;1,30536413
24,23624970;1,11897147
24,24124970;1,30536413
24,24624970;0,55917817
24,25124970;0,37278542
24,25624970;0,55917817
24,26124970;0,37278542
24,26624970;0,18639271
24,27124970;0,37278542
24,27624970;0,93196356
24,28124970;0,55917817
24,28624970;0,55917817
24,29124970;1,11897147
24,29624970;1,11897147
24,30124970;0,74557084
24,30624970;0,18639271
24,31124970;0,93196356
24,31624970;0,93196356
24,32124970;1,11897147
24,32624970;0,93196356
24,33124970;1,30536413
24,33624970;1,11897147
24,34124970;1,11897147
24,34624970;0,93196356
24,35124970;1,49175680
24,35624970;1,49175680
24,36124970;1,30536413
24,36624970;1,49175680
24,37124970;1,11897147
24,37624970;1,86454225
24,38124970;1,11897147
24,38624970;2,05093503
24,39124970;2,05093503
24,39624970;2,79712105
24,40124970;1,86454225
24,40624970;2,42433548
24,41124970;1,67814958
24,41624970;1,86454225
24,42124970;1,86454225
24,42624970;1,86454225
24,43124970;1,30536413
24,43624970;1,49175680
24,44124970;1,11897147
24,44624970;1,11897147
24,45124970;1,49175680
24,45624970;0,93196356
24,46124970;0,93196356
24,46624970;0,93196356
24,47124970;0,74557084
24,47624970;0,93196356
24,48124970;0,55917817
24,48624970;0,37278542
24,49124970;1,11897147
24,49624970;0,93196356
24,50124970;0,93196356
24,50624970;0,74557084
24,51124970;0,74557084
24,51624970;0,93196356
24,52124970;0,93196356
24,52624970;0,93196356
24,53124970;0,74557084
24,53624970;0,55917817
24,54124970;0,37278542
24,54624970;0,55917817
24,55124970;0,00000000
24,55624970;0,55917817
24,56124970;0,18639271
24,56624970;-0,74557084
24,57124970;-0,55917817
24,57624970;-0,93196356
24,58124970;-0,37278542
24,58624970;-0,74557084
24,59124970;-1,49175680
24,59624970;-1,67814958
24,60124970;-2,05093503
24,60624969;-2,05093503
24,61124969;-1,67814958
24,61624969;-2,98351359
24,62124969;-2,98351359
24,62624969;-2,98351359
24,63124969;-3,91609240
24,63624969;-2,98351359
24,64124969;-4,47588587
24,64624969;-3,54330683
24,65124969;-3,91609240
24,65624969;-3,54330683
24,66124969;-3,72969961
24,66624969;-2,98351359
24,67124969;-0,37278542
24,67624969;-2,61072826
24,68124969;-2,98351359
24,68624969;-3,17052150
24,69124969;-2,42433548
24,69624969;-3,17052150
24,70124969;-3,91609240
24,70624969;-3,35691428
24,71124969;-4,47588587
24,71624969;-4,84867096
24,72124969;-5,40846395
24,72624969;-5,40846395
24,73124969;-6,15403509
24,73624969;-6,15403509
24,74124969;-6,71382856
24,74624969;-6,71382856
24,75124969;-6,52743578
24,75624969;-6,71382856
24,76124969;-6,71382856
24,76624969;-4,47588587
24,77124969;-5,96764231
24,77624969;-5,03506374
24,78124969;-3,91609240
24,78624969;-3,91609240
24,79124969;-3,91609240
24,79624969;-3,54330683
24,80124969;-2,98351359
24,80624969;-2,79712105
24,81124969;-2,61072826
24,81624969;-3,17052150
24,82124969;-2,98351359
24,82624969;-2,61072826
24,83124969;-2,79712105
24,83624969;-2,23794293
24,84124969;-2,98351359
24,84624969;-2,98351359
24,85124969;-3,17052150
24,85624969;-1,86454225
24,86124969;-1,67814958
24,86624969;-1,67814958
24,87124969;-1,86454225
24,87624969;-1,11897147
24,88124969;-0,74557084
24,88624969;-1,11897147
24,89124969;-0,18639271
24,89624969;0,00000000
24,90124969;0,00000000
24,90624969;0,37278542
24,91124969;0,74557084
24,91624969;1,11897147
24,92124969;0,93196356
24,92624969;1,67814958
24,93124969;0,93196356
24,93624969;1,49175680
24,94124969;1,49175680
24,94624969;2,42433548
24,95124969;1,86454225
24,95624969;2,79712105
24,96124969;2,79712105
24,96624969;3,17052150
24,97124969;3,35691428
24,97624969;3,54330683
24,98124969;4,47588587
24,98624969;3,91609240
24,99124969;3,91609240
24,99624969;3,91609240
25,00124968;3,91609240
25,00624968;4,28949261
