2025.10.16 21:26:13 WARN  Using H2 2.4.240 which is newer than the version Flyway has been verified with. The latest verified version of H2 is 2.3.232.
2025.10.16 21:26:16 INFO  Running List(C:\Users\justi\AppData\Local\Coursier\data\bin\scala-cli.BAT, setup-ide, C:\Users\justi\OneDrive\Desktop\Semester 3)
2025.10.16 21:26:16 INFO  Attempting to connect to the build server...
2025.10.16 21:26:16 INFO  Running BSP server List(C:\Users\justi\AppData\Local\Coursier\data\bin\.scala-cli.aux.exe, bsp, --json-options, C:\Users\justi\OneDrive\Desktop\Semester 3\.scala-build\ide-options-v2.json, --json-launcher-options, C:\Users\justi\OneDrive\Desktop\Semester 3\.scala-build\ide-launcher-options.json, --envs-file, C:\Users\justi\OneDrive\Desktop\Semester 3\.scala-build\ide-envs.json, C:\Users\justi\OneDrive\Desktop\Semester 3)
2025.10.16 21:26:16 INFO  tracing is disabled for protocol BSP, to enable tracing of incoming and outgoing JSON messages create an empty file at C:\Users\justi\OneDrive\Desktop\Semester 3\.metals\bsp.trace.json or C:\Users\justi\AppData\Local\scalameta\metals\cache\bsp.trace.json
2025.10.16 21:26:16 INFO  BSP server: Downloading https://oss.sonatype.org/content/repositories/snapshots/ch/epfl/scala/bloop-frontend_2.12/2.0.13/bloop-frontend_2.12-2.0.13.pom
2025.10.16 21:26:16 INFO  BSP server: Downloaded https://oss.sonatype.org/content/repositories/snapshots/ch/epfl/scala/bloop-frontend_2.12/2.0.13/bloop-frontend_2.12-2.0.13.pom
2025.10.16 21:26:16 INFO  BSP server: Downloading https://oss.sonatype.org/content/repositories/snapshots/ch/epfl/scala/bloop-frontend_2.12/2.0.13/bloop-frontend_2.12-2.0.13.pom.sha1
2025.10.16 21:26:16 INFO  BSP server: Downloaded https://oss.sonatype.org/content/repositories/snapshots/ch/epfl/scala/bloop-frontend_2.12/2.0.13/bloop-frontend_2.12-2.0.13.pom.sha1
2025.10.16 21:26:16 INFO  BSP server: Downloading https://s01.oss.sonatype.org/content/repositories/snapshots/ch/epfl/scala/bloop-frontend_2.12/2.0.13/bloop-frontend_2.12-2.0.13.pom
2025.10.16 21:26:16 INFO  BSP server: Downloaded https://s01.oss.sonatype.org/content/repositories/snapshots/ch/epfl/scala/bloop-frontend_2.12/2.0.13/bloop-frontend_2.12-2.0.13.pom
2025.10.16 21:26:16 INFO  BSP server: Downloading https://s01.oss.sonatype.org/content/repositories/snapshots/ch/epfl/scala/bloop-frontend_2.12/2.0.13/bloop-frontend_2.12-2.0.13.pom.sha1
2025.10.16 21:26:17 INFO  BSP server: Downloaded https://s01.oss.sonatype.org/content/repositories/snapshots/ch/epfl/scala/bloop-frontend_2.12/2.0.13/bloop-frontend_2.12-2.0.13.pom.sha1
2025.10.16 21:26:17 INFO  BSP server: Downloading https://central.sonatype.com/repository/maven-snapshots/ch/epfl/scala/bloop-frontend_2.12/2.0.13/bloop-frontend_2.12-2.0.13.pom
2025.10.16 21:26:17 INFO  BSP server: Downloaded https://central.sonatype.com/repository/maven-snapshots/ch/epfl/scala/bloop-frontend_2.12/2.0.13/bloop-frontend_2.12-2.0.13.pom
2025.10.16 21:26:17 INFO  BSP server: Downloading https://central.sonatype.com/repository/maven-snapshots/ch/epfl/scala/bloop-frontend_2.12/2.0.13/bloop-frontend_2.12-2.0.13.pom.sha1
2025.10.16 21:26:18 INFO  BSP server: Downloaded https://central.sonatype.com/repository/maven-snapshots/ch/epfl/scala/bloop-frontend_2.12/2.0.13/bloop-frontend_2.12-2.0.13.pom.sha1
2025.10.16 21:26:18 INFO  BSP server: Downloading https://repo.scala-lang.org/artifactory/maven-nightlies/ch/epfl/scala/bloop-frontend_2.12/2.0.13/bloop-frontend_2.12-2.0.13.pom
2025.10.16 21:26:18 INFO  BSP server: Downloaded https://repo.scala-lang.org/artifactory/maven-nightlies/ch/epfl/scala/bloop-frontend_2.12/2.0.13/bloop-frontend_2.12-2.0.13.pom
2025.10.16 21:26:18 INFO  BSP server: Downloading https://oss.sonatype.org/content/repositories/snapshots/org/scala-lang/scala-library/2.12.20/scala-library-2.12.20.pom
2025.10.16 21:26:18 INFO  BSP server: Downloading https://oss.sonatype.org/content/repositories/snapshots/com/github/alexarchambault/case-app_2.12/2.0.6/case-app_2.12-2.0.6.pom
2025.10.16 21:26:18 INFO  BSP server: Downloading https://oss.sonatype.org/content/repositories/snapshots/io/monix/monix_2.12/3.2.0/monix_2.12-3.2.0.pom
2025.10.16 21:26:18 INFO  BSP server: Downloading https://oss.sonatype.org/content/repositories/snapshots/org/scalaz/scalaz-core_2.12/7.3.8/scalaz-core_2.12-7.3.8.pom
2025.10.16 21:26:18 INFO  BSP server: Downloading https://oss.sonatype.org/content/repositories/snapshots/ch/epfl/scala/scala-debug-adapter_2.12/4.2.8/scala-debug-adapter_2.12-4.2.8.pom
2025.10.16 21:26:18 INFO  BSP server: Downloading https://oss.sonatype.org/content/repositories/snapshots/ch/qos/logback/logback-classic/1.5.18/logback-classic-1.5.18.pom
2025.10.16 21:26:18 INFO  BSP server: Downloaded https://oss.sonatype.org/content/repositories/snapshots/org/scala-lang/scala-library/2.12.20/scala-library-2.12.20.pom
2025.10.16 21:26:18 INFO  BSP server: Downloading https://oss.sonatype.org/content/repositories/snapshots/ch/epfl/scala/bloop-config_2.12/2.3.2/bloop-config_2.12-2.3.2.pom
2025.10.16 21:26:18 INFO  BSP server: Downloaded https://oss.sonatype.org/content/repositories/snapshots/ch/epfl/scala/bloop-config_2.12/2.3.2/bloop-config_2.12-2.3.2.pom
2025.10.16 21:26:18 INFO  BSP server: Downloading https://oss.sonatype.org/content/repositories/snapshots/ch/epfl/scala/libdaemon_2.12/0.0.12/libdaemon_2.12-0.0.12.pom
2025.10.16 21:26:18 INFO  BSP server: Downloaded https://oss.sonatype.org/content/repositories/snapshots/com/github/alexarchambault/case-app_2.12/2.0.6/case-app_2.12-2.0.6.pom
2025.10.16 21:26:18 INFO  BSP server: Downloading https://oss.sonatype.org/content/repositories/snapshots/org/scala-lang/scala-library/2.12.20/scala-library-2.12.20.pom.sha1
2025.10.16 21:26:18 INFO  BSP server: Downloaded https://oss.sonatype.org/content/repositories/snapshots/org/scalaz/scalaz-core_2.12/7.3.8/scalaz-core_2.12-7.3.8.pom
2025.10.16 21:26:18 INFO  BSP server: Downloading https://oss.sonatype.org/content/repositories/snapshots/ch/epfl/scala/bloop-config_2.12/2.3.2/bloop-config_2.12-2.3.2.pom.sha1
2025.10.16 21:26:18 INFO  BSP server: Downloaded https://oss.sonatype.org/content/repositories/snapshots/ch/epfl/scala/scala-debug-adapter_2.12/4.2.8/scala-debug-adapter_2.12-4.2.8.pom
2025.10.16 21:26:18 INFO  BSP server: Downloading https://oss.sonatype.org/content/repositories/snapshots/com/github/alexarchambault/case-app_2.12/2.0.6/case-app_2.12-2.0.6.pom.sha1
2025.10.16 21:26:18 INFO  BSP server: Downloaded https://oss.sonatype.org/content/repositories/snapshots/ch/qos/logback/logback-classic/1.5.18/logback-classic-1.5.18.pom
2025.10.16 21:26:18 INFO  BSP server: Downloaded https://oss.sonatype.org/content/repositories/snapshots/io/monix/monix_2.12/3.2.0/monix_2.12-3.2.0.pom
2025.10.16 21:26:18 INFO  BSP server: Downloading https://oss.sonatype.org/content/repositories/snapshots/ch/epfl/scala/bloop-shared_2.12/2.0.13/bloop-shared_2.12-2.0.13.pom
2025.10.16 21:26:18 INFO  BSP server: Downloading https://oss.sonatype.org/content/repositories/snapshots/org/scalaz/scalaz-core_2.12/7.3.8/scalaz-core_2.12-7.3.8.pom.sha1
2025.10.16 21:26:18 INFO  BSP server: Downloaded https://oss.sonatype.org/content/repositories/snapshots/ch/epfl/scala/libdaemon_2.12/0.0.12/libdaemon_2.12-0.0.12.pom
2025.10.16 21:26:18 INFO  BSP server: Downloading https://oss.sonatype.org/content/repositories/snapshots/ch/epfl/scala/bloop-backend_2.12/2.0.13/bloop-backend_2.12-2.0.13.pom
2025.10.16 21:26:18 INFO  BSP server: Downloaded https://oss.sonatype.org/content/repositories/snapshots/org/scala-lang/scala-library/2.12.20/scala-library-2.12.20.pom.sha1
2025.10.16 21:26:18 INFO  BSP server: Downloading https://oss.sonatype.org/content/repositories/snapshots/ch/epfl/scala/scala-debug-adapter_2.12/4.2.8/scala-debug-adapter_2.12-4.2.8.pom.sha1
2025.10.16 21:26:18 INFO  BSP server: Downloaded https://oss.sonatype.org/content/repositories/snapshots/ch/epfl/scala/bloop-shared_2.12/2.0.13/bloop-shared_2.12-2.0.13.pom
2025.10.16 21:26:18 INFO  BSP server: Downloading https://oss.sonatype.org/content/repositories/snapshots/ch/qos/logback/logback-classic/1.5.18/logback-classic-1.5.18.pom.sha1
2025.10.16 21:26:18 INFO  BSP server: Downloaded https://oss.sonatype.org/content/repositories/snapshots/org/scalaz/scalaz-core_2.12/7.3.8/scalaz-core_2.12-7.3.8.pom.sha1
2025.10.16 21:26:18 INFO  BSP server: Downloading https://oss.sonatype.org/content/repositories/snapshots/io/monix/monix_2.12/3.2.0/monix_2.12-3.2.0.pom.sha1
2025.10.16 21:26:18 INFO  BSP server: Downloaded https://oss.sonatype.org/content/repositories/snapshots/ch/epfl/scala/bloop-config_2.12/2.3.2/bloop-config_2.12-2.3.2.pom.sha1
2025.10.16 21:26:18 INFO  BSP server: Downloading https://oss.sonatype.org/content/repositories/snapshots/ch/epfl/scala/libdaemon_2.12/0.0.12/libdaemon_2.12-0.0.12.pom.sha1
2025.10.16 21:26:18 INFO  BSP server: Downloaded https://oss.sonatype.org/content/repositories/snapshots/com/github/alexarchambault/case-app_2.12/2.0.6/case-app_2.12-2.0.6.pom.sha1
2025.10.16 21:26:18 INFO  BSP server: Downloading https://oss.sonatype.org/content/repositories/snapshots/ch/epfl/scala/bloop-shared_2.12/2.0.13/bloop-shared_2.12-2.0.13.pom.sha1
2025.10.16 21:26:19 INFO  BSP server: Downloaded https://oss.sonatype.org/content/repositories/snapshots/ch/epfl/scala/scala-debug-adapter_2.12/4.2.8/scala-debug-adapter_2.12-4.2.8.pom.sha1
2025.10.16 21:26:19 INFO  BSP server: Downloading https://s01.oss.sonatype.org/content/repositories/snapshots/org/scala-lang/scala-library/2.12.20/scala-library-2.12.20.pom
2025.10.16 21:26:19 INFO  BSP server: Downloaded https://oss.sonatype.org/content/repositories/snapshots/ch/epfl/scala/bloop-shared_2.12/2.0.13/bloop-shared_2.12-2.0.13.pom.sha1
2025.10.16 21:26:19 INFO  BSP server: Downloading https://s01.oss.sonatype.org/content/repositories/snapshots/org/scalaz/scalaz-core_2.12/7.3.8/scalaz-core_2.12-7.3.8.pom
2025.10.16 21:26:19 INFO  BSP server: Downloaded https://oss.sonatype.org/content/repositories/snapshots/io/monix/monix_2.12/3.2.0/monix_2.12-3.2.0.pom.sha1
2025.10.16 21:26:19 INFO  BSP server: Downloading https://s01.oss.sonatype.org/content/repositories/snapshots/ch/epfl/scala/bloop-config_2.12/2.3.2/bloop-config_2.12-2.3.2.pom
2025.10.16 21:26:19 INFO  BSP server: Downloaded https://oss.sonatype.org/content/repositories/snapshots/ch/epfl/scala/libdaemon_2.12/0.0.12/libdaemon_2.12-0.0.12.pom.sha1
2025.10.16 21:26:19 INFO  BSP server: Downloaded https://oss.sonatype.org/content/repositories/snapshots/ch/qos/logback/logback-classic/1.5.18/logback-classic-1.5.18.pom.sha1
2025.10.16 21:26:19 INFO  BSP server: Downloading https://s01.oss.sonatype.org/content/repositories/snapshots/com/github/alexarchambault/case-app_2.12/2.0.6/case-app_2.12-2.0.6.pom
2025.10.16 21:26:19 INFO  BSP server: Downloading https://s01.oss.sonatype.org/content/repositories/snapshots/ch/epfl/scala/scala-debug-adapter_2.12/4.2.8/scala-debug-adapter_2.12-4.2.8.pom
2025.10.16 21:26:19 INFO  BSP server: Downloaded https://oss.sonatype.org/content/repositories/snapshots/ch/epfl/scala/bloop-backend_2.12/2.0.13/bloop-backend_2.12-2.0.13.pom
2025.10.16 21:26:19 INFO  BSP server: Downloading https://s01.oss.sonatype.org/content/repositories/snapshots/ch/epfl/scala/bloop-shared_2.12/2.0.13/bloop-shared_2.12-2.0.13.pom
2025.10.16 21:26:19 INFO  BSP server: Downloaded https://s01.oss.sonatype.org/content/repositories/snapshots/com/github/alexarchambault/case-app_2.12/2.0.6/case-app_2.12-2.0.6.pom
2025.10.16 21:26:19 INFO  BSP server: Downloading https://oss.sonatype.org/content/repositories/snapshots/ch/epfl/scala/bloop-backend_2.12/2.0.13/bloop-backend_2.12-2.0.13.pom.sha1
2025.10.16 21:26:19 INFO  BSP server: Downloaded https://s01.oss.sonatype.org/content/repositories/snapshots/ch/epfl/scala/bloop-shared_2.12/2.0.13/bloop-shared_2.12-2.0.13.pom
2025.10.16 21:26:19 INFO  BSP server: Downloading https://s01.oss.sonatype.org/content/repositories/snapshots/io/monix/monix_2.12/3.2.0/monix_2.12-3.2.0.pom
2025.10.16 21:26:19 INFO  BSP server: Downloaded https://oss.sonatype.org/content/repositories/snapshots/ch/epfl/scala/bloop-backend_2.12/2.0.13/bloop-backend_2.12-2.0.13.pom.sha1
2025.10.16 21:26:19 INFO  BSP server: Downloading https://s01.oss.sonatype.org/content/repositories/snapshots/ch/epfl/scala/libdaemon_2.12/0.0.12/libdaemon_2.12-0.0.12.pom
2025.10.16 21:26:19 INFO  BSP server: Downloaded https://s01.oss.sonatype.org/content/repositories/snapshots/org/scala-lang/scala-library/2.12.20/scala-library-2.12.20.pom
2025.10.16 21:26:19 INFO  BSP server: Downloading https://s01.oss.sonatype.org/content/repositories/snapshots/ch/qos/logback/logback-classic/1.5.18/logback-classic-1.5.18.pom
2025.10.16 21:26:19 INFO  BSP server: Downloaded https://s01.oss.sonatype.org/content/repositories/snapshots/org/scalaz/scalaz-core_2.12/7.3.8/scalaz-core_2.12-7.3.8.pom
2025.10.16 21:26:19 INFO  BSP server: Downloading https://s01.oss.sonatype.org/content/repositories/snapshots/com/github/alexarchambault/case-app_2.12/2.0.6/case-app_2.12-2.0.6.pom.sha1
2025.10.16 21:26:19 INFO  BSP server: Downloaded https://s01.oss.sonatype.org/content/repositories/snapshots/ch/epfl/scala/scala-debug-adapter_2.12/4.2.8/scala-debug-adapter_2.12-4.2.8.pom
2025.10.16 21:26:19 INFO  BSP server: Downloading https://s01.oss.sonatype.org/content/repositories/snapshots/ch/epfl/scala/bloop-shared_2.12/2.0.13/bloop-shared_2.12-2.0.13.pom.sha1
2025.10.16 21:26:19 INFO  BSP server: Downloaded https://s01.oss.sonatype.org/content/repositories/snapshots/ch/epfl/scala/bloop-config_2.12/2.3.2/bloop-config_2.12-2.3.2.pom
2025.10.16 21:26:19 INFO  BSP server: Downloading https://s01.oss.sonatype.org/content/repositories/snapshots/org/scala-lang/scala-library/2.12.20/scala-library-2.12.20.pom.sha1
2025.10.16 21:26:19 INFO  BSP server: Downloaded https://s01.oss.sonatype.org/content/repositories/snapshots/ch/epfl/scala/libdaemon_2.12/0.0.12/libdaemon_2.12-0.0.12.pom
2025.10.16 21:26:19 INFO  BSP server: Downloading https://s01.oss.sonatype.org/content/repositories/snapshots/org/scalaz/scalaz-core_2.12/7.3.8/scalaz-core_2.12-7.3.8.pom.sha1
2025.10.16 21:26:19 INFO  BSP server: Downloaded https://s01.oss.sonatype.org/content/repositories/snapshots/io/monix/monix_2.12/3.2.0/monix_2.12-3.2.0.pom
2025.10.16 21:26:19 INFO  BSP server: Downloading https://s01.oss.sonatype.org/content/repositories/snapshots/ch/epfl/scala/scala-debug-adapter_2.12/4.2.8/scala-debug-adapter_2.12-4.2.8.pom.sha1
2025.10.16 21:26:19 INFO  BSP server: Downloaded https://s01.oss.sonatype.org/content/repositories/snapshots/ch/qos/logback/logback-classic/1.5.18/logback-classic-1.5.18.pom
2025.10.16 21:26:19 INFO  BSP server: Downloading https://s01.oss.sonatype.org/content/repositories/snapshots/ch/epfl/scala/bloop-config_2.12/2.3.2/bloop-config_2.12-2.3.2.pom.sha1
2025.10.16 21:26:19 INFO  BSP server: Downloaded https://s01.oss.sonatype.org/content/repositories/snapshots/ch/epfl/scala/bloop-shared_2.12/2.0.13/bloop-shared_2.12-2.0.13.pom.sha1
2025.10.16 21:26:19 INFO  BSP server: Downloaded https://s01.oss.sonatype.org/content/repositories/snapshots/org/scalaz/scalaz-core_2.12/7.3.8/scalaz-core_2.12-7.3.8.pom.sha1
2025.10.16 21:26:19 INFO  BSP server: Downloading https://s01.oss.sonatype.org/content/repositories/snapshots/ch/epfl/scala/libdaemon_2.12/0.0.12/libdaemon_2.12-0.0.12.pom.sha1
2025.10.16 21:26:19 INFO  BSP server: Downloaded https://s01.oss.sonatype.org/content/repositories/snapshots/org/scala-lang/scala-library/2.12.20/scala-library-2.12.20.pom.sha1
2025.10.16 21:26:19 INFO  BSP server: Downloading https://s01.oss.sonatype.org/content/repositories/snapshots/ch/epfl/scala/bloop-backend_2.12/2.0.13/bloop-backend_2.12-2.0.13.pom
2025.10.16 21:26:19 INFO  BSP server: Downloading https://s01.oss.sonatype.org/content/repositories/snapshots/io/monix/monix_2.12/3.2.0/monix_2.12-3.2.0.pom.sha1
2025.10.16 21:26:19 INFO  BSP server: Downloaded https://s01.oss.sonatype.org/content/repositories/snapshots/ch/epfl/scala/bloop-config_2.12/2.3.2/bloop-config_2.12-2.3.2.pom.sha1
2025.10.16 21:26:19 INFO  BSP server: Downloading https://s01.oss.sonatype.org/content/repositories/snapshots/ch/qos/logback/logback-classic/1.5.18/logback-classic-1.5.18.pom.sha1
2025.10.16 21:26:19 INFO  BSP server: Downloaded https://s01.oss.sonatype.org/content/repositories/snapshots/com/github/alexarchambault/case-app_2.12/2.0.6/case-app_2.12-2.0.6.pom.sha1
2025.10.16 21:26:19 INFO  BSP server: Downloading https://central.sonatype.com/repository/maven-snapshots/ch/epfl/scala/bloop-shared_2.12/2.0.13/bloop-shared_2.12-2.0.13.pom
2025.10.16 21:26:19 INFO  BSP server: Downloaded https://s01.oss.sonatype.org/content/repositories/snapshots/ch/epfl/scala/libdaemon_2.12/0.0.12/libdaemon_2.12-0.0.12.pom.sha1
2025.10.16 21:26:19 INFO  BSP server: Downloading https://central.sonatype.com/repository/maven-snapshots/org/scalaz/scalaz-core_2.12/7.3.8/scalaz-core_2.12-7.3.8.pom
2025.10.16 21:26:19 INFO  BSP server: Downloaded https://s01.oss.sonatype.org/content/repositories/snapshots/ch/epfl/scala/bloop-backend_2.12/2.0.13/bloop-backend_2.12-2.0.13.pom
2025.10.16 21:26:19 INFO  BSP server: Downloading https://central.sonatype.com/repository/maven-snapshots/org/scala-lang/scala-library/2.12.20/scala-library-2.12.20.pom
2025.10.16 21:26:19 INFO  BSP server: Downloaded https://s01.oss.sonatype.org/content/repositories/snapshots/ch/epfl/scala/scala-debug-adapter_2.12/4.2.8/scala-debug-adapter_2.12-4.2.8.pom.sha1
2025.10.16 21:26:19 INFO  BSP server: Downloading https://central.sonatype.com/repository/maven-snapshots/ch/epfl/scala/bloop-config_2.12/2.3.2/bloop-config_2.12-2.3.2.pom
2025.10.16 21:26:19 INFO  BSP server: Downloaded https://s01.oss.sonatype.org/content/repositories/snapshots/ch/qos/logback/logback-classic/1.5.18/logback-classic-1.5.18.pom.sha1
2025.10.16 21:26:19 INFO  BSP server: Downloading https://central.sonatype.com/repository/maven-snapshots/com/github/alexarchambault/case-app_2.12/2.0.6/case-app_2.12-2.0.6.pom
2025.10.16 21:26:21 INFO  BSP server: Downloaded https://central.sonatype.com/repository/maven-snapshots/org/scalaz/scalaz-core_2.12/7.3.8/scalaz-core_2.12-7.3.8.pom
2025.10.16 21:26:21 INFO  BSP server: Downloading https://s01.oss.sonatype.org/content/repositories/snapshots/ch/epfl/scala/bloop-backend_2.12/2.0.13/bloop-backend_2.12-2.0.13.pom.sha1
2025.10.16 21:26:21 INFO  BSP server: Downloaded https://central.sonatype.com/repository/maven-snapshots/org/scala-lang/scala-library/2.12.20/scala-library-2.12.20.pom
2025.10.16 21:26:21 INFO  BSP server: Downloading https://central.sonatype.com/repository/maven-snapshots/org/scalaz/scalaz-core_2.12/7.3.8/scalaz-core_2.12-7.3.8.pom.sha1
2025.10.16 21:26:21 INFO  BSP server: Downloaded https://central.sonatype.com/repository/maven-snapshots/ch/epfl/scala/bloop-config_2.12/2.3.2/bloop-config_2.12-2.3.2.pom
2025.10.16 21:26:21 INFO  BSP server: Downloading https://central.sonatype.com/repository/maven-snapshots/org/scala-lang/scala-library/2.12.20/scala-library-2.12.20.pom.sha1
2025.10.16 21:26:21 INFO  BSP server: Downloaded https://central.sonatype.com/repository/maven-snapshots/com/github/alexarchambault/case-app_2.12/2.0.6/case-app_2.12-2.0.6.pom
2025.10.16 21:26:21 INFO  BSP server: Downloading https://central.sonatype.com/repository/maven-snapshots/ch/epfl/scala/libdaemon_2.12/0.0.12/libdaemon_2.12-0.0.12.pom
2025.10.16 21:26:21 INFO  BSP server: Downloaded https://s01.oss.sonatype.org/content/repositories/snapshots/ch/epfl/scala/bloop-backend_2.12/2.0.13/bloop-backend_2.12-2.0.13.pom.sha1
2025.10.16 21:26:21 INFO  BSP server: Downloading https://central.sonatype.com/repository/maven-snapshots/ch/epfl/scala/scala-debug-adapter_2.12/4.2.8/scala-debug-adapter_2.12-4.2.8.pom
2025.10.16 21:26:21 INFO  BSP server: Downloaded https://s01.oss.sonatype.org/content/repositories/snapshots/io/monix/monix_2.12/3.2.0/monix_2.12-3.2.0.pom.sha1
2025.10.16 21:26:21 INFO  BSP server: Downloading https://central.sonatype.com/repository/maven-snapshots/ch/epfl/scala/bloop-config_2.12/2.3.2/bloop-config_2.12-2.3.2.pom.sha1
2025.10.16 21:26:21 INFO  BSP server: Downloaded https://central.sonatype.com/repository/maven-snapshots/org/scalaz/scalaz-core_2.12/7.3.8/scalaz-core_2.12-7.3.8.pom.sha1
2025.10.16 21:26:21 INFO  BSP server: Downloading https://central.sonatype.com/repository/maven-snapshots/ch/qos/logback/logback-classic/1.5.18/logback-classic-1.5.18.pom
2025.10.16 21:26:21 INFO  BSP server: Downloaded https://central.sonatype.com/repository/maven-snapshots/org/scala-lang/scala-library/2.12.20/scala-library-2.12.20.pom.sha1
2025.10.16 21:26:21 INFO  BSP server: Downloading https://central.sonatype.com/repository/maven-snapshots/com/github/alexarchambault/case-app_2.12/2.0.6/case-app_2.12-2.0.6.pom.sha1
2025.10.16 21:26:21 INFO  BSP server: Downloaded https://central.sonatype.com/repository/maven-snapshots/ch/epfl/scala/libdaemon_2.12/0.0.12/libdaemon_2.12-0.0.12.pom
2025.10.16 21:26:21 INFO  BSP server: Downloading https://central.sonatype.com/repository/maven-snapshots/ch/epfl/scala/libdaemon_2.12/0.0.12/libdaemon_2.12-0.0.12.pom.sha1
2025.10.16 21:26:21 INFO  BSP server: Downloaded https://central.sonatype.com/repository/maven-snapshots/ch/epfl/scala/scala-debug-adapter_2.12/4.2.8/scala-debug-adapter_2.12-4.2.8.pom
2025.10.16 21:26:21 INFO  BSP server: Downloading https://central.sonatype.com/repository/maven-snapshots/ch/epfl/scala/bloop-backend_2.12/2.0.13/bloop-backend_2.12-2.0.13.pom
2025.10.16 21:26:21 INFO  BSP server: Downloaded https://central.sonatype.com/repository/maven-snapshots/ch/epfl/scala/bloop-config_2.12/2.3.2/bloop-config_2.12-2.3.2.pom.sha1
2025.10.16 21:26:21 INFO  BSP server: Downloading https://central.sonatype.com/repository/maven-snapshots/io/monix/monix_2.12/3.2.0/monix_2.12-3.2.0.pom
2025.10.16 21:26:22 INFO  BSP server: Downloaded https://central.sonatype.com/repository/maven-snapshots/ch/epfl/scala/bloop-shared_2.12/2.0.13/bloop-shared_2.12-2.0.13.pom
2025.10.16 21:26:22 INFO  BSP server: Downloading https://central.sonatype.com/repository/maven-snapshots/ch/epfl/scala/scala-debug-adapter_2.12/4.2.8/scala-debug-adapter_2.12-4.2.8.pom.sha1
2025.10.16 21:26:22 INFO  BSP server: Downloaded https://central.sonatype.com/repository/maven-snapshots/ch/qos/logback/logback-classic/1.5.18/logback-classic-1.5.18.pom
2025.10.16 21:26:22 INFO  BSP server: Downloading https://repo.scala-lang.org/artifactory/maven-nightlies/org/scalaz/scalaz-core_2.12/7.3.8/scalaz-core_2.12-7.3.8.pom
2025.10.16 21:26:22 INFO  BSP server: Downloaded https://central.sonatype.com/repository/maven-snapshots/com/github/alexarchambault/case-app_2.12/2.0.6/case-app_2.12-2.0.6.pom.sha1
2025.10.16 21:26:22 INFO  BSP server: Downloading https://repo.scala-lang.org/artifactory/maven-nightlies/org/scala-lang/scala-library/2.12.20/scala-library-2.12.20.pom
2025.10.16 21:26:22 INFO  BSP server: Downloaded https://central.sonatype.com/repository/maven-snapshots/ch/epfl/scala/libdaemon_2.12/0.0.12/libdaemon_2.12-0.0.12.pom.sha1
2025.10.16 21:26:22 INFO  BSP server: Downloading https://central.sonatype.com/repository/maven-snapshots/ch/epfl/scala/bloop-shared_2.12/2.0.13/bloop-shared_2.12-2.0.13.pom.sha1
2025.10.16 21:26:22 INFO  BSP server: Downloaded https://central.sonatype.com/repository/maven-snapshots/ch/epfl/scala/bloop-backend_2.12/2.0.13/bloop-backend_2.12-2.0.13.pom
2025.10.16 21:26:22 INFO  BSP server: Downloading https://central.sonatype.com/repository/maven-snapshots/ch/qos/logback/logback-classic/1.5.18/logback-classic-1.5.18.pom.sha1
2025.10.16 21:26:22 INFO  BSP server: Downloaded https://repo.scala-lang.org/artifactory/maven-nightlies/org/scalaz/scalaz-core_2.12/7.3.8/scalaz-core_2.12-7.3.8.pom
2025.10.16 21:26:22 INFO  BSP server: Downloading https://repo.scala-lang.org/artifactory/maven-nightlies/ch/epfl/scala/bloop-config_2.12/2.3.2/bloop-config_2.12-2.3.2.pom
2025.10.16 21:26:22 INFO  BSP server: Downloaded https://central.sonatype.com/repository/maven-snapshots/io/monix/monix_2.12/3.2.0/monix_2.12-3.2.0.pom
2025.10.16 21:26:22 INFO  BSP server: Downloading https://central.sonatype.com/repository/maven-snapshots/ch/epfl/scala/bloop-backend_2.12/2.0.13/bloop-backend_2.12-2.0.13.pom.sha1
2025.10.16 21:26:22 INFO  BSP server: Downloaded https://central.sonatype.com/repository/maven-snapshots/ch/epfl/scala/scala-debug-adapter_2.12/4.2.8/scala-debug-adapter_2.12-4.2.8.pom.sha1
2025.10.16 21:26:22 INFO  BSP server: Downloading https://repo.scala-lang.org/artifactory/maven-nightlies/com/github/alexarchambault/case-app_2.12/2.0.6/case-app_2.12-2.0.6.pom
2025.10.16 21:26:22 INFO  BSP server: Downloaded https://repo.scala-lang.org/artifactory/maven-nightlies/ch/epfl/scala/bloop-config_2.12/2.3.2/bloop-config_2.12-2.3.2.pom
2025.10.16 21:26:22 INFO  BSP server: Downloading https://repo.scala-lang.org/artifactory/maven-nightlies/org/scalaz/scalaz-core_2.12/7.3.8/scalaz-core_2.12-7.3.8.pom.sha1
2025.10.16 21:26:22 INFO  BSP server: Downloaded https://repo.scala-lang.org/artifactory/maven-nightlies/org/scala-lang/scala-library/2.12.20/scala-library-2.12.20.pom
2025.10.16 21:26:22 INFO  BSP server: Downloading https://repo.scala-lang.org/artifactory/maven-nightlies/ch/epfl/scala/libdaemon_2.12/0.0.12/libdaemon_2.12-0.0.12.pom
2025.10.16 21:26:22 INFO  BSP server: Downloaded https://central.sonatype.com/repository/maven-snapshots/ch/epfl/scala/bloop-shared_2.12/2.0.13/bloop-shared_2.12-2.0.13.pom.sha1
2025.10.16 21:26:22 INFO  BSP server: Downloading https://central.sonatype.com/repository/maven-snapshots/io/monix/monix_2.12/3.2.0/monix_2.12-3.2.0.pom.sha1
2025.10.16 21:26:22 INFO  BSP server: Downloaded https://repo.scala-lang.org/artifactory/maven-nightlies/org/scalaz/scalaz-core_2.12/7.3.8/scalaz-core_2.12-7.3.8.pom.sha1
2025.10.16 21:26:22 INFO  BSP server: Downloading https://repo.scala-lang.org/artifactory/maven-nightlies/ch/epfl/scala/bloop-config_2.12/2.3.2/bloop-config_2.12-2.3.2.pom.sha1
2025.10.16 21:26:22 INFO  BSP server: Downloaded https://repo.scala-lang.org/artifactory/maven-nightlies/ch/epfl/scala/libdaemon_2.12/0.0.12/libdaemon_2.12-0.0.12.pom
2025.10.16 21:26:22 INFO  BSP server: Downloading https://repo.scala-lang.org/artifactory/maven-nightlies/org/scala-lang/scala-library/2.12.20/scala-library-2.12.20.pom.sha1
2025.10.16 21:26:22 INFO  BSP server: Downloaded https://central.sonatype.com/repository/maven-snapshots/ch/qos/logback/logback-classic/1.5.18/logback-classic-1.5.18.pom.sha1
2025.10.16 21:26:22 INFO  BSP server: Downloading https://repo.scala-lang.org/artifactory/maven-nightlies/ch/epfl/scala/scala-debug-adapter_2.12/4.2.8/scala-debug-adapter_2.12-4.2.8.pom
2025.10.16 21:26:22 INFO  BSP server: Downloaded https://repo.scala-lang.org/artifactory/maven-nightlies/com/github/alexarchambault/case-app_2.12/2.0.6/case-app_2.12-2.0.6.pom
2025.10.16 21:26:22 INFO  BSP server: Downloading https://repo.scala-lang.org/artifactory/maven-nightlies/ch/epfl/scala/bloop-shared_2.12/2.0.13/bloop-shared_2.12-2.0.13.pom
2025.10.16 21:26:23 INFO  BSP server: Downloaded https://repo.scala-lang.org/artifactory/maven-nightlies/org/scala-lang/scala-library/2.12.20/scala-library-2.12.20.pom.sha1
2025.10.16 21:26:23 INFO  BSP server: Downloading https://repo.scala-lang.org/artifactory/maven-nightlies/ch/epfl/scala/libdaemon_2.12/0.0.12/libdaemon_2.12-0.0.12.pom.sha1
2025.10.16 21:26:23 INFO  BSP server: Downloaded https://repo.scala-lang.org/artifactory/maven-nightlies/ch/epfl/scala/bloop-config_2.12/2.3.2/bloop-config_2.12-2.3.2.pom.sha1
2025.10.16 21:26:23 INFO  BSP server: Downloading https://repo.scala-lang.org/artifactory/maven-nightlies/com/github/alexarchambault/case-app_2.12/2.0.6/case-app_2.12-2.0.6.pom.sha1
2025.10.16 21:26:23 INFO  BSP server: Downloaded https://repo.scala-lang.org/artifactory/maven-nightlies/ch/epfl/scala/scala-debug-adapter_2.12/4.2.8/scala-debug-adapter_2.12-4.2.8.pom
2025.10.16 21:26:23 INFO  BSP server: Downloading https://repo.scala-lang.org/artifactory/maven-nightlies/ch/qos/logback/logback-classic/1.5.18/logback-classic-1.5.18.pom
2025.10.16 21:26:23 INFO  BSP server: Downloaded https://central.sonatype.com/repository/maven-snapshots/ch/epfl/scala/bloop-backend_2.12/2.0.13/bloop-backend_2.12-2.0.13.pom.sha1
2025.10.16 21:26:23 INFO  BSP server: Downloading https://repo.scala-lang.org/artifactory/maven-nightlies/ch/epfl/scala/bloop-backend_2.12/2.0.13/bloop-backend_2.12-2.0.13.pom
2025.10.16 21:26:23 INFO  BSP server: Downloaded https://repo.scala-lang.org/artifactory/maven-nightlies/ch/epfl/scala/bloop-shared_2.12/2.0.13/bloop-shared_2.12-2.0.13.pom
2025.10.16 21:26:23 INFO  BSP server: Downloaded https://repo.scala-lang.org/artifactory/maven-nightlies/ch/epfl/scala/libdaemon_2.12/0.0.12/libdaemon_2.12-0.0.12.pom.sha1
2025.10.16 21:26:23 INFO  BSP server: Downloaded https://repo.scala-lang.org/artifactory/maven-nightlies/com/github/alexarchambault/case-app_2.12/2.0.6/case-app_2.12-2.0.6.pom.sha1
2025.10.16 21:26:23 INFO  BSP server: Downloaded https://central.sonatype.com/repository/maven-snapshots/io/monix/monix_2.12/3.2.0/monix_2.12-3.2.0.pom.sha1
2025.10.16 21:26:23 INFO  BSP server: Downloading https://repo.scala-lang.org/artifactory/maven-nightlies/io/monix/monix_2.12/3.2.0/monix_2.12-3.2.0.pom
2025.10.16 21:26:23 INFO  BSP server: Downloaded https://repo.scala-lang.org/artifactory/maven-nightlies/ch/qos/logback/logback-classic/1.5.18/logback-classic-1.5.18.pom
2025.10.16 21:26:23 INFO  BSP server: Downloading https://repo.scala-lang.org/artifactory/maven-nightlies/ch/qos/logback/logback-classic/1.5.18/logback-classic-1.5.18.pom.sha1
2025.10.16 21:26:23 INFO  BSP server: Downloaded https://repo.scala-lang.org/artifactory/maven-nightlies/ch/qos/logback/logback-classic/1.5.18/logback-classic-1.5.18.pom.sha1
2025.10.16 21:26:23 INFO  BSP server: Downloaded https://repo.scala-lang.org/artifactory/maven-nightlies/ch/epfl/scala/bloop-backend_2.12/2.0.13/bloop-backend_2.12-2.0.13.pom
2025.10.16 21:26:23 INFO  BSP server: Downloaded https://repo.scala-lang.org/artifactory/maven-nightlies/io/monix/monix_2.12/3.2.0/monix_2.12-3.2.0.pom
2025.10.16 21:26:23 INFO  BSP server: Downloading https://repo.scala-lang.org/artifactory/maven-nightlies/io/monix/monix_2.12/3.2.0/monix_2.12-3.2.0.pom.sha1
2025.10.16 21:26:23 INFO  BSP server: Downloaded https://repo.scala-lang.org/artifactory/maven-nightlies/io/monix/monix_2.12/3.2.0/monix_2.12-3.2.0.pom.sha1
2025.10.16 21:26:23 INFO  BSP server: Downloading https://oss.sonatype.org/content/repositories/snapshots/ch/qos/logback/logback-parent/1.5.18/logback-parent-1.5.18.pom
2025.10.16 21:26:24 INFO  BSP server: Downloaded https://oss.sonatype.org/content/repositories/snapshots/ch/qos/logback/logback-parent/1.5.18/logback-parent-1.5.18.pom
2025.10.16 21:26:24 INFO  BSP server: Downloading https://oss.sonatype.org/content/repositories/snapshots/ch/qos/logback/logback-parent/1.5.18/logback-parent-1.5.18.pom.sha1
2025.10.16 21:26:24 INFO  BSP server: Downloaded https://oss.sonatype.org/content/repositories/snapshots/ch/qos/logback/logback-parent/1.5.18/logback-parent-1.5.18.pom.sha1
2025.10.16 21:26:24 INFO  BSP server: Downloading https://s01.oss.sonatype.org/content/repositories/snapshots/ch/qos/logback/logback-parent/1.5.18/logback-parent-1.5.18.pom
2025.10.16 21:26:24 INFO  BSP server: Downloaded https://s01.oss.sonatype.org/content/repositories/snapshots/ch/qos/logback/logback-parent/1.5.18/logback-parent-1.5.18.pom
2025.10.16 21:26:24 INFO  BSP server: Downloading https://s01.oss.sonatype.org/content/repositories/snapshots/ch/qos/logback/logback-parent/1.5.18/logback-parent-1.5.18.pom.sha1
2025.10.16 21:26:24 INFO  BSP server: Downloaded https://s01.oss.sonatype.org/content/repositories/snapshots/ch/qos/logback/logback-parent/1.5.18/logback-parent-1.5.18.pom.sha1
2025.10.16 21:26:24 INFO  BSP server: Downloading https://central.sonatype.com/repository/maven-snapshots/ch/qos/logback/logback-parent/1.5.18/logback-parent-1.5.18.pom
2025.10.16 21:26:25 INFO  BSP server: Downloaded https://central.sonatype.com/repository/maven-snapshots/ch/qos/logback/logback-parent/1.5.18/logback-parent-1.5.18.pom
2025.10.16 21:26:25 INFO  BSP server: Downloading https://central.sonatype.com/repository/maven-snapshots/ch/qos/logback/logback-parent/1.5.18/logback-parent-1.5.18.pom.sha1
2025.10.16 21:26:25 INFO  BSP server: Downloaded https://central.sonatype.com/repository/maven-snapshots/ch/qos/logback/logback-parent/1.5.18/logback-parent-1.5.18.pom.sha1
2025.10.16 21:26:25 INFO  BSP server: Downloading https://repo.scala-lang.org/artifactory/maven-nightlies/ch/qos/logback/logback-parent/1.5.18/logback-parent-1.5.18.pom
2025.10.16 21:26:26 INFO  BSP server: Downloaded https://repo.scala-lang.org/artifactory/maven-nightlies/ch/qos/logback/logback-parent/1.5.18/logback-parent-1.5.18.pom
2025.10.16 21:26:26 INFO  BSP server: Downloading https://repo.scala-lang.org/artifactory/maven-nightlies/ch/qos/logback/logback-parent/1.5.18/logback-parent-1.5.18.pom.sha1
2025.10.16 21:26:26 INFO  BSP server: Downloaded https://repo.scala-lang.org/artifactory/maven-nightlies/ch/qos/logback/logback-parent/1.5.18/logback-parent-1.5.18.pom.sha1
2025.10.16 21:26:26 INFO  BSP server: Downloading https://oss.sonatype.org/content/repositories/snapshots/ch/epfl/scala/bsp4s_2.12/2.1.1/bsp4s_2.12-2.1.1.pom
2025.10.16 21:26:26 INFO  BSP server: Downloading https://oss.sonatype.org/content/repositories/snapshots/org/scala-sbt/zinc_2.12/1.10.8/zinc_2.12-1.10.8.pom
2025.10.16 21:26:26 INFO  BSP server: Downloading https://oss.sonatype.org/content/repositories/snapshots/org/apache/logging/log4j/log4j-core/2.23.0/log4j-core-2.23.0.pom
2025.10.16 21:26:26 INFO  BSP server: Downloading https://oss.sonatype.org/content/repositories/snapshots/org/scalameta/parsers_2.12/4.13.8/parsers_2.12-4.13.8.pom
2025.10.16 21:26:26 INFO  BSP server: Downloading https://oss.sonatype.org/content/repositories/snapshots/io/monix/monix-catnap_2.12/3.2.0/monix-catnap_2.12-3.2.0.pom
2025.10.16 21:26:26 INFO  BSP server: Downloading https://oss.sonatype.org/content/repositories/snapshots/org/scala-lang/modules/scala-collection-compat_2.12/2.13.0/scala-collection-compat_2.12-2.13.0.pom
2025.10.16 21:26:26 INFO  BSP server: Downloaded https://oss.sonatype.org/content/repositories/snapshots/ch/epfl/scala/bsp4s_2.12/2.1.1/bsp4s_2.12-2.1.1.pom
2025.10.16 21:26:26 INFO  BSP server: Downloading https://oss.sonatype.org/content/repositories/snapshots/io/github/alexarchambault/bleep/jsonrpc4s_2.12/0.1.1/jsonrpc4s_2.12-0.1.1.pom
2025.10.16 21:26:26 INFO  BSP server: Downloaded https://oss.sonatype.org/content/repositories/snapshots/io/github/alexarchambault/bleep/jsonrpc4s_2.12/0.1.1/jsonrpc4s_2.12-0.1.1.pom
2025.10.16 21:26:26 INFO  BSP server: Downloading https://oss.sonatype.org/content/repositories/snapshots/org/scala-sbt/librarymanagement-ivy_2.12/1.11.2/librarymanagement-ivy_2.12-1.11.2.pom
2025.10.16 21:26:26 INFO  BSP server: Downloaded https://oss.sonatype.org/content/repositories/snapshots/org/scalameta/parsers_2.12/4.13.8/parsers_2.12-4.13.8.pom
2025.10.16 21:26:26 INFO  BSP server: Downloading https://oss.sonatype.org/content/repositories/snapshots/io/zipkin/brave/brave/5.18.1/brave-5.18.1.pom
2025.10.16 21:26:26 INFO  BSP server: Downloaded https://oss.sonatype.org/content/repositories/snapshots/org/scala-sbt/librarymanagement-ivy_2.12/1.11.2/librarymanagement-ivy_2.12-1.11.2.pom
2025.10.16 21:26:26 INFO  BSP server: Downloaded https://oss.sonatype.org/content/repositories/snapshots/org/scala-sbt/zinc_2.12/1.10.8/zinc_2.12-1.10.8.pom
2025.10.16 21:26:26 INFO  BSP server: Downloaded https://oss.sonatype.org/content/repositories/snapshots/org/apache/logging/log4j/log4j-core/2.23.0/log4j-core-2.23.0.pom
2025.10.16 21:26:26 INFO  BSP server: Downloading https://oss.sonatype.org/content/repositories/snapshots/org/scala-lang/scala-reflect/2.12.20/scala-reflect-2.12.20.pom
2025.10.16 21:26:26 INFO  BSP server: Downloaded https://oss.sonatype.org/content/repositories/snapshots/io/monix/monix-catnap_2.12/3.2.0/monix-catnap_2.12-3.2.0.pom
2025.10.16 21:26:26 INFO  BSP server: Downloading https://oss.sonatype.org/content/repositories/snapshots/com/github/alexarchambault/case-app-annotations_2.12/2.0.6/case-app-annotations_2.12-2.0.6.pom
2025.10.16 21:26:26 INFO  BSP server: Downloaded https://oss.sonatype.org/content/repositories/snapshots/org/scala-lang/modules/scala-collection-compat_2.12/2.13.0/scala-collection-compat_2.12-2.13.0.pom
2025.10.16 21:26:26 INFO  BSP server: Downloading https://oss.sonatype.org/content/repositories/snapshots/ch/qos/logback/logback-core/1.5.18/logback-core-1.5.18.pom
2025.10.16 21:26:26 INFO  BSP server: Downloading https://oss.sonatype.org/content/repositories/snapshots/ch/epfl/scala/directory-watcher/0.8.0+6-f651bd93/directory-watcher-0.8.0+6-f651bd93.pom
2025.10.16 21:26:26 INFO  BSP server: Downloading https://oss.sonatype.org/content/repositories/snapshots/net/jpountz/lz4/lz4/1.3.0/lz4-1.3.0.pom
2025.10.16 21:26:26 INFO  BSP server: Downloaded https://oss.sonatype.org/content/repositories/snapshots/io/zipkin/brave/brave/5.18.1/brave-5.18.1.pom
2025.10.16 21:26:26 INFO  BSP server: Downloading https://oss.sonatype.org/content/repositories/snapshots/io/monix/monix-execution_2.12/3.2.0/monix-execution_2.12-3.2.0.pom
2025.10.16 21:26:26 INFO  BSP server: Downloaded https://oss.sonatype.org/content/repositories/snapshots/org/scala-lang/scala-reflect/2.12.20/scala-reflect-2.12.20.pom
2025.10.16 21:26:26 INFO  BSP server: Downloading https://oss.sonatype.org/content/repositories/snapshots/io/monix/monix-tail_2.12/3.2.0/monix-tail_2.12-3.2.0.pom
2025.10.16 21:26:26 INFO  BSP server: Downloaded https://oss.sonatype.org/content/repositories/snapshots/ch/qos/logback/logback-core/1.5.18/logback-core-1.5.18.pom
2025.10.16 21:26:26 INFO  BSP server: Downloaded https://oss.sonatype.org/content/repositories/snapshots/com/github/alexarchambault/case-app-annotations_2.12/2.0.6/case-app-annotations_2.12-2.0.6.pom
2025.10.16 21:26:26 INFO  BSP server: Downloading https://oss.sonatype.org/content/repositories/snapshots/io/monix/monix-java_2.12/3.2.0/monix-java_2.12-3.2.0.pom
2025.10.16 21:26:26 INFO  BSP server: Downloading https://oss.sonatype.org/content/repositories/snapshots/com/lihaoyi/sourcecode_2.12/0.4.2/sourcecode_2.12-0.4.2.pom
2025.10.16 21:26:26 INFO  BSP server: Downloaded https://oss.sonatype.org/content/repositories/snapshots/ch/epfl/scala/directory-watcher/0.8.0+6-f651bd93/directory-watcher-0.8.0+6-f651bd93.pom
2025.10.16 21:26:26 INFO  BSP server: Downloading https://oss.sonatype.org/content/repositories/snapshots/io/github/alexarchambault/bleep/nailgun-server/1.0.7/nailgun-server-1.0.7.pom
2025.10.16 21:26:27 INFO  BSP server: Downloaded https://oss.sonatype.org/content/repositories/snapshots/io/monix/monix-execution_2.12/3.2.0/monix-execution_2.12-3.2.0.pom
2025.10.16 21:26:27 INFO  BSP server: Downloading https://oss.sonatype.org/content/repositories/snapshots/ch/epfl/scala/bsp4s_2.12/2.1.1/bsp4s_2.12-2.1.1.pom.sha1
2025.10.16 21:26:27 INFO  BSP server: Downloaded https://oss.sonatype.org/content/repositories/snapshots/io/monix/monix-tail_2.12/3.2.0/monix-tail_2.12-3.2.0.pom
2025.10.16 21:26:27 INFO  BSP server: Downloading https://oss.sonatype.org/content/repositories/snapshots/io/github/alexarchambault/bleep/jsonrpc4s_2.12/0.1.1/jsonrpc4s_2.12-0.1.1.pom.sha1
2025.10.16 21:26:27 INFO  BSP server: Downloaded https://oss.sonatype.org/content/repositories/snapshots/io/monix/monix-java_2.12/3.2.0/monix-java_2.12-3.2.0.pom
2025.10.16 21:26:27 INFO  BSP server: Downloading https://oss.sonatype.org/content/repositories/snapshots/com/lihaoyi/unroll-annotation_2.12/0.1.12/unroll-annotation_2.12-0.1.12.pom
2025.10.16 21:26:27 INFO  BSP server: Downloaded https://oss.sonatype.org/content/repositories/snapshots/com/lihaoyi/sourcecode_2.12/0.4.2/sourcecode_2.12-0.4.2.pom
2025.10.16 21:26:27 INFO  BSP server: Downloading https://oss.sonatype.org/content/repositories/snapshots/com/github/plokhotnyuk/jsoniter-scala/jsoniter-scala-core_2.12/2.13.5.2/jsoniter-scala-core_2.12-2.13.5.2.pom
2025.10.16 21:26:27 INFO  BSP server: Downloaded https://oss.sonatype.org/content/repositories/snapshots/io/github/alexarchambault/bleep/nailgun-server/1.0.7/nailgun-server-1.0.7.pom
2025.10.16 21:26:27 INFO  BSP server: Downloading https://oss.sonatype.org/content/repositories/snapshots/org/scalameta/parsers_2.12/4.13.8/parsers_2.12-4.13.8.pom.sha1
2025.10.16 21:26:27 INFO  BSP server: Downloaded https://oss.sonatype.org/content/repositories/snapshots/ch/epfl/scala/bsp4s_2.12/2.1.1/bsp4s_2.12-2.1.1.pom.sha1
2025.10.16 21:26:27 INFO  BSP server: Downloading https://oss.sonatype.org/content/repositories/snapshots/com/github/plokhotnyuk/jsoniter-scala/jsoniter-scala-macros_2.12/2.13.3.2/jsoniter-scala-macros_2.12-2.13.3.2.pom
2025.10.16 21:26:27 INFO  BSP server: Downloaded https://oss.sonatype.org/content/repositories/snapshots/io/github/alexarchambault/bleep/jsonrpc4s_2.12/0.1.1/jsonrpc4s_2.12-0.1.1.pom.sha1
2025.10.16 21:26:27 INFO  BSP server: Downloading https://oss.sonatype.org/content/repositories/snapshots/org/scala-sbt/librarymanagement-ivy_2.12/1.11.2/librarymanagement-ivy_2.12-1.11.2.pom.sha1
2025.10.16 21:26:27 INFO  BSP server: Downloaded https://oss.sonatype.org/content/repositories/snapshots/com/lihaoyi/unroll-annotation_2.12/0.1.12/unroll-annotation_2.12-0.1.12.pom
2025.10.16 21:26:27 INFO  BSP server: Downloading https://oss.sonatype.org/content/repositories/snapshots/org/scala-sbt/zinc_2.12/1.10.8/zinc_2.12-1.10.8.pom.sha1
2025.10.16 21:26:27 INFO  BSP server: Downloaded https://oss.sonatype.org/content/repositories/snapshots/com/github/plokhotnyuk/jsoniter-scala/jsoniter-scala-core_2.12/2.13.5.2/jsoniter-scala-core_2.12-2.13.5.2.pom
2025.10.16 21:26:27 INFO  BSP server: Downloading https://oss.sonatype.org/content/repositories/snapshots/org/zeroturnaround/zt-zip/1.17/zt-zip-1.17.pom
2025.10.16 21:26:27 INFO  BSP server: Downloaded https://oss.sonatype.org/content/repositories/snapshots/org/scalameta/parsers_2.12/4.13.8/parsers_2.12-4.13.8.pom.sha1
2025.10.16 21:26:27 INFO  BSP server: Downloading https://oss.sonatype.org/content/repositories/snapshots/io/monix/monix-eval_2.12/3.2.0/monix-eval_2.12-3.2.0.pom
2025.10.16 21:26:27 INFO  BSP server: Downloaded https://oss.sonatype.org/content/repositories/snapshots/com/github/plokhotnyuk/jsoniter-scala/jsoniter-scala-macros_2.12/2.13.3.2/jsoniter-scala-macros_2.12-2.13.3.2.pom
2025.10.16 21:26:27 INFO  BSP server: Downloading https://oss.sonatype.org/content/repositories/snapshots/io/zipkin/reporter2/zipkin-sender-urlconnection/2.17.2/zipkin-sender-urlconnection-2.17.2.pom
2025.10.16 21:26:27 INFO  BSP server: Downloaded https://oss.sonatype.org/content/repositories/snapshots/org/scala-sbt/librarymanagement-ivy_2.12/1.11.2/librarymanagement-ivy_2.12-1.11.2.pom.sha1
2025.10.16 21:26:27 INFO  BSP server: Downloading https://oss.sonatype.org/content/repositories/snapshots/com/github/alexarchambault/case-app-util_2.12/2.0.6/case-app-util_2.12-2.0.6.pom
2025.10.16 21:26:27 INFO  BSP server: Downloaded https://oss.sonatype.org/content/repositories/snapshots/org/scala-sbt/zinc_2.12/1.10.8/zinc_2.12-1.10.8.pom.sha1
2025.10.16 21:26:27 INFO  BSP server: Downloading https://oss.sonatype.org/content/repositories/snapshots/io/monix/monix-reactive_2.12/3.2.0/monix-reactive_2.12-3.2.0.pom
2025.10.16 21:26:27 INFO  BSP server: Downloaded https://oss.sonatype.org/content/repositories/snapshots/org/zeroturnaround/zt-zip/1.17/zt-zip-1.17.pom
2025.10.16 21:26:27 INFO  BSP server: Downloading https://oss.sonatype.org/content/repositories/snapshots/org/apache/logging/log4j/log4j-core/2.23.0/log4j-core-2.23.0.pom.sha1
2025.10.16 21:26:27 INFO  BSP server: Downloaded https://oss.sonatype.org/content/repositories/snapshots/io/monix/monix-eval_2.12/3.2.0/monix-eval_2.12-3.2.0.pom
2025.10.16 21:26:27 INFO  BSP server: Downloading https://oss.sonatype.org/content/repositories/snapshots/io/monix/monix-catnap_2.12/3.2.0/monix-catnap_2.12-3.2.0.pom.sha1
2025.10.16 21:26:27 INFO  BSP server: Downloaded https://oss.sonatype.org/content/repositories/snapshots/io/zipkin/reporter2/zipkin-sender-urlconnection/2.17.2/zipkin-sender-urlconnection-2.17.2.pom
2025.10.16 21:26:27 INFO  BSP server: Downloading https://oss.sonatype.org/content/repositories/snapshots/com/lihaoyi/pprint_2.12/0.9.0/pprint_2.12-0.9.0.pom
2025.10.16 21:26:27 INFO  BSP server: Downloaded https://oss.sonatype.org/content/repositories/snapshots/com/github/alexarchambault/case-app-util_2.12/2.0.6/case-app-util_2.12-2.0.6.pom
2025.10.16 21:26:27 INFO  BSP server: Downloading https://oss.sonatype.org/content/repositories/snapshots/io/get-coursier/util/directories-jni/0.1.2/directories-jni-0.1.2.pom
2025.10.16 21:26:27 INFO  BSP server: Downloaded https://oss.sonatype.org/content/repositories/snapshots/io/monix/monix-reactive_2.12/3.2.0/monix-reactive_2.12-3.2.0.pom
2025.10.16 21:26:27 INFO  BSP server: Downloading https://oss.sonatype.org/content/repositories/snapshots/org/scala-lang/modules/scala-collection-compat_2.12/2.13.0/scala-collection-compat_2.12-2.13.0.pom.sha1
2025.10.16 21:26:27 INFO  BSP server: Downloaded https://oss.sonatype.org/content/repositories/snapshots/io/monix/monix-catnap_2.12/3.2.0/monix-catnap_2.12-3.2.0.pom.sha1
2025.10.16 21:26:27 INFO  BSP server: Downloading https://oss.sonatype.org/content/repositories/snapshots/io/zipkin/brave/brave/5.18.1/brave-5.18.1.pom.sha1
2025.10.16 21:26:27 INFO  BSP server: Downloaded https://oss.sonatype.org/content/repositories/snapshots/org/apache/logging/log4j/log4j-core/2.23.0/log4j-core-2.23.0.pom.sha1
2025.10.16 21:26:27 INFO  BSP server: Downloading https://oss.sonatype.org/content/repositories/snapshots/org/scala-lang/scala-reflect/2.12.20/scala-reflect-2.12.20.pom.sha1
2025.10.16 21:26:27 INFO  BSP server: Downloaded https://oss.sonatype.org/content/repositories/snapshots/com/lihaoyi/pprint_2.12/0.9.0/pprint_2.12-0.9.0.pom
2025.10.16 21:26:27 INFO  BSP server: Downloading https://oss.sonatype.org/content/repositories/snapshots/ch/qos/logback/logback-core/1.5.18/logback-core-1.5.18.pom.sha1
2025.10.16 21:26:27 INFO  BSP server: Downloaded https://oss.sonatype.org/content/repositories/snapshots/io/get-coursier/util/directories-jni/0.1.2/directories-jni-0.1.2.pom
2025.10.16 21:26:27 INFO  BSP server: Downloading https://oss.sonatype.org/content/repositories/snapshots/com/github/alexarchambault/case-app-annotations_2.12/2.0.6/case-app-annotations_2.12-2.0.6.pom.sha1
2025.10.16 21:26:27 INFO  BSP server: Downloaded https://oss.sonatype.org/content/repositories/snapshots/org/scala-lang/modules/scala-collection-compat_2.12/2.13.0/scala-collection-compat_2.12-2.13.0.pom.sha1
2025.10.16 21:26:27 INFO  BSP server: Downloading https://oss.sonatype.org/content/repositories/snapshots/ch/epfl/scala/directory-watcher/0.8.0+6-f651bd93/directory-watcher-0.8.0+6-f651bd93.pom.sha1
2025.10.16 21:26:27 INFO  BSP server: Downloaded https://oss.sonatype.org/content/repositories/snapshots/org/scala-lang/scala-reflect/2.12.20/scala-reflect-2.12.20.pom.sha1
2025.10.16 21:26:27 INFO  BSP server: Downloading https://oss.sonatype.org/content/repositories/snapshots/io/monix/monix-execution_2.12/3.2.0/monix-execution_2.12-3.2.0.pom.sha1
2025.10.16 21:26:27 INFO  BSP server: Downloaded https://oss.sonatype.org/content/repositories/snapshots/io/zipkin/brave/brave/5.18.1/brave-5.18.1.pom.sha1
2025.10.16 21:26:27 INFO  BSP server: Downloading https://oss.sonatype.org/content/repositories/snapshots/io/monix/monix-tail_2.12/3.2.0/monix-tail_2.12-3.2.0.pom.sha1
2025.10.16 21:26:27 INFO  BSP server: Downloaded https://oss.sonatype.org/content/repositories/snapshots/ch/qos/logback/logback-core/1.5.18/logback-core-1.5.18.pom.sha1
2025.10.16 21:26:27 INFO  BSP server: Downloading https://oss.sonatype.org/content/repositories/snapshots/io/monix/monix-java_2.12/3.2.0/monix-java_2.12-3.2.0.pom.sha1
2025.10.16 21:26:27 INFO  BSP server: Downloaded https://oss.sonatype.org/content/repositories/snapshots/com/github/alexarchambault/case-app-annotations_2.12/2.0.6/case-app-annotations_2.12-2.0.6.pom.sha1
2025.10.16 21:26:27 INFO  BSP server: Downloading https://oss.sonatype.org/content/repositories/snapshots/com/lihaoyi/sourcecode_2.12/0.4.2/sourcecode_2.12-0.4.2.pom.sha1
2025.10.16 21:26:27 INFO  BSP server: Downloaded https://oss.sonatype.org/content/repositories/snapshots/ch/epfl/scala/directory-watcher/0.8.0+6-f651bd93/directory-watcher-0.8.0+6-f651bd93.pom.sha1
2025.10.16 21:26:27 INFO  BSP server: Downloading https://oss.sonatype.org/content/repositories/snapshots/io/github/alexarchambault/bleep/nailgun-server/1.0.7/nailgun-server-1.0.7.pom.sha1
2025.10.16 21:26:27 INFO  BSP server: Downloaded https://oss.sonatype.org/content/repositories/snapshots/io/monix/monix-execution_2.12/3.2.0/monix-execution_2.12-3.2.0.pom.sha1
2025.10.16 21:26:27 INFO  BSP server: Downloading https://oss.sonatype.org/content/repositories/snapshots/com/lihaoyi/unroll-annotation_2.12/0.1.12/unroll-annotation_2.12-0.1.12.pom.sha1
2025.10.16 21:26:27 INFO  BSP server: Downloaded https://oss.sonatype.org/content/repositories/snapshots/io/monix/monix-tail_2.12/3.2.0/monix-tail_2.12-3.2.0.pom.sha1
2025.10.16 21:26:27 INFO  BSP server: Downloading https://oss.sonatype.org/content/repositories/snapshots/com/github/plokhotnyuk/jsoniter-scala/jsoniter-scala-core_2.12/2.13.5.2/jsoniter-scala-core_2.12-2.13.5.2.pom.sha1
2025.10.16 21:26:27 INFO  BSP server: Downloaded https://oss.sonatype.org/content/repositories/snapshots/io/monix/monix-java_2.12/3.2.0/monix-java_2.12-3.2.0.pom.sha1
2025.10.16 21:26:27 INFO  BSP server: Downloading https://oss.sonatype.org/content/repositories/snapshots/com/github/plokhotnyuk/jsoniter-scala/jsoniter-scala-macros_2.12/2.13.3.2/jsoniter-scala-macros_2.12-2.13.3.2.pom.sha1
2025.10.16 21:26:27 INFO  BSP server: Downloaded https://oss.sonatype.org/content/repositories/snapshots/com/lihaoyi/sourcecode_2.12/0.4.2/sourcecode_2.12-0.4.2.pom.sha1
2025.10.16 21:26:27 INFO  BSP server: Downloading https://oss.sonatype.org/content/repositories/snapshots/org/zeroturnaround/zt-zip/1.17/zt-zip-1.17.pom.sha1
2025.10.16 21:26:27 INFO  BSP server: Downloaded https://oss.sonatype.org/content/repositories/snapshots/io/github/alexarchambault/bleep/nailgun-server/1.0.7/nailgun-server-1.0.7.pom.sha1
2025.10.16 21:26:27 INFO  BSP server: Downloading https://oss.sonatype.org/content/repositories/snapshots/io/monix/monix-eval_2.12/3.2.0/monix-eval_2.12-3.2.0.pom.sha1
2025.10.16 21:26:27 INFO  BSP server: Downloaded https://oss.sonatype.org/content/repositories/snapshots/com/lihaoyi/unroll-annotation_2.12/0.1.12/unroll-annotation_2.12-0.1.12.pom.sha1
2025.10.16 21:26:27 INFO  BSP server: Downloading https://oss.sonatype.org/content/repositories/snapshots/io/zipkin/reporter2/zipkin-sender-urlconnection/2.17.2/zipkin-sender-urlconnection-2.17.2.pom.sha1
2025.10.16 21:26:27 INFO  BSP server: Downloaded https://oss.sonatype.org/content/repositories/snapshots/com/github/plokhotnyuk/jsoniter-scala/jsoniter-scala-core_2.12/2.13.5.2/jsoniter-scala-core_2.12-2.13.5.2.pom.sha1
2025.10.16 21:26:27 INFO  BSP server: Downloading https://oss.sonatype.org/content/repositories/snapshots/com/github/alexarchambault/case-app-util_2.12/2.0.6/case-app-util_2.12-2.0.6.pom.sha1
2025.10.16 21:26:27 INFO  BSP server: Downloaded https://oss.sonatype.org/content/repositories/snapshots/org/zeroturnaround/zt-zip/1.17/zt-zip-1.17.pom.sha1
2025.10.16 21:26:27 INFO  BSP server: Downloading https://oss.sonatype.org/content/repositories/snapshots/io/monix/monix-reactive_2.12/3.2.0/monix-reactive_2.12-3.2.0.pom.sha1
2025.10.16 21:26:27 INFO  BSP server: Downloaded https://oss.sonatype.org/content/repositories/snapshots/com/github/plokhotnyuk/jsoniter-scala/jsoniter-scala-macros_2.12/2.13.3.2/jsoniter-scala-macros_2.12-2.13.3.2.pom.sha1
2025.10.16 21:26:27 INFO  BSP server: Downloading https://oss.sonatype.org/content/repositories/snapshots/com/lihaoyi/pprint_2.12/0.9.0/pprint_2.12-0.9.0.pom.sha1
2025.10.16 21:26:27 INFO  BSP server: Downloaded https://oss.sonatype.org/content/repositories/snapshots/io/monix/monix-eval_2.12/3.2.0/monix-eval_2.12-3.2.0.pom.sha1
2025.10.16 21:26:27 INFO  BSP server: Downloading https://oss.sonatype.org/content/repositories/snapshots/io/get-coursier/util/directories-jni/0.1.2/directories-jni-0.1.2.pom.sha1
2025.10.16 21:26:27 INFO  BSP server: Downloaded https://oss.sonatype.org/content/repositories/snapshots/io/zipkin/reporter2/zipkin-sender-urlconnection/2.17.2/zipkin-sender-urlconnection-2.17.2.pom.sha1
2025.10.16 21:26:27 INFO  BSP server: Downloading https://s01.oss.sonatype.org/content/repositories/snapshots/ch/epfl/scala/bsp4s_2.12/2.1.1/bsp4s_2.12-2.1.1.pom
2025.10.16 21:26:27 INFO  BSP server: Downloaded https://oss.sonatype.org/content/repositories/snapshots/com/github/alexarchambault/case-app-util_2.12/2.0.6/case-app-util_2.12-2.0.6.pom.sha1
2025.10.16 21:26:27 INFO  BSP server: Downloading https://s01.oss.sonatype.org/content/repositories/snapshots/io/github/alexarchambault/bleep/jsonrpc4s_2.12/0.1.1/jsonrpc4s_2.12-0.1.1.pom
2025.10.16 21:26:27 INFO  BSP server: Downloaded https://oss.sonatype.org/content/repositories/snapshots/io/monix/monix-reactive_2.12/3.2.0/monix-reactive_2.12-3.2.0.pom.sha1
2025.10.16 21:26:27 INFO  BSP server: Downloading https://s01.oss.sonatype.org/content/repositories/snapshots/org/scalameta/parsers_2.12/4.13.8/parsers_2.12-4.13.8.pom
2025.10.16 21:26:27 INFO  BSP server: Downloaded https://oss.sonatype.org/content/repositories/snapshots/com/lihaoyi/pprint_2.12/0.9.0/pprint_2.12-0.9.0.pom.sha1
2025.10.16 21:26:27 INFO  BSP server: Downloading https://s01.oss.sonatype.org/content/repositories/snapshots/org/scala-sbt/librarymanagement-ivy_2.12/1.11.2/librarymanagement-ivy_2.12-1.11.2.pom
2025.10.16 21:26:27 INFO  BSP server: Downloaded https://oss.sonatype.org/content/repositories/snapshots/io/get-coursier/util/directories-jni/0.1.2/directories-jni-0.1.2.pom.sha1
2025.10.16 21:26:27 INFO  BSP server: Downloading https://s01.oss.sonatype.org/content/repositories/snapshots/org/scala-sbt/zinc_2.12/1.10.8/zinc_2.12-1.10.8.pom
2025.10.16 21:26:27 INFO  BSP server: Downloaded https://s01.oss.sonatype.org/content/repositories/snapshots/ch/epfl/scala/bsp4s_2.12/2.1.1/bsp4s_2.12-2.1.1.pom
2025.10.16 21:26:27 INFO  BSP server: Downloading https://s01.oss.sonatype.org/content/repositories/snapshots/io/monix/monix-catnap_2.12/3.2.0/monix-catnap_2.12-3.2.0.pom
2025.10.16 21:26:28 INFO  BSP server: Downloaded https://s01.oss.sonatype.org/content/repositories/snapshots/org/scala-sbt/librarymanagement-ivy_2.12/1.11.2/librarymanagement-ivy_2.12-1.11.2.pom
2025.10.16 21:26:28 INFO  BSP server: Downloading https://s01.oss.sonatype.org/content/repositories/snapshots/org/apache/logging/log4j/log4j-core/2.23.0/log4j-core-2.23.0.pom
2025.10.16 21:26:28 INFO  BSP server: Downloaded https://s01.oss.sonatype.org/content/repositories/snapshots/org/scala-sbt/zinc_2.12/1.10.8/zinc_2.12-1.10.8.pom
2025.10.16 21:26:28 INFO  BSP server: Downloading https://s01.oss.sonatype.org/content/repositories/snapshots/org/scala-lang/modules/scala-collection-compat_2.12/2.13.0/scala-collection-compat_2.12-2.13.0.pom
2025.10.16 21:26:28 INFO  BSP server: Downloaded https://oss.sonatype.org/content/repositories/snapshots/net/jpountz/lz4/lz4/1.3.0/lz4-1.3.0.pom
2025.10.16 21:26:28 INFO  BSP server: Downloading https://s01.oss.sonatype.org/content/repositories/snapshots/org/scala-lang/scala-reflect/2.12.20/scala-reflect-2.12.20.pom
2025.10.16 21:26:28 INFO  BSP server: Downloaded https://s01.oss.sonatype.org/content/repositories/snapshots/org/scalameta/parsers_2.12/4.13.8/parsers_2.12-4.13.8.pom
2025.10.16 21:26:28 INFO  BSP server: Downloading https://s01.oss.sonatype.org/content/repositories/snapshots/io/zipkin/brave/brave/5.18.1/brave-5.18.1.pom
2025.10.16 21:26:28 INFO  BSP server: Downloaded https://s01.oss.sonatype.org/content/repositories/snapshots/io/github/alexarchambault/bleep/jsonrpc4s_2.12/0.1.1/jsonrpc4s_2.12-0.1.1.pom
2025.10.16 21:26:28 INFO  BSP server: Downloading https://s01.oss.sonatype.org/content/repositories/snapshots/ch/qos/logback/logback-core/1.5.18/logback-core-1.5.18.pom
2025.10.16 21:26:28 INFO  BSP server: Downloaded https://s01.oss.sonatype.org/content/repositories/snapshots/org/scala-lang/modules/scala-collection-compat_2.12/2.13.0/scala-collection-compat_2.12-2.13.0.pom
2025.10.16 21:26:28 INFO  BSP server: Downloading https://s01.oss.sonatype.org/content/repositories/snapshots/com/github/alexarchambault/case-app-annotations_2.12/2.0.6/case-app-annotations_2.12-2.0.6.pom
2025.10.16 21:26:28 INFO  BSP server: Downloaded https://s01.oss.sonatype.org/content/repositories/snapshots/io/monix/monix-catnap_2.12/3.2.0/monix-catnap_2.12-3.2.0.pom
2025.10.16 21:26:28 INFO  BSP server: Downloading https://s01.oss.sonatype.org/content/repositories/snapshots/ch/epfl/scala/directory-watcher/0.8.0+6-f651bd93/directory-watcher-0.8.0+6-f651bd93.pom
2025.10.16 21:26:28 INFO  BSP server: Downloaded https://s01.oss.sonatype.org/content/repositories/snapshots/org/scala-lang/scala-reflect/2.12.20/scala-reflect-2.12.20.pom
2025.10.16 21:26:28 INFO  BSP server: Downloading https://s01.oss.sonatype.org/content/repositories/snapshots/io/monix/monix-execution_2.12/3.2.0/monix-execution_2.12-3.2.0.pom
2025.10.16 21:26:28 INFO  BSP server: Downloaded https://s01.oss.sonatype.org/content/repositories/snapshots/ch/qos/logback/logback-core/1.5.18/logback-core-1.5.18.pom
2025.10.16 21:26:28 INFO  BSP server: Downloading https://s01.oss.sonatype.org/content/repositories/snapshots/io/monix/monix-tail_2.12/3.2.0/monix-tail_2.12-3.2.0.pom
2025.10.16 21:26:28 INFO  BSP server: Downloaded https://s01.oss.sonatype.org/content/repositories/snapshots/com/github/alexarchambault/case-app-annotations_2.12/2.0.6/case-app-annotations_2.12-2.0.6.pom
2025.10.16 21:26:28 INFO  BSP server: Downloading https://s01.oss.sonatype.org/content/repositories/snapshots/io/monix/monix-java_2.12/3.2.0/monix-java_2.12-3.2.0.pom
2025.10.16 21:26:28 INFO  BSP server: Downloaded https://s01.oss.sonatype.org/content/repositories/snapshots/io/monix/monix-execution_2.12/3.2.0/monix-execution_2.12-3.2.0.pom
2025.10.16 21:26:28 INFO  BSP server: Downloading https://s01.oss.sonatype.org/content/repositories/snapshots/com/lihaoyi/sourcecode_2.12/0.4.2/sourcecode_2.12-0.4.2.pom
2025.10.16 21:26:28 INFO  BSP server: Downloaded https://s01.oss.sonatype.org/content/repositories/snapshots/org/apache/logging/log4j/log4j-core/2.23.0/log4j-core-2.23.0.pom
2025.10.16 21:26:28 INFO  BSP server: Downloading https://s01.oss.sonatype.org/content/repositories/snapshots/ch/epfl/scala/bsp4s_2.12/2.1.1/bsp4s_2.12-2.1.1.pom.sha1
2025.10.16 21:26:28 INFO  BSP server: Downloaded https://s01.oss.sonatype.org/content/repositories/snapshots/io/monix/monix-java_2.12/3.2.0/monix-java_2.12-3.2.0.pom
2025.10.16 21:26:28 INFO  BSP server: Downloading https://s01.oss.sonatype.org/content/repositories/snapshots/io/github/alexarchambault/bleep/nailgun-server/1.0.7/nailgun-server-1.0.7.pom
2025.10.16 21:26:28 INFO  BSP server: Downloaded https://s01.oss.sonatype.org/content/repositories/snapshots/ch/epfl/scala/bsp4s_2.12/2.1.1/bsp4s_2.12-2.1.1.pom.sha1
2025.10.16 21:26:28 INFO  BSP server: Downloading https://s01.oss.sonatype.org/content/repositories/snapshots/com/lihaoyi/unroll-annotation_2.12/0.1.12/unroll-annotation_2.12-0.1.12.pom
2025.10.16 21:26:28 INFO  BSP server: Downloaded https://s01.oss.sonatype.org/content/repositories/snapshots/com/lihaoyi/sourcecode_2.12/0.4.2/sourcecode_2.12-0.4.2.pom
2025.10.16 21:26:28 INFO  BSP server: Downloading https://s01.oss.sonatype.org/content/repositories/snapshots/com/github/plokhotnyuk/jsoniter-scala/jsoniter-scala-core_2.12/2.13.5.2/jsoniter-scala-core_2.12-2.13.5.2.pom
2025.10.16 21:26:28 INFO  BSP server: Downloaded https://s01.oss.sonatype.org/content/repositories/snapshots/ch/epfl/scala/directory-watcher/0.8.0+6-f651bd93/directory-watcher-0.8.0+6-f651bd93.pom
2025.10.16 21:26:28 INFO  BSP server: Downloading https://s01.oss.sonatype.org/content/repositories/snapshots/org/zeroturnaround/zt-zip/1.17/zt-zip-1.17.pom
2025.10.16 21:26:28 INFO  BSP server: Downloaded https://s01.oss.sonatype.org/content/repositories/snapshots/io/github/alexarchambault/bleep/nailgun-server/1.0.7/nailgun-server-1.0.7.pom
2025.10.16 21:26:28 INFO  BSP server: Downloading https://s01.oss.sonatype.org/content/repositories/snapshots/com/github/plokhotnyuk/jsoniter-scala/jsoniter-scala-macros_2.12/2.13.3.2/jsoniter-scala-macros_2.12-2.13.3.2.pom
2025.10.16 21:26:28 INFO  BSP server: Downloaded https://s01.oss.sonatype.org/content/repositories/snapshots/com/github/plokhotnyuk/jsoniter-scala/jsoniter-scala-core_2.12/2.13.5.2/jsoniter-scala-core_2.12-2.13.5.2.pom
2025.10.16 21:26:28 INFO  BSP server: Downloading https://s01.oss.sonatype.org/content/repositories/snapshots/org/scala-sbt/librarymanagement-ivy_2.12/1.11.2/librarymanagement-ivy_2.12-1.11.2.pom.sha1
2025.10.16 21:26:28 INFO  BSP server: Downloaded https://s01.oss.sonatype.org/content/repositories/snapshots/io/monix/monix-tail_2.12/3.2.0/monix-tail_2.12-3.2.0.pom
2025.10.16 21:26:28 INFO  BSP server: Downloading https://s01.oss.sonatype.org/content/repositories/snapshots/org/scala-sbt/zinc_2.12/1.10.8/zinc_2.12-1.10.8.pom.sha1
2025.10.16 21:26:28 INFO  BSP server: Downloaded https://s01.oss.sonatype.org/content/repositories/snapshots/org/zeroturnaround/zt-zip/1.17/zt-zip-1.17.pom
2025.10.16 21:26:28 INFO  BSP server: Downloading https://s01.oss.sonatype.org/content/repositories/snapshots/io/monix/monix-eval_2.12/3.2.0/monix-eval_2.12-3.2.0.pom
2025.10.16 21:26:28 INFO  BSP server: Downloaded https://s01.oss.sonatype.org/content/repositories/snapshots/com/github/plokhotnyuk/jsoniter-scala/jsoniter-scala-macros_2.12/2.13.3.2/jsoniter-scala-macros_2.12-2.13.3.2.pom
2025.10.16 21:26:28 INFO  BSP server: Downloading https://s01.oss.sonatype.org/content/repositories/snapshots/io/zipkin/reporter2/zipkin-sender-urlconnection/2.17.2/zipkin-sender-urlconnection-2.17.2.pom
2025.10.16 21:26:28 INFO  BSP server: Downloaded https://s01.oss.sonatype.org/content/repositories/snapshots/org/scala-sbt/librarymanagement-ivy_2.12/1.11.2/librarymanagement-ivy_2.12-1.11.2.pom.sha1
2025.10.16 21:26:28 INFO  BSP server: Downloading https://oss.sonatype.org/content/repositories/snapshots/net/jpountz/lz4/lz4/1.3.0/lz4-1.3.0.pom.sha1
2025.10.16 21:26:28 INFO  BSP server: Downloaded https://s01.oss.sonatype.org/content/repositories/snapshots/com/lihaoyi/unroll-annotation_2.12/0.1.12/unroll-annotation_2.12-0.1.12.pom
2025.10.16 21:26:28 INFO  BSP server: Downloading https://s01.oss.sonatype.org/content/repositories/snapshots/org/scalameta/parsers_2.12/4.13.8/parsers_2.12-4.13.8.pom.sha1
2025.10.16 21:26:28 INFO  BSP server: Downloaded https://s01.oss.sonatype.org/content/repositories/snapshots/org/scala-sbt/zinc_2.12/1.10.8/zinc_2.12-1.10.8.pom.sha1
2025.10.16 21:26:28 INFO  BSP server: Downloading https://s01.oss.sonatype.org/content/repositories/snapshots/io/github/alexarchambault/bleep/jsonrpc4s_2.12/0.1.1/jsonrpc4s_2.12-0.1.1.pom.sha1
2025.10.16 21:26:29 INFO  BSP server: Downloaded https://s01.oss.sonatype.org/content/repositories/snapshots/io/monix/monix-eval_2.12/3.2.0/monix-eval_2.12-3.2.0.pom
2025.10.16 21:26:29 INFO  BSP server: Downloading https://s01.oss.sonatype.org/content/repositories/snapshots/org/scala-lang/modules/scala-collection-compat_2.12/2.13.0/scala-collection-compat_2.12-2.13.0.pom.sha1
2025.10.16 21:26:29 INFO  BSP server: Downloaded https://oss.sonatype.org/content/repositories/snapshots/net/jpountz/lz4/lz4/1.3.0/lz4-1.3.0.pom.sha1
2025.10.16 21:26:29 INFO  BSP server: Downloading https://s01.oss.sonatype.org/content/repositories/snapshots/io/monix/monix-catnap_2.12/3.2.0/monix-catnap_2.12-3.2.0.pom.sha1
2025.10.16 21:26:29 INFO  BSP server: Downloaded https://s01.oss.sonatype.org/content/repositories/snapshots/io/zipkin/reporter2/zipkin-sender-urlconnection/2.17.2/zipkin-sender-urlconnection-2.17.2.pom
2025.10.16 21:26:29 INFO  BSP server: Downloading https://s01.oss.sonatype.org/content/repositories/snapshots/org/scala-lang/scala-reflect/2.12.20/scala-reflect-2.12.20.pom.sha1
2025.10.16 21:26:29 INFO  BSP server: Downloaded https://s01.oss.sonatype.org/content/repositories/snapshots/org/scalameta/parsers_2.12/4.13.8/parsers_2.12-4.13.8.pom.sha1
2025.10.16 21:26:29 INFO  BSP server: Downloading https://s01.oss.sonatype.org/content/repositories/snapshots/ch/qos/logback/logback-core/1.5.18/logback-core-1.5.18.pom.sha1
2025.10.16 21:26:29 INFO  BSP server: Downloaded https://s01.oss.sonatype.org/content/repositories/snapshots/org/scala-lang/modules/scala-collection-compat_2.12/2.13.0/scala-collection-compat_2.12-2.13.0.pom.sha1
2025.10.16 21:26:29 INFO  BSP server: Downloading https://s01.oss.sonatype.org/content/repositories/snapshots/com/github/alexarchambault/case-app-annotations_2.12/2.0.6/case-app-annotations_2.12-2.0.6.pom.sha1
2025.10.16 21:26:29 INFO  BSP server: Downloaded https://s01.oss.sonatype.org/content/repositories/snapshots/io/monix/monix-catnap_2.12/3.2.0/monix-catnap_2.12-3.2.0.pom.sha1
2025.10.16 21:26:29 INFO  BSP server: Downloading https://s01.oss.sonatype.org/content/repositories/snapshots/io/monix/monix-execution_2.12/3.2.0/monix-execution_2.12-3.2.0.pom.sha1
2025.10.16 21:26:29 INFO  BSP server: Downloaded https://s01.oss.sonatype.org/content/repositories/snapshots/ch/qos/logback/logback-core/1.5.18/logback-core-1.5.18.pom.sha1
2025.10.16 21:26:29 INFO  BSP server: Downloading https://s01.oss.sonatype.org/content/repositories/snapshots/org/apache/logging/log4j/log4j-core/2.23.0/log4j-core-2.23.0.pom.sha1
2025.10.16 21:26:29 INFO  BSP server: Downloaded https://s01.oss.sonatype.org/content/repositories/snapshots/io/zipkin/brave/brave/5.18.1/brave-5.18.1.pom
2025.10.16 21:26:29 INFO  BSP server: Downloading https://s01.oss.sonatype.org/content/repositories/snapshots/io/monix/monix-java_2.12/3.2.0/monix-java_2.12-3.2.0.pom.sha1
2025.10.16 21:26:29 INFO  BSP server: Downloaded https://s01.oss.sonatype.org/content/repositories/snapshots/com/github/alexarchambault/case-app-annotations_2.12/2.0.6/case-app-annotations_2.12-2.0.6.pom.sha1
2025.10.16 21:26:29 INFO  BSP server: Downloading https://s01.oss.sonatype.org/content/repositories/snapshots/com/lihaoyi/sourcecode_2.12/0.4.2/sourcecode_2.12-0.4.2.pom.sha1
2025.10.16 21:26:29 INFO  BSP server: Downloaded https://s01.oss.sonatype.org/content/repositories/snapshots/io/monix/monix-execution_2.12/3.2.0/monix-execution_2.12-3.2.0.pom.sha1
2025.10.16 21:26:29 INFO  BSP server: Downloading https://s01.oss.sonatype.org/content/repositories/snapshots/ch/epfl/scala/directory-watcher/0.8.0+6-f651bd93/directory-watcher-0.8.0+6-f651bd93.pom.sha1
2025.10.16 21:26:29 INFO  BSP server: Downloaded https://s01.oss.sonatype.org/content/repositories/snapshots/com/lihaoyi/sourcecode_2.12/0.4.2/sourcecode_2.12-0.4.2.pom.sha1
2025.10.16 21:26:29 INFO  BSP server: Downloading https://s01.oss.sonatype.org/content/repositories/snapshots/com/github/alexarchambault/case-app-util_2.12/2.0.6/case-app-util_2.12-2.0.6.pom
2025.10.16 21:26:29 INFO  BSP server: Downloaded https://s01.oss.sonatype.org/content/repositories/snapshots/io/monix/monix-java_2.12/3.2.0/monix-java_2.12-3.2.0.pom.sha1
2025.10.16 21:26:29 INFO  BSP server: Downloading https://s01.oss.sonatype.org/content/repositories/snapshots/io/github/alexarchambault/bleep/nailgun-server/1.0.7/nailgun-server-1.0.7.pom.sha1
2025.10.16 21:26:29 INFO  BSP server: Downloaded https://s01.oss.sonatype.org/content/repositories/snapshots/ch/epfl/scala/directory-watcher/0.8.0+6-f651bd93/directory-watcher-0.8.0+6-f651bd93.pom.sha1
2025.10.16 21:26:29 INFO  BSP server: Downloading https://s01.oss.sonatype.org/content/repositories/snapshots/com/github/plokhotnyuk/jsoniter-scala/jsoniter-scala-core_2.12/2.13.5.2/jsoniter-scala-core_2.12-2.13.5.2.pom.sha1
2025.10.16 21:26:29 INFO  BSP server: Downloaded https://s01.oss.sonatype.org/content/repositories/snapshots/com/github/plokhotnyuk/jsoniter-scala/jsoniter-scala-core_2.12/2.13.5.2/jsoniter-scala-core_2.12-2.13.5.2.pom.sha1
2025.10.16 21:26:29 INFO  BSP server: Downloading https://s01.oss.sonatype.org/content/repositories/snapshots/io/monix/monix-reactive_2.12/3.2.0/monix-reactive_2.12-3.2.0.pom
2025.10.16 21:26:29 INFO  BSP server: Downloaded https://s01.oss.sonatype.org/content/repositories/snapshots/com/github/alexarchambault/case-app-util_2.12/2.0.6/case-app-util_2.12-2.0.6.pom
2025.10.16 21:26:29 INFO  BSP server: Downloading https://s01.oss.sonatype.org/content/repositories/snapshots/io/monix/monix-tail_2.12/3.2.0/monix-tail_2.12-3.2.0.pom.sha1
2025.10.16 21:26:29 INFO  BSP server: Downloaded https://s01.oss.sonatype.org/content/repositories/snapshots/io/monix/monix-reactive_2.12/3.2.0/monix-reactive_2.12-3.2.0.pom
2025.10.16 21:26:29 INFO  BSP server: Downloading https://s01.oss.sonatype.org/content/repositories/snapshots/com/lihaoyi/pprint_2.12/0.9.0/pprint_2.12-0.9.0.pom
2025.10.16 21:26:29 INFO  BSP server: Downloaded https://s01.oss.sonatype.org/content/repositories/snapshots/io/monix/monix-tail_2.12/3.2.0/monix-tail_2.12-3.2.0.pom.sha1
2025.10.16 21:26:29 INFO  BSP server: Downloading https://s01.oss.sonatype.org/content/repositories/snapshots/io/get-coursier/util/directories-jni/0.1.2/directories-jni-0.1.2.pom
2025.10.16 21:26:30 WARN  no build target for: C:\Users\justi\OneDrive\Desktop\Semester 3\4. Software Engeneering\getting_started\introduction_to_scala.scala
2025.10.16 21:26:30 INFO  no build target found for C:\Users\justi\OneDrive\Desktop\Semester 3\4. Software Engeneering\getting_started\introduction_to_scala.scala. Using presentation compiler with project's scala-library version: 3.3.6
2025.10.16 21:26:30 INFO  BSP server: Downloaded https://s01.oss.sonatype.org/content/repositories/snapshots/io/github/alexarchambault/bleep/jsonrpc4s_2.12/0.1.1/jsonrpc4s_2.12-0.1.1.pom.sha1
2025.10.16 21:26:30 INFO  BSP server: Downloading https://s01.oss.sonatype.org/content/repositories/snapshots/org/zeroturnaround/zt-zip/1.17/zt-zip-1.17.pom.sha1
2025.10.16 21:26:30 INFO  BSP server: Downloaded https://s01.oss.sonatype.org/content/repositories/snapshots/io/get-coursier/util/directories-jni/0.1.2/directories-jni-0.1.2.pom
2025.10.16 21:26:30 INFO  BSP server: Downloading https://s01.oss.sonatype.org/content/repositories/snapshots/com/github/plokhotnyuk/jsoniter-scala/jsoniter-scala-macros_2.12/2.13.3.2/jsoniter-scala-macros_2.12-2.13.3.2.pom.sha1
2025.10.16 21:26:30 INFO  BSP server: Downloaded https://s01.oss.sonatype.org/content/repositories/snapshots/org/zeroturnaround/zt-zip/1.17/zt-zip-1.17.pom.sha1
2025.10.16 21:26:30 INFO  BSP server: Downloading https://s01.oss.sonatype.org/content/repositories/snapshots/com/lihaoyi/unroll-annotation_2.12/0.1.12/unroll-annotation_2.12-0.1.12.pom.sha1
2025.10.16 21:26:30 INFO  BSP server: Downloaded https://s01.oss.sonatype.org/content/repositories/snapshots/com/lihaoyi/unroll-annotation_2.12/0.1.12/unroll-annotation_2.12-0.1.12.pom.sha1
2025.10.16 21:26:30 INFO  BSP server: Downloading https://s01.oss.sonatype.org/content/repositories/snapshots/io/monix/monix-eval_2.12/3.2.0/monix-eval_2.12-3.2.0.pom.sha1
2025.10.16 21:26:30 INFO  BSP server: Downloaded https://s01.oss.sonatype.org/content/repositories/snapshots/io/github/alexarchambault/bleep/nailgun-server/1.0.7/nailgun-server-1.0.7.pom.sha1
2025.10.16 21:26:30 INFO  BSP server: Downloading https://s01.oss.sonatype.org/content/repositories/snapshots/io/zipkin/reporter2/zipkin-sender-urlconnection/2.17.2/zipkin-sender-urlconnection-2.17.2.pom.sha1
2025.10.16 21:26:30 INFO  BSP server: Downloaded https://s01.oss.sonatype.org/content/repositories/snapshots/io/zipkin/reporter2/zipkin-sender-urlconnection/2.17.2/zipkin-sender-urlconnection-2.17.2.pom.sha1
2025.10.16 21:26:30 INFO  BSP server: Downloading https://s01.oss.sonatype.org/content/repositories/snapshots/io/zipkin/brave/brave/5.18.1/brave-5.18.1.pom.sha1
2025.10.16 21:26:30 INFO  BSP server: Downloaded https://s01.oss.sonatype.org/content/repositories/snapshots/com/lihaoyi/pprint_2.12/0.9.0/pprint_2.12-0.9.0.pom
2025.10.16 21:26:30 INFO  BSP server: Downloading https://s01.oss.sonatype.org/content/repositories/snapshots/com/github/alexarchambault/case-app-util_2.12/2.0.6/case-app-util_2.12-2.0.6.pom.sha1
2025.10.16 21:26:31 INFO  BSP server: Downloaded https://s01.oss.sonatype.org/content/repositories/snapshots/com/github/alexarchambault/case-app-util_2.12/2.0.6/case-app-util_2.12-2.0.6.pom.sha1
2025.10.16 21:26:31 INFO  BSP server: Downloading https://s01.oss.sonatype.org/content/repositories/snapshots/io/monix/monix-reactive_2.12/3.2.0/monix-reactive_2.12-3.2.0.pom.sha1
2025.10.16 21:26:31 INFO  BSP server: Downloaded https://s01.oss.sonatype.org/content/repositories/snapshots/io/monix/monix-reactive_2.12/3.2.0/monix-reactive_2.12-3.2.0.pom.sha1
2025.10.16 21:26:31 INFO  BSP server: Downloading https://central.sonatype.com/repository/maven-snapshots/ch/epfl/scala/bsp4s_2.12/2.1.1/bsp4s_2.12-2.1.1.pom
2025.10.16 21:26:31 INFO  BSP server: Downloaded https://s01.oss.sonatype.org/content/repositories/snapshots/io/monix/monix-eval_2.12/3.2.0/monix-eval_2.12-3.2.0.pom.sha1
2025.10.16 21:26:31 INFO  BSP server: Downloading https://s01.oss.sonatype.org/content/repositories/snapshots/io/get-coursier/util/directories-jni/0.1.2/directories-jni-0.1.2.pom.sha1
2025.10.16 21:26:31 INFO  BSP server: Downloaded https://s01.oss.sonatype.org/content/repositories/snapshots/io/get-coursier/util/directories-jni/0.1.2/directories-jni-0.1.2.pom.sha1
2025.10.16 21:26:31 INFO  BSP server: Downloading https://central.sonatype.com/repository/maven-snapshots/org/scala-sbt/librarymanagement-ivy_2.12/1.11.2/librarymanagement-ivy_2.12-1.11.2.pom
2025.10.16 21:26:31 INFO  BSP server: Downloaded https://central.sonatype.com/repository/maven-snapshots/ch/epfl/scala/bsp4s_2.12/2.1.1/bsp4s_2.12-2.1.1.pom
2025.10.16 21:26:31 INFO  BSP server: Downloading https://central.sonatype.com/repository/maven-snapshots/org/scala-sbt/zinc_2.12/1.10.8/zinc_2.12-1.10.8.pom
2025.10.16 21:26:31 INFO  BSP server: Downloaded https://s01.oss.sonatype.org/content/repositories/snapshots/io/zipkin/brave/brave/5.18.1/brave-5.18.1.pom.sha1
2025.10.16 21:26:31 INFO  BSP server: Downloading https://s01.oss.sonatype.org/content/repositories/snapshots/com/lihaoyi/pprint_2.12/0.9.0/pprint_2.12-0.9.0.pom.sha1
2025.10.16 21:26:32 INFO  BSP server: Downloaded https://s01.oss.sonatype.org/content/repositories/snapshots/com/lihaoyi/pprint_2.12/0.9.0/pprint_2.12-0.9.0.pom.sha1
2025.10.16 21:26:32 INFO  BSP server: Downloading https://s01.oss.sonatype.org/content/repositories/snapshots/net/jpountz/lz4/lz4/1.3.0/lz4-1.3.0.pom
2025.10.16 21:26:32 INFO  BSP server: Downloaded https://s01.oss.sonatype.org/content/repositories/snapshots/org/scala-lang/scala-reflect/2.12.20/scala-reflect-2.12.20.pom.sha1
2025.10.16 21:26:32 INFO  BSP server: Downloading https://central.sonatype.com/repository/maven-snapshots/org/scalameta/parsers_2.12/4.13.8/parsers_2.12-4.13.8.pom
2025.10.16 21:26:32 INFO  BSP server: Downloaded https://central.sonatype.com/repository/maven-snapshots/org/scala-sbt/librarymanagement-ivy_2.12/1.11.2/librarymanagement-ivy_2.12-1.11.2.pom
2025.10.16 21:26:32 INFO  BSP server: Downloading https://central.sonatype.com/repository/maven-snapshots/org/scala-lang/modules/scala-collection-compat_2.12/2.13.0/scala-collection-compat_2.12-2.13.0.pom
2025.10.16 21:26:32 INFO  BSP server: Downloaded https://s01.oss.sonatype.org/content/repositories/snapshots/net/jpountz/lz4/lz4/1.3.0/lz4-1.3.0.pom
2025.10.16 21:26:32 INFO  BSP server: Downloading https://central.sonatype.com/repository/maven-snapshots/io/monix/monix-catnap_2.12/3.2.0/monix-catnap_2.12-3.2.0.pom
2025.10.16 21:26:32 INFO  BSP server: Downloaded https://central.sonatype.com/repository/maven-snapshots/org/scala-sbt/zinc_2.12/1.10.8/zinc_2.12-1.10.8.pom
2025.10.16 21:26:32 INFO  BSP server: Downloading https://central.sonatype.com/repository/maven-snapshots/ch/qos/logback/logback-core/1.5.18/logback-core-1.5.18.pom
2025.10.16 21:26:32 INFO  BSP server: Downloaded https://s01.oss.sonatype.org/content/repositories/snapshots/org/apache/logging/log4j/log4j-core/2.23.0/log4j-core-2.23.0.pom.sha1
2025.10.16 21:26:32 INFO  BSP server: Downloading https://central.sonatype.com/repository/maven-snapshots/com/github/alexarchambault/case-app-annotations_2.12/2.0.6/case-app-annotations_2.12-2.0.6.pom
2025.10.16 21:26:32 INFO  BSP server: Downloaded https://central.sonatype.com/repository/maven-snapshots/io/monix/monix-catnap_2.12/3.2.0/monix-catnap_2.12-3.2.0.pom
2025.10.16 21:26:32 INFO  BSP server: Downloading https://central.sonatype.com/repository/maven-snapshots/io/monix/monix-execution_2.12/3.2.0/monix-execution_2.12-3.2.0.pom
2025.10.16 21:26:32 INFO  BSP server: Downloaded https://central.sonatype.com/repository/maven-snapshots/org/scala-lang/modules/scala-collection-compat_2.12/2.13.0/scala-collection-compat_2.12-2.13.0.pom
2025.10.16 21:26:32 INFO  BSP server: Downloading https://central.sonatype.com/repository/maven-snapshots/com/lihaoyi/sourcecode_2.12/0.4.2/sourcecode_2.12-0.4.2.pom
2025.10.16 21:26:32 INFO  BSP server: Downloaded https://central.sonatype.com/repository/maven-snapshots/ch/qos/logback/logback-core/1.5.18/logback-core-1.5.18.pom
2025.10.16 21:26:32 INFO  BSP server: Downloading https://central.sonatype.com/repository/maven-snapshots/io/monix/monix-java_2.12/3.2.0/monix-java_2.12-3.2.0.pom
2025.10.16 21:26:32 INFO  BSP server: Downloaded https://central.sonatype.com/repository/maven-snapshots/com/github/alexarchambault/case-app-annotations_2.12/2.0.6/case-app-annotations_2.12-2.0.6.pom
2025.10.16 21:26:32 INFO  BSP server: Downloading https://central.sonatype.com/repository/maven-snapshots/ch/epfl/scala/directory-watcher/0.8.0+6-f651bd93/directory-watcher-0.8.0+6-f651bd93.pom
2025.10.16 21:26:34 INFO  BSP server: Downloaded https://s01.oss.sonatype.org/content/repositories/snapshots/com/github/plokhotnyuk/jsoniter-scala/jsoniter-scala-macros_2.12/2.13.3.2/jsoniter-scala-macros_2.12-2.13.3.2.pom.sha1
2025.10.16 21:26:34 INFO  BSP server: Downloading https://central.sonatype.com/repository/maven-snapshots/com/github/plokhotnyuk/jsoniter-scala/jsoniter-scala-core_2.12/2.13.5.2/jsoniter-scala-core_2.12-2.13.5.2.pom
2025.10.16 21:26:34 INFO  BSP server: Downloaded https://central.sonatype.com/repository/maven-snapshots/io/monix/monix-execution_2.12/3.2.0/monix-execution_2.12-3.2.0.pom
2025.10.16 21:26:34 INFO  no build target found for C:\Users\justi\OneDrive\Desktop\Semester 3\4. Software Engeneering\getting_started\introduction_to_scala.scala. Using presentation compiler with project's scala-library version: 3.3.6
2025.10.16 21:26:34 INFO  BSP server: Downloading https://central.sonatype.com/repository/maven-snapshots/io/monix/monix-tail_2.12/3.2.0/monix-tail_2.12-3.2.0.pom
2025.10.16 21:26:34 INFO  BSP server: Downloaded https://central.sonatype.com/repository/maven-snapshots/com/lihaoyi/sourcecode_2.12/0.4.2/sourcecode_2.12-0.4.2.pom
2025.10.16 21:26:34 INFO  BSP server: Downloading https://central.sonatype.com/repository/maven-snapshots/io/github/alexarchambault/bleep/jsonrpc4s_2.12/0.1.1/jsonrpc4s_2.12-0.1.1.pom
Okt. 16, 2025 9:26:34 PM org.eclipse.lsp4j.jsonrpc.RemoteEndpoint handleCancellation
WARNUNG: Unmatched cancel notification for request id 1
2025.10.16 21:26:34 INFO  BSP server: Downloaded https://central.sonatype.com/repository/maven-snapshots/io/monix/monix-java_2.12/3.2.0/monix-java_2.12-3.2.0.pom
2025.10.16 21:26:34 INFO  BSP server: Downloading https://central.sonatype.com/repository/maven-snapshots/org/zeroturnaround/zt-zip/1.17/zt-zip-1.17.pom
2025.10.16 21:26:34 INFO  BSP server: Downloaded https://central.sonatype.com/repository/maven-snapshots/ch/epfl/scala/directory-watcher/0.8.0+6-f651bd93/directory-watcher-0.8.0+6-f651bd93.pom
2025.10.16 21:26:34 INFO  BSP server: Downloading https://central.sonatype.com/repository/maven-snapshots/ch/epfl/scala/bsp4s_2.12/2.1.1/bsp4s_2.12-2.1.1.pom.sha1
2025.10.16 21:26:34 INFO  BSP server: Downloaded https://central.sonatype.com/repository/maven-snapshots/org/scalameta/parsers_2.12/4.13.8/parsers_2.12-4.13.8.pom
2025.10.16 21:26:34 INFO  BSP server: Downloading https://central.sonatype.com/repository/maven-snapshots/com/lihaoyi/unroll-annotation_2.12/0.1.12/unroll-annotation_2.12-0.1.12.pom
2025.10.16 21:26:34 INFO  BSP server: Downloaded https://central.sonatype.com/repository/maven-snapshots/com/github/plokhotnyuk/jsoniter-scala/jsoniter-scala-core_2.12/2.13.5.2/jsoniter-scala-core_2.12-2.13.5.2.pom
2025.10.16 21:26:34 INFO  BSP server: Downloading https://central.sonatype.com/repository/maven-snapshots/io/github/alexarchambault/bleep/nailgun-server/1.0.7/nailgun-server-1.0.7.pom
2025.10.16 21:26:34 INFO  BSP server: Downloaded https://central.sonatype.com/repository/maven-snapshots/io/monix/monix-tail_2.12/3.2.0/monix-tail_2.12-3.2.0.pom
2025.10.16 21:26:34 INFO  BSP server: Downloading https://central.sonatype.com/repository/maven-snapshots/io/zipkin/reporter2/zipkin-sender-urlconnection/2.17.2/zipkin-sender-urlconnection-2.17.2.pom
2025.10.16 21:26:34 INFO  BSP server: Downloaded https://central.sonatype.com/repository/maven-snapshots/io/github/alexarchambault/bleep/jsonrpc4s_2.12/0.1.1/jsonrpc4s_2.12-0.1.1.pom
2025.10.16 21:26:34 INFO  BSP server: Downloading https://central.sonatype.com/repository/maven-snapshots/org/scala-sbt/librarymanagement-ivy_2.12/1.11.2/librarymanagement-ivy_2.12-1.11.2.pom.sha1
2025.10.16 21:26:34 INFO  BSP server: Downloaded https://central.sonatype.com/repository/maven-snapshots/org/zeroturnaround/zt-zip/1.17/zt-zip-1.17.pom
2025.10.16 21:26:34 INFO  BSP server: Downloading https://s01.oss.sonatype.org/content/repositories/snapshots/net/jpountz/lz4/lz4/1.3.0/lz4-1.3.0.pom.sha1
2025.10.16 21:26:34 INFO  BSP server: Downloaded https://central.sonatype.com/repository/maven-snapshots/ch/epfl/scala/bsp4s_2.12/2.1.1/bsp4s_2.12-2.1.1.pom.sha1
2025.10.16 21:26:34 INFO  BSP server: Downloading https://central.sonatype.com/repository/maven-snapshots/org/scala-sbt/zinc_2.12/1.10.8/zinc_2.12-1.10.8.pom.sha1
2025.10.16 21:26:35 INFO  BSP server: Downloaded https://s01.oss.sonatype.org/content/repositories/snapshots/net/jpountz/lz4/lz4/1.3.0/lz4-1.3.0.pom.sha1
2025.10.16 21:26:35 INFO  BSP server: Downloading https://central.sonatype.com/repository/maven-snapshots/io/monix/monix-catnap_2.12/3.2.0/monix-catnap_2.12-3.2.0.pom.sha1
2025.10.16 21:26:35 INFO  BSP server: Downloaded https://central.sonatype.com/repository/maven-snapshots/com/lihaoyi/unroll-annotation_2.12/0.1.12/unroll-annotation_2.12-0.1.12.pom
2025.10.16 21:26:35 INFO  BSP server: Downloading https://central.sonatype.com/repository/maven-snapshots/org/scala-lang/modules/scala-collection-compat_2.12/2.13.0/scala-collection-compat_2.12-2.13.0.pom.sha1
2025.10.16 21:26:35 INFO  BSP server: Downloaded https://central.sonatype.com/repository/maven-snapshots/io/github/alexarchambault/bleep/nailgun-server/1.0.7/nailgun-server-1.0.7.pom
2025.10.16 21:26:35 INFO  BSP server: Downloading https://central.sonatype.com/repository/maven-snapshots/ch/qos/logback/logback-core/1.5.18/logback-core-1.5.18.pom.sha1
2025.10.16 21:26:35 INFO  BSP server: Downloaded https://central.sonatype.com/repository/maven-snapshots/io/zipkin/reporter2/zipkin-sender-urlconnection/2.17.2/zipkin-sender-urlconnection-2.17.2.pom
2025.10.16 21:26:35 INFO  BSP server: Downloading https://central.sonatype.com/repository/maven-snapshots/com/github/alexarchambault/case-app-annotations_2.12/2.0.6/case-app-annotations_2.12-2.0.6.pom.sha1
2025.10.16 21:26:35 INFO  BSP server: Downloaded https://central.sonatype.com/repository/maven-snapshots/org/scala-sbt/librarymanagement-ivy_2.12/1.11.2/librarymanagement-ivy_2.12-1.11.2.pom.sha1
2025.10.16 21:26:35 INFO  BSP server: Downloading https://central.sonatype.com/repository/maven-snapshots/io/monix/monix-execution_2.12/3.2.0/monix-execution_2.12-3.2.0.pom.sha1
2025.10.16 21:26:35 INFO  BSP server: Downloaded https://central.sonatype.com/repository/maven-snapshots/org/scala-sbt/zinc_2.12/1.10.8/zinc_2.12-1.10.8.pom.sha1
2025.10.16 21:26:35 INFO  BSP server: Downloading https://central.sonatype.com/repository/maven-snapshots/com/github/alexarchambault/case-app-util_2.12/2.0.6/case-app-util_2.12-2.0.6.pom
2025.10.16 21:26:35 INFO  BSP server: Downloaded https://central.sonatype.com/repository/maven-snapshots/io/monix/monix-catnap_2.12/3.2.0/monix-catnap_2.12-3.2.0.pom.sha1
2025.10.16 21:26:35 INFO  BSP server: Downloading https://central.sonatype.com/repository/maven-snapshots/io/monix/monix-reactive_2.12/3.2.0/monix-reactive_2.12-3.2.0.pom
2025.10.16 21:26:35 INFO  BSP server: Downloaded https://central.sonatype.com/repository/maven-snapshots/org/scala-lang/modules/scala-collection-compat_2.12/2.13.0/scala-collection-compat_2.12-2.13.0.pom.sha1
2025.10.16 21:26:35 INFO  BSP server: Downloading https://central.sonatype.com/repository/maven-snapshots/com/lihaoyi/sourcecode_2.12/0.4.2/sourcecode_2.12-0.4.2.pom.sha1
2025.10.16 21:26:35 INFO  BSP server: Downloaded https://central.sonatype.com/repository/maven-snapshots/ch/qos/logback/logback-core/1.5.18/logback-core-1.5.18.pom.sha1
2025.10.16 21:26:35 INFO  BSP server: Downloading https://central.sonatype.com/repository/maven-snapshots/io/monix/monix-java_2.12/3.2.0/monix-java_2.12-3.2.0.pom.sha1
2025.10.16 21:26:35 INFO  BSP server: Downloaded https://central.sonatype.com/repository/maven-snapshots/io/monix/monix-execution_2.12/3.2.0/monix-execution_2.12-3.2.0.pom.sha1
2025.10.16 21:26:35 INFO  BSP server: Downloading https://central.sonatype.com/repository/maven-snapshots/io/monix/monix-eval_2.12/3.2.0/monix-eval_2.12-3.2.0.pom
2025.10.16 21:26:36 INFO  BSP server: Downloaded https://central.sonatype.com/repository/maven-snapshots/com/github/alexarchambault/case-app-util_2.12/2.0.6/case-app-util_2.12-2.0.6.pom
2025.10.16 21:26:36 INFO  BSP server: Downloading https://central.sonatype.com/repository/maven-snapshots/io/get-coursier/util/directories-jni/0.1.2/directories-jni-0.1.2.pom
2025.10.16 21:26:36 INFO  BSP server: Downloaded https://central.sonatype.com/repository/maven-snapshots/io/monix/monix-reactive_2.12/3.2.0/monix-reactive_2.12-3.2.0.pom
2025.10.16 21:26:36 INFO  BSP server: Downloading https://central.sonatype.com/repository/maven-snapshots/ch/epfl/scala/directory-watcher/0.8.0+6-f651bd93/directory-watcher-0.8.0+6-f651bd93.pom.sha1
2025.10.16 21:26:36 INFO  BSP server: Downloaded https://central.sonatype.com/repository/maven-snapshots/com/lihaoyi/sourcecode_2.12/0.4.2/sourcecode_2.12-0.4.2.pom.sha1
2025.10.16 21:26:36 INFO  BSP server: Downloading https://central.sonatype.com/repository/maven-snapshots/org/scalameta/parsers_2.12/4.13.8/parsers_2.12-4.13.8.pom.sha1
2025.10.16 21:26:36 INFO  BSP server: Downloaded https://central.sonatype.com/repository/maven-snapshots/io/monix/monix-java_2.12/3.2.0/monix-java_2.12-3.2.0.pom.sha1
2025.10.16 21:26:36 INFO  BSP server: Downloading https://central.sonatype.com/repository/maven-snapshots/com/github/plokhotnyuk/jsoniter-scala/jsoniter-scala-core_2.12/2.13.5.2/jsoniter-scala-core_2.12-2.13.5.2.pom.sha1
2025.10.16 21:26:36 INFO  BSP server: Downloaded https://central.sonatype.com/repository/maven-snapshots/io/monix/monix-eval_2.12/3.2.0/monix-eval_2.12-3.2.0.pom
2025.10.16 21:26:36 INFO  BSP server: Downloading https://central.sonatype.com/repository/maven-snapshots/io/monix/monix-tail_2.12/3.2.0/monix-tail_2.12-3.2.0.pom.sha1
2025.10.16 21:26:36 INFO  BSP server: Downloaded https://central.sonatype.com/repository/maven-snapshots/ch/epfl/scala/directory-watcher/0.8.0+6-f651bd93/directory-watcher-0.8.0+6-f651bd93.pom.sha1
2025.10.16 21:26:36 INFO  BSP server: Downloading https://central.sonatype.com/repository/maven-snapshots/io/github/alexarchambault/bleep/jsonrpc4s_2.12/0.1.1/jsonrpc4s_2.12-0.1.1.pom.sha1
2025.10.16 21:26:37 INFO  BSP server: Downloaded https://central.sonatype.com/repository/maven-snapshots/io/github/alexarchambault/bleep/jsonrpc4s_2.12/0.1.1/jsonrpc4s_2.12-0.1.1.pom.sha1
2025.10.16 21:26:37 INFO  BSP server: Downloading https://central.sonatype.com/repository/maven-snapshots/org/zeroturnaround/zt-zip/1.17/zt-zip-1.17.pom.sha1
2025.10.16 21:26:37 INFO  BSP server: Downloaded https://central.sonatype.com/repository/maven-snapshots/org/scalameta/parsers_2.12/4.13.8/parsers_2.12-4.13.8.pom.sha1
2025.10.16 21:26:37 INFO  BSP server: Downloading https://central.sonatype.com/repository/maven-snapshots/io/zipkin/brave/brave/5.18.1/brave-5.18.1.pom
2025.10.16 21:26:37 INFO  BSP server: Downloaded https://central.sonatype.com/repository/maven-snapshots/com/github/plokhotnyuk/jsoniter-scala/jsoniter-scala-core_2.12/2.13.5.2/jsoniter-scala-core_2.12-2.13.5.2.pom.sha1
2025.10.16 21:26:37 INFO  BSP server: Downloading https://central.sonatype.com/repository/maven-snapshots/com/lihaoyi/pprint_2.12/0.9.0/pprint_2.12-0.9.0.pom
2025.10.16 21:26:37 INFO  BSP server: Downloaded https://central.sonatype.com/repository/maven-snapshots/org/zeroturnaround/zt-zip/1.17/zt-zip-1.17.pom.sha1
2025.10.16 21:26:37 INFO  BSP server: Downloading https://central.sonatype.com/repository/maven-snapshots/org/scala-lang/scala-reflect/2.12.20/scala-reflect-2.12.20.pom
2025.10.16 21:26:38 INFO  BSP server: Downloaded https://central.sonatype.com/repository/maven-snapshots/io/zipkin/brave/brave/5.18.1/brave-5.18.1.pom
2025.10.16 21:26:38 INFO  BSP server: Downloading https://central.sonatype.com/repository/maven-snapshots/com/lihaoyi/unroll-annotation_2.12/0.1.12/unroll-annotation_2.12-0.1.12.pom.sha1
2025.10.16 21:26:38 INFO  BSP server: Downloaded https://central.sonatype.com/repository/maven-snapshots/org/scala-lang/scala-reflect/2.12.20/scala-reflect-2.12.20.pom
2025.10.16 21:26:38 INFO  BSP server: Downloading https://central.sonatype.com/repository/maven-snapshots/io/github/alexarchambault/bleep/nailgun-server/1.0.7/nailgun-server-1.0.7.pom.sha1
2025.10.16 21:26:38 INFO  BSP server: Downloaded https://central.sonatype.com/repository/maven-snapshots/com/lihaoyi/pprint_2.12/0.9.0/pprint_2.12-0.9.0.pom
2025.10.16 21:26:38 INFO  BSP server: Downloading https://central.sonatype.com/repository/maven-snapshots/io/zipkin/reporter2/zipkin-sender-urlconnection/2.17.2/zipkin-sender-urlconnection-2.17.2.pom.sha1
2025.10.16 21:26:38 INFO  BSP server: Downloaded https://central.sonatype.com/repository/maven-snapshots/com/github/alexarchambault/case-app-annotations_2.12/2.0.6/case-app-annotations_2.12-2.0.6.pom.sha1
2025.10.16 21:26:38 INFO  BSP server: Downloading https://central.sonatype.com/repository/maven-snapshots/org/apache/logging/log4j/log4j-core/2.23.0/log4j-core-2.23.0.pom
2025.10.16 21:26:38 INFO  BSP server: Downloaded https://central.sonatype.com/repository/maven-snapshots/io/github/alexarchambault/bleep/nailgun-server/1.0.7/nailgun-server-1.0.7.pom.sha1
2025.10.16 21:26:38 INFO  BSP server: Downloading https://central.sonatype.com/repository/maven-snapshots/com/github/alexarchambault/case-app-util_2.12/2.0.6/case-app-util_2.12-2.0.6.pom.sha1
2025.10.16 21:26:39 INFO  BSP server: Downloaded https://central.sonatype.com/repository/maven-snapshots/com/github/alexarchambault/case-app-util_2.12/2.0.6/case-app-util_2.12-2.0.6.pom.sha1
2025.10.16 21:26:39 INFO  BSP server: Downloading https://central.sonatype.com/repository/maven-snapshots/com/github/plokhotnyuk/jsoniter-scala/jsoniter-scala-macros_2.12/2.13.3.2/jsoniter-scala-macros_2.12-2.13.3.2.pom
2025.10.16 21:26:39 INFO  BSP server: Downloaded https://central.sonatype.com/repository/maven-snapshots/com/lihaoyi/unroll-annotation_2.12/0.1.12/unroll-annotation_2.12-0.1.12.pom.sha1
2025.10.16 21:26:39 INFO  BSP server: Downloading https://central.sonatype.com/repository/maven-snapshots/io/monix/monix-reactive_2.12/3.2.0/monix-reactive_2.12-3.2.0.pom.sha1
2025.10.16 21:26:39 INFO  BSP server: Downloaded https://central.sonatype.com/repository/maven-snapshots/io/monix/monix-tail_2.12/3.2.0/monix-tail_2.12-3.2.0.pom.sha1
2025.10.16 21:26:39 INFO  BSP server: Downloading https://central.sonatype.com/repository/maven-snapshots/io/monix/monix-eval_2.12/3.2.0/monix-eval_2.12-3.2.0.pom.sha1
2025.10.16 21:26:39 INFO  BSP server: Downloaded https://central.sonatype.com/repository/maven-snapshots/com/github/plokhotnyuk/jsoniter-scala/jsoniter-scala-macros_2.12/2.13.3.2/jsoniter-scala-macros_2.12-2.13.3.2.pom
2025.10.16 21:26:39 INFO  BSP server: Downloading https://central.sonatype.com/repository/maven-snapshots/io/zipkin/brave/brave/5.18.1/brave-5.18.1.pom.sha1
2025.10.16 21:26:39 INFO  BSP server: Downloaded https://central.sonatype.com/repository/maven-snapshots/io/monix/monix-reactive_2.12/3.2.0/monix-reactive_2.12-3.2.0.pom.sha1
2025.10.16 21:26:39 INFO  BSP server: Downloading https://central.sonatype.com/repository/maven-snapshots/org/scala-lang/scala-reflect/2.12.20/scala-reflect-2.12.20.pom.sha1
2025.10.16 21:26:40 INFO  BSP server: Downloaded https://central.sonatype.com/repository/maven-snapshots/io/monix/monix-eval_2.12/3.2.0/monix-eval_2.12-3.2.0.pom.sha1
2025.10.16 21:26:40 INFO  BSP server: Downloading https://central.sonatype.com/repository/maven-snapshots/com/lihaoyi/pprint_2.12/0.9.0/pprint_2.12-0.9.0.pom.sha1
2025.10.16 21:26:40 INFO  BSP server: Downloaded https://central.sonatype.com/repository/maven-snapshots/io/zipkin/brave/brave/5.18.1/brave-5.18.1.pom.sha1
2025.10.16 21:26:40 INFO  BSP server: Downloading https://repo.scala-lang.org/artifactory/maven-nightlies/ch/epfl/scala/bsp4s_2.12/2.1.1/bsp4s_2.12-2.1.1.pom
2025.10.16 21:26:40 INFO  BSP server: Downloaded https://central.sonatype.com/repository/maven-snapshots/org/scala-lang/scala-reflect/2.12.20/scala-reflect-2.12.20.pom.sha1
2025.10.16 21:26:40 INFO  BSP server: Downloading https://central.sonatype.com/repository/maven-snapshots/net/jpountz/lz4/lz4/1.3.0/lz4-1.3.0.pom
2025.10.16 21:26:40 INFO  BSP server: Downloaded https://repo.scala-lang.org/artifactory/maven-nightlies/ch/epfl/scala/bsp4s_2.12/2.1.1/bsp4s_2.12-2.1.1.pom
2025.10.16 21:26:40 INFO  BSP server: Downloading https://repo.scala-lang.org/artifactory/maven-nightlies/org/scala-sbt/librarymanagement-ivy_2.12/1.11.2/librarymanagement-ivy_2.12-1.11.2.pom
2025.10.16 21:26:40 INFO  BSP server: Downloaded https://repo.scala-lang.org/artifactory/maven-nightlies/org/scala-sbt/librarymanagement-ivy_2.12/1.11.2/librarymanagement-ivy_2.12-1.11.2.pom
2025.10.16 21:26:40 INFO  BSP server: Downloading https://repo.scala-lang.org/artifactory/maven-nightlies/org/scala-sbt/zinc_2.12/1.10.8/zinc_2.12-1.10.8.pom
2025.10.16 21:26:40 INFO  BSP server: Downloaded https://central.sonatype.com/repository/maven-snapshots/net/jpountz/lz4/lz4/1.3.0/lz4-1.3.0.pom
2025.10.16 21:26:40 INFO  BSP server: Downloading https://repo.scala-lang.org/artifactory/maven-nightlies/io/monix/monix-catnap_2.12/3.2.0/monix-catnap_2.12-3.2.0.pom
2025.10.16 21:26:41 INFO  BSP server: Downloaded https://repo.scala-lang.org/artifactory/maven-nightlies/org/scala-sbt/zinc_2.12/1.10.8/zinc_2.12-1.10.8.pom
2025.10.16 21:26:41 INFO  BSP server: Downloading https://repo.scala-lang.org/artifactory/maven-nightlies/org/scala-lang/modules/scala-collection-compat_2.12/2.13.0/scala-collection-compat_2.12-2.13.0.pom
2025.10.16 21:26:41 INFO  BSP server: Downloaded https://repo.scala-lang.org/artifactory/maven-nightlies/io/monix/monix-catnap_2.12/3.2.0/monix-catnap_2.12-3.2.0.pom
2025.10.16 21:26:41 INFO  BSP server: Downloading https://repo.scala-lang.org/artifactory/maven-nightlies/ch/qos/logback/logback-core/1.5.18/logback-core-1.5.18.pom
2025.10.16 21:26:41 INFO  BSP server: Downloaded https://repo.scala-lang.org/artifactory/maven-nightlies/org/scala-lang/modules/scala-collection-compat_2.12/2.13.0/scala-collection-compat_2.12-2.13.0.pom
2025.10.16 21:26:41 INFO  BSP server: Downloading https://repo.scala-lang.org/artifactory/maven-nightlies/io/monix/monix-execution_2.12/3.2.0/monix-execution_2.12-3.2.0.pom
2025.10.16 21:26:41 INFO  BSP server: Downloaded https://repo.scala-lang.org/artifactory/maven-nightlies/ch/qos/logback/logback-core/1.5.18/logback-core-1.5.18.pom
2025.10.16 21:26:41 INFO  BSP server: Downloading https://central.sonatype.com/repository/maven-snapshots/com/github/plokhotnyuk/jsoniter-scala/jsoniter-scala-macros_2.12/2.13.3.2/jsoniter-scala-macros_2.12-2.13.3.2.pom.sha1
2025.10.16 21:26:41 INFO  BSP server: Downloaded https://repo.scala-lang.org/artifactory/maven-nightlies/io/monix/monix-execution_2.12/3.2.0/monix-execution_2.12-3.2.0.pom
2025.10.16 21:26:41 INFO  BSP server: Downloading https://repo.scala-lang.org/artifactory/maven-nightlies/com/lihaoyi/sourcecode_2.12/0.4.2/sourcecode_2.12-0.4.2.pom
2025.10.16 21:26:41 INFO  BSP server: Downloaded https://central.sonatype.com/repository/maven-snapshots/org/apache/logging/log4j/log4j-core/2.23.0/log4j-core-2.23.0.pom
2025.10.16 21:26:41 INFO  BSP server: Downloading https://repo.scala-lang.org/artifactory/maven-nightlies/io/monix/monix-java_2.12/3.2.0/monix-java_2.12-3.2.0.pom
2025.10.16 21:26:41 INFO  BSP server: Downloaded https://repo.scala-lang.org/artifactory/maven-nightlies/com/lihaoyi/sourcecode_2.12/0.4.2/sourcecode_2.12-0.4.2.pom
2025.10.16 21:26:41 INFO  BSP server: Downloading https://repo.scala-lang.org/artifactory/maven-nightlies/ch/epfl/scala/directory-watcher/0.8.0+6-f651bd93/directory-watcher-0.8.0+6-f651bd93.pom
2025.10.16 21:26:41 INFO  BSP server: Downloaded https://repo.scala-lang.org/artifactory/maven-nightlies/io/monix/monix-java_2.12/3.2.0/monix-java_2.12-3.2.0.pom
2025.10.16 21:26:41 INFO  BSP server: Downloading https://repo.scala-lang.org/artifactory/maven-nightlies/io/github/alexarchambault/bleep/jsonrpc4s_2.12/0.1.1/jsonrpc4s_2.12-0.1.1.pom
2025.10.16 21:26:42 INFO  BSP server: Downloaded https://repo.scala-lang.org/artifactory/maven-nightlies/ch/epfl/scala/directory-watcher/0.8.0+6-f651bd93/directory-watcher-0.8.0+6-f651bd93.pom
2025.10.16 21:26:42 INFO  BSP server: Downloading https://repo.scala-lang.org/artifactory/maven-nightlies/org/scalameta/parsers_2.12/4.13.8/parsers_2.12-4.13.8.pom
2025.10.16 21:26:42 INFO  BSP server: Downloaded https://central.sonatype.com/repository/maven-snapshots/com/github/plokhotnyuk/jsoniter-scala/jsoniter-scala-macros_2.12/2.13.3.2/jsoniter-scala-macros_2.12-2.13.3.2.pom.sha1
2025.10.16 21:26:42 INFO  BSP server: Downloading https://repo.scala-lang.org/artifactory/maven-nightlies/com/github/plokhotnyuk/jsoniter-scala/jsoniter-scala-core_2.12/2.13.5.2/jsoniter-scala-core_2.12-2.13.5.2.pom
2025.10.16 21:26:42 INFO  BSP server: Downloaded https://repo.scala-lang.org/artifactory/maven-nightlies/org/scalameta/parsers_2.12/4.13.8/parsers_2.12-4.13.8.pom
2025.10.16 21:26:42 INFO  BSP server: Downloading https://repo.scala-lang.org/artifactory/maven-nightlies/org/zeroturnaround/zt-zip/1.17/zt-zip-1.17.pom
2025.10.16 21:26:42 INFO  BSP server: Downloaded https://repo.scala-lang.org/artifactory/maven-nightlies/io/github/alexarchambault/bleep/jsonrpc4s_2.12/0.1.1/jsonrpc4s_2.12-0.1.1.pom
2025.10.16 21:26:42 INFO  BSP server: Downloading https://repo.scala-lang.org/artifactory/maven-nightlies/com/github/alexarchambault/case-app-annotations_2.12/2.0.6/case-app-annotations_2.12-2.0.6.pom
2025.10.16 21:26:42 INFO  BSP server: Downloaded https://repo.scala-lang.org/artifactory/maven-nightlies/com/github/plokhotnyuk/jsoniter-scala/jsoniter-scala-core_2.12/2.13.5.2/jsoniter-scala-core_2.12-2.13.5.2.pom
2025.10.16 21:26:42 INFO  BSP server: Downloading https://central.sonatype.com/repository/maven-snapshots/net/jpountz/lz4/lz4/1.3.0/lz4-1.3.0.pom.sha1
2025.10.16 21:26:42 INFO  BSP server: Downloaded https://repo.scala-lang.org/artifactory/maven-nightlies/org/zeroturnaround/zt-zip/1.17/zt-zip-1.17.pom
2025.10.16 21:26:42 INFO  BSP server: Downloading https://repo.scala-lang.org/artifactory/maven-nightlies/io/github/alexarchambault/bleep/nailgun-server/1.0.7/nailgun-server-1.0.7.pom
2025.10.16 21:26:42 INFO  BSP server: Downloaded https://repo.scala-lang.org/artifactory/maven-nightlies/com/github/alexarchambault/case-app-annotations_2.12/2.0.6/case-app-annotations_2.12-2.0.6.pom
2025.10.16 21:26:42 INFO  BSP server: Downloading https://repo.scala-lang.org/artifactory/maven-nightlies/ch/epfl/scala/bsp4s_2.12/2.1.1/bsp4s_2.12-2.1.1.pom.sha1
2025.10.16 21:26:42 INFO  BSP server: Downloaded https://repo.scala-lang.org/artifactory/maven-nightlies/ch/epfl/scala/bsp4s_2.12/2.1.1/bsp4s_2.12-2.1.1.pom.sha1
2025.10.16 21:26:42 INFO  BSP server: Downloading https://repo.scala-lang.org/artifactory/maven-nightlies/com/github/alexarchambault/case-app-util_2.12/2.0.6/case-app-util_2.12-2.0.6.pom
2025.10.16 21:26:42 INFO  BSP server: Downloaded https://repo.scala-lang.org/artifactory/maven-nightlies/io/github/alexarchambault/bleep/nailgun-server/1.0.7/nailgun-server-1.0.7.pom
2025.10.16 21:26:42 INFO  BSP server: Downloading https://repo.scala-lang.org/artifactory/maven-nightlies/com/lihaoyi/unroll-annotation_2.12/0.1.12/unroll-annotation_2.12-0.1.12.pom
2025.10.16 21:26:42 INFO  BSP server: Downloaded https://central.sonatype.com/repository/maven-snapshots/io/get-coursier/util/directories-jni/0.1.2/directories-jni-0.1.2.pom
2025.10.16 21:26:42 INFO  BSP server: Downloading https://repo.scala-lang.org/artifactory/maven-nightlies/io/monix/monix-tail_2.12/3.2.0/monix-tail_2.12-3.2.0.pom
2025.10.16 21:26:42 INFO  BSP server: Downloaded https://central.sonatype.com/repository/maven-snapshots/net/jpountz/lz4/lz4/1.3.0/lz4-1.3.0.pom.sha1
2025.10.16 21:26:42 INFO  BSP server: Downloading https://repo.scala-lang.org/artifactory/maven-nightlies/org/scala-sbt/librarymanagement-ivy_2.12/1.11.2/librarymanagement-ivy_2.12-1.11.2.pom.sha1
2025.10.16 21:26:42 INFO  BSP server: Downloaded https://repo.scala-lang.org/artifactory/maven-nightlies/com/lihaoyi/unroll-annotation_2.12/0.1.12/unroll-annotation_2.12-0.1.12.pom
2025.10.16 21:26:42 INFO  BSP server: Downloading https://repo.scala-lang.org/artifactory/maven-nightlies/org/scala-sbt/zinc_2.12/1.10.8/zinc_2.12-1.10.8.pom.sha1
2025.10.16 21:26:42 INFO  BSP server: Downloaded https://repo.scala-lang.org/artifactory/maven-nightlies/io/monix/monix-tail_2.12/3.2.0/monix-tail_2.12-3.2.0.pom
2025.10.16 21:26:42 INFO  BSP server: Downloading https://repo.scala-lang.org/artifactory/maven-nightlies/io/monix/monix-catnap_2.12/3.2.0/monix-catnap_2.12-3.2.0.pom.sha1
2025.10.16 21:26:43 INFO  BSP server: Downloaded https://repo.scala-lang.org/artifactory/maven-nightlies/com/github/alexarchambault/case-app-util_2.12/2.0.6/case-app-util_2.12-2.0.6.pom
2025.10.16 21:26:43 INFO  BSP server: Downloading https://repo.scala-lang.org/artifactory/maven-nightlies/org/scala-lang/modules/scala-collection-compat_2.12/2.13.0/scala-collection-compat_2.12-2.13.0.pom.sha1
2025.10.16 21:26:43 INFO  BSP server: Downloaded https://repo.scala-lang.org/artifactory/maven-nightlies/org/scala-sbt/librarymanagement-ivy_2.12/1.11.2/librarymanagement-ivy_2.12-1.11.2.pom.sha1
2025.10.16 21:26:43 INFO  BSP server: Downloading https://central.sonatype.com/repository/maven-snapshots/org/apache/logging/log4j/log4j-core/2.23.0/log4j-core-2.23.0.pom.sha1
2025.10.16 21:26:43 INFO  BSP server: Downloaded https://repo.scala-lang.org/artifactory/maven-nightlies/org/scala-sbt/zinc_2.12/1.10.8/zinc_2.12-1.10.8.pom.sha1
2025.10.16 21:26:43 INFO  BSP server: Downloading https://repo.scala-lang.org/artifactory/maven-nightlies/ch/qos/logback/logback-core/1.5.18/logback-core-1.5.18.pom.sha1
2025.10.16 21:26:43 INFO  BSP server: Downloaded https://repo.scala-lang.org/artifactory/maven-nightlies/io/monix/monix-catnap_2.12/3.2.0/monix-catnap_2.12-3.2.0.pom.sha1
2025.10.16 21:26:43 INFO  BSP server: Downloading https://repo.scala-lang.org/artifactory/maven-nightlies/io/monix/monix-execution_2.12/3.2.0/monix-execution_2.12-3.2.0.pom.sha1
2025.10.16 21:26:43 INFO  BSP server: Downloaded https://repo.scala-lang.org/artifactory/maven-nightlies/org/scala-lang/modules/scala-collection-compat_2.12/2.13.0/scala-collection-compat_2.12-2.13.0.pom.sha1
2025.10.16 21:26:43 INFO  BSP server: Downloading https://repo.scala-lang.org/artifactory/maven-nightlies/com/lihaoyi/sourcecode_2.12/0.4.2/sourcecode_2.12-0.4.2.pom.sha1
2025.10.16 21:26:43 INFO  BSP server: Downloaded https://repo.scala-lang.org/artifactory/maven-nightlies/io/monix/monix-execution_2.12/3.2.0/monix-execution_2.12-3.2.0.pom.sha1
2025.10.16 21:26:43 INFO  BSP server: Downloading https://repo.scala-lang.org/artifactory/maven-nightlies/io/monix/monix-reactive_2.12/3.2.0/monix-reactive_2.12-3.2.0.pom
2025.10.16 21:26:43 INFO  BSP server: Downloaded https://repo.scala-lang.org/artifactory/maven-nightlies/ch/qos/logback/logback-core/1.5.18/logback-core-1.5.18.pom.sha1
2025.10.16 21:26:43 INFO  BSP server: Downloading https://repo.scala-lang.org/artifactory/maven-nightlies/io/monix/monix-eval_2.12/3.2.0/monix-eval_2.12-3.2.0.pom
2025.10.16 21:26:43 INFO  BSP server: Downloaded https://repo.scala-lang.org/artifactory/maven-nightlies/com/lihaoyi/sourcecode_2.12/0.4.2/sourcecode_2.12-0.4.2.pom.sha1
2025.10.16 21:26:43 INFO  BSP server: Downloading https://repo.scala-lang.org/artifactory/maven-nightlies/io/zipkin/brave/brave/5.18.1/brave-5.18.1.pom
2025.10.16 21:26:43 INFO  BSP server: Downloaded https://repo.scala-lang.org/artifactory/maven-nightlies/io/monix/monix-reactive_2.12/3.2.0/monix-reactive_2.12-3.2.0.pom
2025.10.16 21:26:43 INFO  BSP server: Downloading https://repo.scala-lang.org/artifactory/maven-nightlies/org/scala-lang/scala-reflect/2.12.20/scala-reflect-2.12.20.pom
2025.10.16 21:26:43 INFO  BSP server: Downloaded https://repo.scala-lang.org/artifactory/maven-nightlies/io/monix/monix-eval_2.12/3.2.0/monix-eval_2.12-3.2.0.pom
2025.10.16 21:26:43 INFO  BSP server: Downloading https://repo.scala-lang.org/artifactory/maven-nightlies/io/monix/monix-java_2.12/3.2.0/monix-java_2.12-3.2.0.pom.sha1
2025.10.16 21:26:43 INFO  BSP server: Downloaded https://central.sonatype.com/repository/maven-snapshots/org/apache/logging/log4j/log4j-core/2.23.0/log4j-core-2.23.0.pom.sha1
2025.10.16 21:26:43 INFO  BSP server: Downloading https://repo.scala-lang.org/artifactory/maven-nightlies/ch/epfl/scala/directory-watcher/0.8.0+6-f651bd93/directory-watcher-0.8.0+6-f651bd93.pom.sha1
2025.10.16 21:26:43 INFO  BSP server: Downloaded https://repo.scala-lang.org/artifactory/maven-nightlies/io/zipkin/brave/brave/5.18.1/brave-5.18.1.pom
2025.10.16 21:26:43 INFO  BSP server: Downloading https://repo.scala-lang.org/artifactory/maven-nightlies/org/scalameta/parsers_2.12/4.13.8/parsers_2.12-4.13.8.pom.sha1
2025.10.16 21:26:43 INFO  BSP server: Downloaded https://repo.scala-lang.org/artifactory/maven-nightlies/io/monix/monix-java_2.12/3.2.0/monix-java_2.12-3.2.0.pom.sha1
2025.10.16 21:26:43 INFO  BSP server: Downloading https://repo.scala-lang.org/artifactory/maven-nightlies/io/github/alexarchambault/bleep/jsonrpc4s_2.12/0.1.1/jsonrpc4s_2.12-0.1.1.pom.sha1
2025.10.16 21:26:43 INFO  BSP server: Downloaded https://repo.scala-lang.org/artifactory/maven-nightlies/ch/epfl/scala/directory-watcher/0.8.0+6-f651bd93/directory-watcher-0.8.0+6-f651bd93.pom.sha1
2025.10.16 21:26:43 INFO  BSP server: Downloaded https://repo.scala-lang.org/artifactory/maven-nightlies/org/scalameta/parsers_2.12/4.13.8/parsers_2.12-4.13.8.pom.sha1
2025.10.16 21:26:43 INFO  BSP server: Downloading https://central.sonatype.com/repository/maven-snapshots/io/get-coursier/util/directories-jni/0.1.2/directories-jni-0.1.2.pom.sha1
2025.10.16 21:26:43 INFO  BSP server: Downloading https://repo.scala-lang.org/artifactory/maven-nightlies/com/github/plokhotnyuk/jsoniter-scala/jsoniter-scala-core_2.12/2.13.5.2/jsoniter-scala-core_2.12-2.13.5.2.pom.sha1
2025.10.16 21:26:43 INFO  BSP server: Downloaded https://repo.scala-lang.org/artifactory/maven-nightlies/org/scala-lang/scala-reflect/2.12.20/scala-reflect-2.12.20.pom
2025.10.16 21:26:43 INFO  BSP server: Downloading https://repo.scala-lang.org/artifactory/maven-nightlies/org/zeroturnaround/zt-zip/1.17/zt-zip-1.17.pom.sha1
2025.10.16 21:26:43 INFO  BSP server: Downloaded https://repo.scala-lang.org/artifactory/maven-nightlies/io/github/alexarchambault/bleep/jsonrpc4s_2.12/0.1.1/jsonrpc4s_2.12-0.1.1.pom.sha1
2025.10.16 21:26:43 INFO  BSP server: Downloading https://repo.scala-lang.org/artifactory/maven-nightlies/com/github/alexarchambault/case-app-annotations_2.12/2.0.6/case-app-annotations_2.12-2.0.6.pom.sha1
2025.10.16 21:26:45 INFO  BSP server: Downloaded https://repo.scala-lang.org/artifactory/maven-nightlies/org/zeroturnaround/zt-zip/1.17/zt-zip-1.17.pom.sha1
2025.10.16 21:26:45 INFO  BSP server: Downloading https://repo.scala-lang.org/artifactory/maven-nightlies/io/github/alexarchambault/bleep/nailgun-server/1.0.7/nailgun-server-1.0.7.pom.sha1
2025.10.16 21:26:45 INFO  BSP server: Downloaded https://repo.scala-lang.org/artifactory/maven-nightlies/com/github/plokhotnyuk/jsoniter-scala/jsoniter-scala-core_2.12/2.13.5.2/jsoniter-scala-core_2.12-2.13.5.2.pom.sha1
2025.10.16 21:26:45 INFO  BSP server: Downloading https://repo.scala-lang.org/artifactory/maven-nightlies/com/lihaoyi/unroll-annotation_2.12/0.1.12/unroll-annotation_2.12-0.1.12.pom.sha1
2025.10.16 21:26:45 INFO  BSP server: Downloaded https://repo.scala-lang.org/artifactory/maven-nightlies/com/github/alexarchambault/case-app-annotations_2.12/2.0.6/case-app-annotations_2.12-2.0.6.pom.sha1
2025.10.16 21:26:45 INFO  BSP server: Downloading https://repo.scala-lang.org/artifactory/maven-nightlies/io/monix/monix-tail_2.12/3.2.0/monix-tail_2.12-3.2.0.pom.sha1
2025.10.16 21:26:45 INFO  BSP server: Downloaded https://repo.scala-lang.org/artifactory/maven-nightlies/com/lihaoyi/unroll-annotation_2.12/0.1.12/unroll-annotation_2.12-0.1.12.pom.sha1
2025.10.16 21:26:45 INFO  BSP server: Downloading https://repo.scala-lang.org/artifactory/maven-nightlies/com/github/alexarchambault/case-app-util_2.12/2.0.6/case-app-util_2.12-2.0.6.pom.sha1
2025.10.16 21:26:45 INFO  BSP server: Downloaded https://repo.scala-lang.org/artifactory/maven-nightlies/io/github/alexarchambault/bleep/nailgun-server/1.0.7/nailgun-server-1.0.7.pom.sha1
2025.10.16 21:26:45 INFO  BSP server: Downloading https://repo.scala-lang.org/artifactory/maven-nightlies/com/github/plokhotnyuk/jsoniter-scala/jsoniter-scala-macros_2.12/2.13.3.2/jsoniter-scala-macros_2.12-2.13.3.2.pom
2025.10.16 21:26:45 INFO  BSP server: Downloaded https://repo.scala-lang.org/artifactory/maven-nightlies/io/monix/monix-tail_2.12/3.2.0/monix-tail_2.12-3.2.0.pom.sha1
2025.10.16 21:26:45 INFO  BSP server: Downloading https://repo.scala-lang.org/artifactory/maven-nightlies/io/monix/monix-reactive_2.12/3.2.0/monix-reactive_2.12-3.2.0.pom.sha1
2025.10.16 21:26:45 INFO  BSP server: Downloaded https://central.sonatype.com/repository/maven-snapshots/io/get-coursier/util/directories-jni/0.1.2/directories-jni-0.1.2.pom.sha1
2025.10.16 21:26:45 INFO  BSP server: Downloading https://repo.scala-lang.org/artifactory/maven-nightlies/io/monix/monix-eval_2.12/3.2.0/monix-eval_2.12-3.2.0.pom.sha1
2025.10.16 21:26:45 INFO  BSP server: Downloaded https://repo.scala-lang.org/artifactory/maven-nightlies/com/github/plokhotnyuk/jsoniter-scala/jsoniter-scala-macros_2.12/2.13.3.2/jsoniter-scala-macros_2.12-2.13.3.2.pom
2025.10.16 21:26:45 INFO  BSP server: Downloading https://repo.scala-lang.org/artifactory/maven-nightlies/io/zipkin/brave/brave/5.18.1/brave-5.18.1.pom.sha1
2025.10.16 21:26:45 INFO  BSP server: Downloaded https://repo.scala-lang.org/artifactory/maven-nightlies/com/github/alexarchambault/case-app-util_2.12/2.0.6/case-app-util_2.12-2.0.6.pom.sha1
2025.10.16 21:26:45 INFO  BSP server: Downloading https://repo.scala-lang.org/artifactory/maven-nightlies/net/jpountz/lz4/lz4/1.3.0/lz4-1.3.0.pom
2025.10.16 21:26:45 INFO  BSP server: Downloaded https://repo.scala-lang.org/artifactory/maven-nightlies/io/monix/monix-reactive_2.12/3.2.0/monix-reactive_2.12-3.2.0.pom.sha1
2025.10.16 21:26:45 INFO  BSP server: Downloading https://repo.scala-lang.org/artifactory/maven-nightlies/org/scala-lang/scala-reflect/2.12.20/scala-reflect-2.12.20.pom.sha1
2025.10.16 21:26:45 INFO  BSP server: Downloaded https://repo.scala-lang.org/artifactory/maven-nightlies/net/jpountz/lz4/lz4/1.3.0/lz4-1.3.0.pom
2025.10.16 21:26:45 INFO  BSP server: Downloading https://repo.scala-lang.org/artifactory/maven-nightlies/org/apache/logging/log4j/log4j-core/2.23.0/log4j-core-2.23.0.pom
2025.10.16 21:26:45 INFO  BSP server: Downloaded https://repo.scala-lang.org/artifactory/maven-nightlies/io/zipkin/brave/brave/5.18.1/brave-5.18.1.pom.sha1
2025.10.16 21:26:45 INFO  BSP server: Downloading https://repo.scala-lang.org/artifactory/maven-nightlies/com/github/plokhotnyuk/jsoniter-scala/jsoniter-scala-macros_2.12/2.13.3.2/jsoniter-scala-macros_2.12-2.13.3.2.pom.sha1
2025.10.16 21:26:45 INFO  BSP server: Downloaded https://repo.scala-lang.org/artifactory/maven-nightlies/io/monix/monix-eval_2.12/3.2.0/monix-eval_2.12-3.2.0.pom.sha1
2025.10.16 21:26:45 INFO  BSP server: Downloading https://repo.scala-lang.org/artifactory/maven-nightlies/net/jpountz/lz4/lz4/1.3.0/lz4-1.3.0.pom.sha1
2025.10.16 21:26:45 INFO  BSP server: Downloaded https://repo.scala-lang.org/artifactory/maven-nightlies/com/github/plokhotnyuk/jsoniter-scala/jsoniter-scala-macros_2.12/2.13.3.2/jsoniter-scala-macros_2.12-2.13.3.2.pom.sha1
2025.10.16 21:26:45 INFO  BSP server: Downloaded https://repo.scala-lang.org/artifactory/maven-nightlies/org/scala-lang/scala-reflect/2.12.20/scala-reflect-2.12.20.pom.sha1
2025.10.16 21:26:45 INFO  BSP server: Downloading https://repo.scala-lang.org/artifactory/maven-nightlies/io/get-coursier/util/directories-jni/0.1.2/directories-jni-0.1.2.pom
2025.10.16 21:26:45 INFO  BSP server: Downloaded https://repo.scala-lang.org/artifactory/maven-nightlies/org/apache/logging/log4j/log4j-core/2.23.0/log4j-core-2.23.0.pom
2025.10.16 21:26:45 INFO  BSP server: Downloading https://repo.scala-lang.org/artifactory/maven-nightlies/org/apache/logging/log4j/log4j-core/2.23.0/log4j-core-2.23.0.pom.sha1
2025.10.16 21:26:45 INFO  BSP server: Downloaded https://repo.scala-lang.org/artifactory/maven-nightlies/io/get-coursier/util/directories-jni/0.1.2/directories-jni-0.1.2.pom
2025.10.16 21:26:45 INFO  BSP server: Downloading https://repo.scala-lang.org/artifactory/maven-nightlies/io/get-coursier/util/directories-jni/0.1.2/directories-jni-0.1.2.pom.sha1
2025.10.16 21:26:45 INFO  BSP server: Downloaded https://repo.scala-lang.org/artifactory/maven-nightlies/net/jpountz/lz4/lz4/1.3.0/lz4-1.3.0.pom.sha1
2025.10.16 21:26:45 INFO  BSP server: Downloaded https://repo.scala-lang.org/artifactory/maven-nightlies/org/apache/logging/log4j/log4j-core/2.23.0/log4j-core-2.23.0.pom.sha1
2025.10.16 21:26:46 INFO  BSP server: Downloaded https://repo.scala-lang.org/artifactory/maven-nightlies/io/get-coursier/util/directories-jni/0.1.2/directories-jni-0.1.2.pom.sha1
2025.10.16 21:26:48 INFO  BSP server: Downloaded https://central.sonatype.com/repository/maven-snapshots/com/lihaoyi/pprint_2.12/0.9.0/pprint_2.12-0.9.0.pom.sha1
2025.10.16 21:26:48 INFO  BSP server: Downloading https://repo.scala-lang.org/artifactory/maven-nightlies/com/lihaoyi/pprint_2.12/0.9.0/pprint_2.12-0.9.0.pom
2025.10.16 21:26:48 INFO  BSP server: Downloaded https://repo.scala-lang.org/artifactory/maven-nightlies/com/lihaoyi/pprint_2.12/0.9.0/pprint_2.12-0.9.0.pom
2025.10.16 21:26:48 INFO  BSP server: Downloading https://repo.scala-lang.org/artifactory/maven-nightlies/com/lihaoyi/pprint_2.12/0.9.0/pprint_2.12-0.9.0.pom.sha1
2025.10.16 21:26:48 INFO  BSP server: Downloaded https://repo.scala-lang.org/artifactory/maven-nightlies/com/lihaoyi/pprint_2.12/0.9.0/pprint_2.12-0.9.0.pom.sha1
2025.10.16 21:26:54 INFO  BSP server: Downloaded https://central.sonatype.com/repository/maven-snapshots/io/zipkin/reporter2/zipkin-sender-urlconnection/2.17.2/zipkin-sender-urlconnection-2.17.2.pom.sha1
2025.10.16 21:26:54 INFO  BSP server: Downloading https://repo.scala-lang.org/artifactory/maven-nightlies/io/zipkin/reporter2/zipkin-sender-urlconnection/2.17.2/zipkin-sender-urlconnection-2.17.2.pom
2025.10.16 21:26:54 INFO  BSP server: Downloaded https://repo.scala-lang.org/artifactory/maven-nightlies/io/zipkin/reporter2/zipkin-sender-urlconnection/2.17.2/zipkin-sender-urlconnection-2.17.2.pom
2025.10.16 21:26:54 INFO  BSP server: Downloading https://repo.scala-lang.org/artifactory/maven-nightlies/io/zipkin/reporter2/zipkin-sender-urlconnection/2.17.2/zipkin-sender-urlconnection-2.17.2.pom.sha1
2025.10.16 21:26:54 INFO  BSP server: Downloaded https://repo.scala-lang.org/artifactory/maven-nightlies/io/zipkin/reporter2/zipkin-sender-urlconnection/2.17.2/zipkin-sender-urlconnection-2.17.2.pom.sha1
2025.10.16 21:26:54 INFO  BSP server: Downloading https://oss.sonatype.org/content/repositories/snapshots/io/zipkin/brave/brave-parent/5.18.1/brave-parent-5.18.1.pom
2025.10.16 21:26:54 INFO  BSP server: Downloading https://oss.sonatype.org/content/repositories/snapshots/io/zipkin/reporter2/zipkin-reporter-parent/2.17.2/zipkin-reporter-parent-2.17.2.pom
2025.10.16 21:26:54 INFO  BSP server: Downloading https://oss.sonatype.org/content/repositories/snapshots/org/apache/logging/log4j/log4j/2.23.0/log4j-2.23.0.pom
2025.10.16 21:26:54 INFO  BSP server: Downloaded https://oss.sonatype.org/content/repositories/snapshots/io/zipkin/brave/brave-parent/5.18.1/brave-parent-5.18.1.pom
2025.10.16 21:26:54 INFO  BSP server: Downloading https://oss.sonatype.org/content/repositories/snapshots/io/zipkin/brave/brave-parent/5.18.1/brave-parent-5.18.1.pom.sha1
2025.10.16 21:26:54 INFO  BSP server: Downloaded https://oss.sonatype.org/content/repositories/snapshots/org/apache/logging/log4j/log4j/2.23.0/log4j-2.23.0.pom
2025.10.16 21:26:54 INFO  BSP server: Downloading https://oss.sonatype.org/content/repositories/snapshots/org/apache/logging/log4j/log4j/2.23.0/log4j-2.23.0.pom.sha1
2025.10.16 21:26:54 INFO  BSP server: Downloaded https://oss.sonatype.org/content/repositories/snapshots/io/zipkin/reporter2/zipkin-reporter-parent/2.17.2/zipkin-reporter-parent-2.17.2.pom
2025.10.16 21:26:54 INFO  BSP server: Downloading https://oss.sonatype.org/content/repositories/snapshots/io/zipkin/reporter2/zipkin-reporter-parent/2.17.2/zipkin-reporter-parent-2.17.2.pom.sha1
2025.10.16 21:26:54 INFO  BSP server: Downloaded https://oss.sonatype.org/content/repositories/snapshots/io/zipkin/brave/brave-parent/5.18.1/brave-parent-5.18.1.pom.sha1
2025.10.16 21:26:54 INFO  BSP server: Downloading https://s01.oss.sonatype.org/content/repositories/snapshots/io/zipkin/brave/brave-parent/5.18.1/brave-parent-5.18.1.pom
2025.10.16 21:26:54 INFO  BSP server: Downloaded https://oss.sonatype.org/content/repositories/snapshots/org/apache/logging/log4j/log4j/2.23.0/log4j-2.23.0.pom.sha1
2025.10.16 21:26:54 INFO  BSP server: Downloading https://s01.oss.sonatype.org/content/repositories/snapshots/org/apache/logging/log4j/log4j/2.23.0/log4j-2.23.0.pom
2025.10.16 21:26:54 INFO  BSP server: Downloaded https://oss.sonatype.org/content/repositories/snapshots/io/zipkin/reporter2/zipkin-reporter-parent/2.17.2/zipkin-reporter-parent-2.17.2.pom.sha1
2025.10.16 21:26:54 INFO  BSP server: Downloading https://s01.oss.sonatype.org/content/repositories/snapshots/io/zipkin/reporter2/zipkin-reporter-parent/2.17.2/zipkin-reporter-parent-2.17.2.pom
2025.10.16 21:26:55 INFO  BSP server: Downloaded https://s01.oss.sonatype.org/content/repositories/snapshots/io/zipkin/brave/brave-parent/5.18.1/brave-parent-5.18.1.pom
2025.10.16 21:26:55 INFO  BSP server: Downloading https://s01.oss.sonatype.org/content/repositories/snapshots/io/zipkin/brave/brave-parent/5.18.1/brave-parent-5.18.1.pom.sha1
2025.10.16 21:26:55 INFO  BSP server: Downloaded https://s01.oss.sonatype.org/content/repositories/snapshots/io/zipkin/reporter2/zipkin-reporter-parent/2.17.2/zipkin-reporter-parent-2.17.2.pom
2025.10.16 21:26:55 INFO  BSP server: Downloading https://s01.oss.sonatype.org/content/repositories/snapshots/io/zipkin/reporter2/zipkin-reporter-parent/2.17.2/zipkin-reporter-parent-2.17.2.pom.sha1
2025.10.16 21:26:55 INFO  BSP server: Downloaded https://s01.oss.sonatype.org/content/repositories/snapshots/io/zipkin/brave/brave-parent/5.18.1/brave-parent-5.18.1.pom.sha1
2025.10.16 21:26:55 INFO  BSP server: Downloading https://central.sonatype.com/repository/maven-snapshots/io/zipkin/brave/brave-parent/5.18.1/brave-parent-5.18.1.pom
2025.10.16 21:26:55 INFO  BSP server: Downloaded https://s01.oss.sonatype.org/content/repositories/snapshots/io/zipkin/reporter2/zipkin-reporter-parent/2.17.2/zipkin-reporter-parent-2.17.2.pom.sha1
2025.10.16 21:26:55 INFO  BSP server: Downloading https://central.sonatype.com/repository/maven-snapshots/io/zipkin/reporter2/zipkin-reporter-parent/2.17.2/zipkin-reporter-parent-2.17.2.pom
2025.10.16 21:26:55 INFO  BSP server: Downloaded https://central.sonatype.com/repository/maven-snapshots/io/zipkin/brave/brave-parent/5.18.1/brave-parent-5.18.1.pom
2025.10.16 21:26:55 INFO  BSP server: Downloading https://central.sonatype.com/repository/maven-snapshots/io/zipkin/brave/brave-parent/5.18.1/brave-parent-5.18.1.pom.sha1
2025.10.16 21:26:55 INFO  BSP server: Downloaded https://central.sonatype.com/repository/maven-snapshots/io/zipkin/reporter2/zipkin-reporter-parent/2.17.2/zipkin-reporter-parent-2.17.2.pom
2025.10.16 21:26:55 INFO  BSP server: Downloading https://central.sonatype.com/repository/maven-snapshots/io/zipkin/reporter2/zipkin-reporter-parent/2.17.2/zipkin-reporter-parent-2.17.2.pom.sha1
2025.10.16 21:26:56 INFO  BSP server: Downloaded https://s01.oss.sonatype.org/content/repositories/snapshots/org/apache/logging/log4j/log4j/2.23.0/log4j-2.23.0.pom
2025.10.16 21:26:56 INFO  BSP server: Downloading https://s01.oss.sonatype.org/content/repositories/snapshots/org/apache/logging/log4j/log4j/2.23.0/log4j-2.23.0.pom.sha1
2025.10.16 21:26:56 INFO  BSP server: Downloaded https://s01.oss.sonatype.org/content/repositories/snapshots/org/apache/logging/log4j/log4j/2.23.0/log4j-2.23.0.pom.sha1
2025.10.16 21:26:56 INFO  BSP server: Downloading https://central.sonatype.com/repository/maven-snapshots/org/apache/logging/log4j/log4j/2.23.0/log4j-2.23.0.pom
2025.10.16 21:26:56 INFO  BSP server: Downloaded https://central.sonatype.com/repository/maven-snapshots/io/zipkin/brave/brave-parent/5.18.1/brave-parent-5.18.1.pom.sha1
2025.10.16 21:26:56 INFO  BSP server: Downloading https://repo.scala-lang.org/artifactory/maven-nightlies/io/zipkin/brave/brave-parent/5.18.1/brave-parent-5.18.1.pom
2025.10.16 21:26:56 INFO  BSP server: Downloaded https://central.sonatype.com/repository/maven-snapshots/io/zipkin/reporter2/zipkin-reporter-parent/2.17.2/zipkin-reporter-parent-2.17.2.pom.sha1
2025.10.16 21:26:56 INFO  BSP server: Downloading https://repo.scala-lang.org/artifactory/maven-nightlies/io/zipkin/reporter2/zipkin-reporter-parent/2.17.2/zipkin-reporter-parent-2.17.2.pom
2025.10.16 21:26:56 INFO  BSP server: Downloaded https://repo.scala-lang.org/artifactory/maven-nightlies/io/zipkin/brave/brave-parent/5.18.1/brave-parent-5.18.1.pom
2025.10.16 21:26:56 INFO  BSP server: Downloading https://repo.scala-lang.org/artifactory/maven-nightlies/io/zipkin/brave/brave-parent/5.18.1/brave-parent-5.18.1.pom.sha1
2025.10.16 21:26:56 INFO  BSP server: Downloaded https://repo.scala-lang.org/artifactory/maven-nightlies/io/zipkin/reporter2/zipkin-reporter-parent/2.17.2/zipkin-reporter-parent-2.17.2.pom
2025.10.16 21:26:56 INFO  BSP server: Downloading https://repo.scala-lang.org/artifactory/maven-nightlies/io/zipkin/reporter2/zipkin-reporter-parent/2.17.2/zipkin-reporter-parent-2.17.2.pom.sha1
2025.10.16 21:26:56 INFO  BSP server: Downloaded https://central.sonatype.com/repository/maven-snapshots/org/apache/logging/log4j/log4j/2.23.0/log4j-2.23.0.pom
2025.10.16 21:26:56 INFO  BSP server: Downloading https://central.sonatype.com/repository/maven-snapshots/org/apache/logging/log4j/log4j/2.23.0/log4j-2.23.0.pom.sha1
2025.10.16 21:26:56 INFO  BSP server: Downloaded https://repo.scala-lang.org/artifactory/maven-nightlies/io/zipkin/brave/brave-parent/5.18.1/brave-parent-5.18.1.pom.sha1
2025.10.16 21:26:57 INFO  BSP server: Downloaded https://repo.scala-lang.org/artifactory/maven-nightlies/io/zipkin/reporter2/zipkin-reporter-parent/2.17.2/zipkin-reporter-parent-2.17.2.pom.sha1
2025.10.16 21:26:57 INFO  BSP server: Downloaded https://central.sonatype.com/repository/maven-snapshots/org/apache/logging/log4j/log4j/2.23.0/log4j-2.23.0.pom.sha1
2025.10.16 21:26:57 INFO  BSP server: Downloading https://repo.scala-lang.org/artifactory/maven-nightlies/org/apache/logging/log4j/log4j/2.23.0/log4j-2.23.0.pom
2025.10.16 21:26:57 INFO  BSP server: Downloaded https://repo.scala-lang.org/artifactory/maven-nightlies/org/apache/logging/log4j/log4j/2.23.0/log4j-2.23.0.pom
2025.10.16 21:26:57 INFO  BSP server: Downloading https://repo.scala-lang.org/artifactory/maven-nightlies/org/apache/logging/log4j/log4j/2.23.0/log4j-2.23.0.pom.sha1
2025.10.16 21:26:57 INFO  BSP server: Downloaded https://repo.scala-lang.org/artifactory/maven-nightlies/org/apache/logging/log4j/log4j/2.23.0/log4j-2.23.0.pom.sha1
2025.10.16 21:26:57 INFO  BSP server: Downloading https://oss.sonatype.org/content/repositories/snapshots/org/apache/logging/log4j/log4j-bom/2.23.0/log4j-bom-2.23.0.pom
2025.10.16 21:26:57 INFO  BSP server: Downloaded https://oss.sonatype.org/content/repositories/snapshots/org/apache/logging/log4j/log4j-bom/2.23.0/log4j-bom-2.23.0.pom
2025.10.16 21:26:57 INFO  BSP server: Downloading https://oss.sonatype.org/content/repositories/snapshots/org/apache/logging/log4j/log4j-bom/2.23.0/log4j-bom-2.23.0.pom.sha1
2025.10.16 21:26:57 INFO  BSP server: Downloaded https://oss.sonatype.org/content/repositories/snapshots/org/apache/logging/log4j/log4j-bom/2.23.0/log4j-bom-2.23.0.pom.sha1
2025.10.16 21:26:57 INFO  BSP server: Downloading https://s01.oss.sonatype.org/content/repositories/snapshots/org/apache/logging/log4j/log4j-bom/2.23.0/log4j-bom-2.23.0.pom
2025.10.16 21:26:57 INFO  BSP server: Downloaded https://s01.oss.sonatype.org/content/repositories/snapshots/org/apache/logging/log4j/log4j-bom/2.23.0/log4j-bom-2.23.0.pom
2025.10.16 21:26:57 INFO  BSP server: Downloading https://s01.oss.sonatype.org/content/repositories/snapshots/org/apache/logging/log4j/log4j-bom/2.23.0/log4j-bom-2.23.0.pom.sha1
2025.10.16 21:26:58 INFO  BSP server: Downloaded https://s01.oss.sonatype.org/content/repositories/snapshots/org/apache/logging/log4j/log4j-bom/2.23.0/log4j-bom-2.23.0.pom.sha1
2025.10.16 21:26:58 INFO  BSP server: Downloading https://central.sonatype.com/repository/maven-snapshots/org/apache/logging/log4j/log4j-bom/2.23.0/log4j-bom-2.23.0.pom
2025.10.16 21:26:58 INFO  BSP server: Downloaded https://central.sonatype.com/repository/maven-snapshots/org/apache/logging/log4j/log4j-bom/2.23.0/log4j-bom-2.23.0.pom
2025.10.16 21:26:58 INFO  BSP server: Downloading https://central.sonatype.com/repository/maven-snapshots/org/apache/logging/log4j/log4j-bom/2.23.0/log4j-bom-2.23.0.pom.sha1
2025.10.16 21:26:59 INFO  BSP server: Downloaded https://central.sonatype.com/repository/maven-snapshots/org/apache/logging/log4j/log4j-bom/2.23.0/log4j-bom-2.23.0.pom.sha1
2025.10.16 21:26:59 INFO  BSP server: Downloading https://repo.scala-lang.org/artifactory/maven-nightlies/org/apache/logging/log4j/log4j-bom/2.23.0/log4j-bom-2.23.0.pom
2025.10.16 21:26:59 INFO  BSP server: Downloaded https://repo.scala-lang.org/artifactory/maven-nightlies/org/apache/logging/log4j/log4j-bom/2.23.0/log4j-bom-2.23.0.pom
2025.10.16 21:26:59 INFO  BSP server: Downloading https://repo.scala-lang.org/artifactory/maven-nightlies/org/apache/logging/log4j/log4j-bom/2.23.0/log4j-bom-2.23.0.pom.sha1
2025.10.16 21:26:59 INFO  BSP server: Downloaded https://repo.scala-lang.org/artifactory/maven-nightlies/org/apache/logging/log4j/log4j-bom/2.23.0/log4j-bom-2.23.0.pom.sha1
2025.10.16 21:26:59 INFO  BSP server: Downloading https://oss.sonatype.org/content/repositories/snapshots/org/apache/logging/logging-parent/10.6.0/logging-parent-10.6.0.pom
2025.10.16 21:26:59 INFO  BSP server: Downloaded https://oss.sonatype.org/content/repositories/snapshots/org/apache/logging/logging-parent/10.6.0/logging-parent-10.6.0.pom
2025.10.16 21:26:59 INFO  BSP server: Downloading https://oss.sonatype.org/content/repositories/snapshots/org/apache/logging/logging-parent/10.6.0/logging-parent-10.6.0.pom.sha1
2025.10.16 21:26:59 INFO  BSP server: Downloaded https://oss.sonatype.org/content/repositories/snapshots/org/apache/logging/logging-parent/10.6.0/logging-parent-10.6.0.pom.sha1
2025.10.16 21:26:59 INFO  BSP server: Downloading https://s01.oss.sonatype.org/content/repositories/snapshots/org/apache/logging/logging-parent/10.6.0/logging-parent-10.6.0.pom
2025.10.16 21:26:59 INFO  BSP server: Downloaded https://s01.oss.sonatype.org/content/repositories/snapshots/org/apache/logging/logging-parent/10.6.0/logging-parent-10.6.0.pom
2025.10.16 21:26:59 INFO  BSP server: Downloading https://s01.oss.sonatype.org/content/repositories/snapshots/org/apache/logging/logging-parent/10.6.0/logging-parent-10.6.0.pom.sha1
2025.10.16 21:27:01 INFO  BSP server: Downloaded https://s01.oss.sonatype.org/content/repositories/snapshots/org/apache/logging/logging-parent/10.6.0/logging-parent-10.6.0.pom.sha1
2025.10.16 21:27:01 INFO  BSP server: Downloading https://central.sonatype.com/repository/maven-snapshots/org/apache/logging/logging-parent/10.6.0/logging-parent-10.6.0.pom
2025.10.16 21:27:01 INFO  BSP server: Downloaded https://central.sonatype.com/repository/maven-snapshots/org/apache/logging/logging-parent/10.6.0/logging-parent-10.6.0.pom
2025.10.16 21:27:01 INFO  BSP server: Downloading https://central.sonatype.com/repository/maven-snapshots/org/apache/logging/logging-parent/10.6.0/logging-parent-10.6.0.pom.sha1
2025.10.16 21:27:02 INFO  BSP server: Downloaded https://central.sonatype.com/repository/maven-snapshots/org/apache/logging/logging-parent/10.6.0/logging-parent-10.6.0.pom.sha1
2025.10.16 21:27:02 INFO  BSP server: Downloading https://repo.scala-lang.org/artifactory/maven-nightlies/org/apache/logging/logging-parent/10.6.0/logging-parent-10.6.0.pom
2025.10.16 21:27:02 INFO  BSP server: Downloaded https://repo.scala-lang.org/artifactory/maven-nightlies/org/apache/logging/logging-parent/10.6.0/logging-parent-10.6.0.pom
2025.10.16 21:27:02 INFO  BSP server: Downloading https://repo.scala-lang.org/artifactory/maven-nightlies/org/apache/logging/logging-parent/10.6.0/logging-parent-10.6.0.pom.sha1
2025.10.16 21:27:02 INFO  BSP server: Downloaded https://repo.scala-lang.org/artifactory/maven-nightlies/org/apache/logging/logging-parent/10.6.0/logging-parent-10.6.0.pom.sha1
2025.10.16 21:27:02 INFO  BSP server: Downloading https://oss.sonatype.org/content/repositories/snapshots/io/fabric8/kubernetes-client-bom/5.12.4/kubernetes-client-bom-5.12.4.pom
2025.10.16 21:27:02 INFO  BSP server: Downloading https://oss.sonatype.org/content/repositories/snapshots/com/fasterxml/jackson/jackson-bom/2.16.1/jackson-bom-2.16.1.pom
2025.10.16 21:27:02 INFO  BSP server: Downloading https://oss.sonatype.org/content/repositories/snapshots/jakarta/platform/jakarta.jakartaee-bom/9.1.0/jakarta.jakartaee-bom-9.1.0.pom
2025.10.16 21:27:02 INFO  BSP server: Downloading https://oss.sonatype.org/content/repositories/snapshots/io/netty/netty-bom/4.1.107.Final/netty-bom-4.1.107.Final.pom
2025.10.16 21:27:02 INFO  BSP server: Downloading https://oss.sonatype.org/content/repositories/snapshots/org/springframework/spring-framework-bom/5.3.32/spring-framework-bom-5.3.32.pom
2025.10.16 21:27:02 INFO  BSP server: Downloading https://oss.sonatype.org/content/repositories/snapshots/org/eclipse/jetty/jetty-bom/9.4.54.v20240208/jetty-bom-9.4.54.v20240208.pom
2025.10.16 21:27:02 INFO  BSP server: Downloaded https://oss.sonatype.org/content/repositories/snapshots/io/fabric8/kubernetes-client-bom/5.12.4/kubernetes-client-bom-5.12.4.pom
2025.10.16 21:27:02 INFO  BSP server: Downloading https://oss.sonatype.org/content/repositories/snapshots/io/fabric8/kubernetes-client-bom/5.12.4/kubernetes-client-bom-5.12.4.pom.sha1
2025.10.16 21:27:02 INFO  BSP server: Downloaded https://oss.sonatype.org/content/repositories/snapshots/io/fabric8/kubernetes-client-bom/5.12.4/kubernetes-client-bom-5.12.4.pom.sha1
2025.10.16 21:27:02 INFO  BSP server: Downloading https://oss.sonatype.org/content/repositories/snapshots/org/codehaus/groovy/groovy-bom/3.0.20/groovy-bom-3.0.20.pom
2025.10.16 21:27:02 INFO  BSP server: Downloaded https://oss.sonatype.org/content/repositories/snapshots/org/codehaus/groovy/groovy-bom/3.0.20/groovy-bom-3.0.20.pom
2025.10.16 21:27:02 INFO  BSP server: Downloading https://oss.sonatype.org/content/repositories/snapshots/org/mockito/mockito-bom/4.11.0/mockito-bom-4.11.0.pom
2025.10.16 21:27:02 INFO  BSP server: Downloaded https://oss.sonatype.org/content/repositories/snapshots/com/fasterxml/jackson/jackson-bom/2.16.1/jackson-bom-2.16.1.pom
2025.10.16 21:27:02 INFO  BSP server: Downloading https://oss.sonatype.org/content/repositories/snapshots/org/codehaus/groovy/groovy-bom/3.0.20/groovy-bom-3.0.20.pom.sha1
2025.10.16 21:27:02 INFO  BSP server: Downloaded https://oss.sonatype.org/content/repositories/snapshots/org/eclipse/jetty/jetty-bom/9.4.54.v20240208/jetty-bom-9.4.54.v20240208.pom
2025.10.16 21:27:02 INFO  BSP server: Downloading https://oss.sonatype.org/content/repositories/snapshots/com/fasterxml/jackson/jackson-bom/2.16.1/jackson-bom-2.16.1.pom.sha1
2025.10.16 21:27:02 INFO  BSP server: Downloaded https://oss.sonatype.org/content/repositories/snapshots/org/springframework/spring-framework-bom/5.3.32/spring-framework-bom-5.3.32.pom
2025.10.16 21:27:02 INFO  BSP server: Downloading https://s01.oss.sonatype.org/content/repositories/snapshots/io/fabric8/kubernetes-client-bom/5.12.4/kubernetes-client-bom-5.12.4.pom
2025.10.16 21:27:02 INFO  BSP server: Downloaded https://oss.sonatype.org/content/repositories/snapshots/io/netty/netty-bom/4.1.107.Final/netty-bom-4.1.107.Final.pom
2025.10.16 21:27:02 INFO  BSP server: Downloading https://oss.sonatype.org/content/repositories/snapshots/org/eclipse/jetty/jetty-bom/9.4.54.v20240208/jetty-bom-9.4.54.v20240208.pom.sha1
2025.10.16 21:27:02 INFO  BSP server: Downloaded https://oss.sonatype.org/content/repositories/snapshots/org/mockito/mockito-bom/4.11.0/mockito-bom-4.11.0.pom
2025.10.16 21:27:02 INFO  BSP server: Downloading https://oss.sonatype.org/content/repositories/snapshots/org/springframework/spring-framework-bom/5.3.32/spring-framework-bom-5.3.32.pom.sha1
2025.10.16 21:27:02 INFO  BSP server: Downloaded https://oss.sonatype.org/content/repositories/snapshots/com/fasterxml/jackson/jackson-bom/2.16.1/jackson-bom-2.16.1.pom.sha1
2025.10.16 21:27:02 INFO  BSP server: Downloading https://oss.sonatype.org/content/repositories/snapshots/io/netty/netty-bom/4.1.107.Final/netty-bom-4.1.107.Final.pom.sha1
2025.10.16 21:27:02 INFO  BSP server: Downloaded https://oss.sonatype.org/content/repositories/snapshots/org/codehaus/groovy/groovy-bom/3.0.20/groovy-bom-3.0.20.pom.sha1
2025.10.16 21:27:02 INFO  BSP server: Downloading https://oss.sonatype.org/content/repositories/snapshots/org/mockito/mockito-bom/4.11.0/mockito-bom-4.11.0.pom.sha1
2025.10.16 21:27:02 INFO  BSP server: Downloaded https://oss.sonatype.org/content/repositories/snapshots/org/eclipse/jetty/jetty-bom/9.4.54.v20240208/jetty-bom-9.4.54.v20240208.pom.sha1
2025.10.16 21:27:02 INFO  BSP server: Downloading https://s01.oss.sonatype.org/content/repositories/snapshots/com/fasterxml/jackson/jackson-bom/2.16.1/jackson-bom-2.16.1.pom
2025.10.16 21:27:02 INFO  BSP server: Downloaded https://s01.oss.sonatype.org/content/repositories/snapshots/io/fabric8/kubernetes-client-bom/5.12.4/kubernetes-client-bom-5.12.4.pom
2025.10.16 21:27:02 INFO  BSP server: Downloading https://s01.oss.sonatype.org/content/repositories/snapshots/org/codehaus/groovy/groovy-bom/3.0.20/groovy-bom-3.0.20.pom
2025.10.16 21:27:03 INFO  BSP server: Downloaded https://oss.sonatype.org/content/repositories/snapshots/org/springframework/spring-framework-bom/5.3.32/spring-framework-bom-5.3.32.pom.sha1
2025.10.16 21:27:03 INFO  BSP server: Downloading https://s01.oss.sonatype.org/content/repositories/snapshots/org/eclipse/jetty/jetty-bom/9.4.54.v20240208/jetty-bom-9.4.54.v20240208.pom
2025.10.16 21:27:03 INFO  BSP server: Downloaded https://oss.sonatype.org/content/repositories/snapshots/io/netty/netty-bom/4.1.107.Final/netty-bom-4.1.107.Final.pom.sha1
2025.10.16 21:27:03 INFO  BSP server: Downloading https://s01.oss.sonatype.org/content/repositories/snapshots/io/fabric8/kubernetes-client-bom/5.12.4/kubernetes-client-bom-5.12.4.pom.sha1
2025.10.16 21:27:03 INFO  BSP server: Downloaded https://oss.sonatype.org/content/repositories/snapshots/org/mockito/mockito-bom/4.11.0/mockito-bom-4.11.0.pom.sha1
2025.10.16 21:27:03 INFO  BSP server: Downloading https://s01.oss.sonatype.org/content/repositories/snapshots/org/springframework/spring-framework-bom/5.3.32/spring-framework-bom-5.3.32.pom
2025.10.16 21:27:03 INFO  BSP server: Downloaded https://s01.oss.sonatype.org/content/repositories/snapshots/org/codehaus/groovy/groovy-bom/3.0.20/groovy-bom-3.0.20.pom
2025.10.16 21:27:03 INFO  BSP server: Downloading https://s01.oss.sonatype.org/content/repositories/snapshots/io/netty/netty-bom/4.1.107.Final/netty-bom-4.1.107.Final.pom
2025.10.16 21:27:03 INFO  BSP server: Downloaded https://s01.oss.sonatype.org/content/repositories/snapshots/org/eclipse/jetty/jetty-bom/9.4.54.v20240208/jetty-bom-9.4.54.v20240208.pom
2025.10.16 21:27:03 INFO  BSP server: Downloading https://s01.oss.sonatype.org/content/repositories/snapshots/org/mockito/mockito-bom/4.11.0/mockito-bom-4.11.0.pom
2025.10.16 21:27:03 INFO  BSP server: Downloaded https://s01.oss.sonatype.org/content/repositories/snapshots/org/springframework/spring-framework-bom/5.3.32/spring-framework-bom-5.3.32.pom
2025.10.16 21:27:03 INFO  BSP server: Downloading https://s01.oss.sonatype.org/content/repositories/snapshots/org/codehaus/groovy/groovy-bom/3.0.20/groovy-bom-3.0.20.pom.sha1
2025.10.16 21:27:03 INFO  BSP server: Downloaded https://s01.oss.sonatype.org/content/repositories/snapshots/org/mockito/mockito-bom/4.11.0/mockito-bom-4.11.0.pom
2025.10.16 21:27:03 INFO  BSP server: Downloading https://s01.oss.sonatype.org/content/repositories/snapshots/org/eclipse/jetty/jetty-bom/9.4.54.v20240208/jetty-bom-9.4.54.v20240208.pom.sha1
2025.10.16 21:27:03 INFO  BSP server: Downloaded https://s01.oss.sonatype.org/content/repositories/snapshots/org/eclipse/jetty/jetty-bom/9.4.54.v20240208/jetty-bom-9.4.54.v20240208.pom.sha1
2025.10.16 21:27:03 INFO  BSP server: Downloading https://s01.oss.sonatype.org/content/repositories/snapshots/org/springframework/spring-framework-bom/5.3.32/spring-framework-bom-5.3.32.pom.sha1
2025.10.16 21:27:03 INFO  BSP server: Downloaded https://s01.oss.sonatype.org/content/repositories/snapshots/org/codehaus/groovy/groovy-bom/3.0.20/groovy-bom-3.0.20.pom.sha1
2025.10.16 21:27:03 INFO  BSP server: Downloading https://s01.oss.sonatype.org/content/repositories/snapshots/org/mockito/mockito-bom/4.11.0/mockito-bom-4.11.0.pom.sha1
2025.10.16 21:27:03 INFO  BSP server: Downloaded https://s01.oss.sonatype.org/content/repositories/snapshots/org/springframework/spring-framework-bom/5.3.32/spring-framework-bom-5.3.32.pom.sha1
2025.10.16 21:27:03 INFO  BSP server: Downloading https://central.sonatype.com/repository/maven-snapshots/org/eclipse/jetty/jetty-bom/9.4.54.v20240208/jetty-bom-9.4.54.v20240208.pom
2025.10.16 21:27:03 INFO  BSP server: Downloaded https://oss.sonatype.org/content/repositories/snapshots/jakarta/platform/jakarta.jakartaee-bom/9.1.0/jakarta.jakartaee-bom-9.1.0.pom
2025.10.16 21:27:03 INFO  BSP server: Downloading https://central.sonatype.com/repository/maven-snapshots/org/codehaus/groovy/groovy-bom/3.0.20/groovy-bom-3.0.20.pom
2025.10.16 21:27:04 INFO  BSP server: Downloaded https://s01.oss.sonatype.org/content/repositories/snapshots/com/fasterxml/jackson/jackson-bom/2.16.1/jackson-bom-2.16.1.pom
2025.10.16 21:27:04 INFO  BSP server: Downloading https://central.sonatype.com/repository/maven-snapshots/org/springframework/spring-framework-bom/5.3.32/spring-framework-bom-5.3.32.pom
2025.10.16 21:27:04 INFO  BSP server: Downloaded https://s01.oss.sonatype.org/content/repositories/snapshots/io/fabric8/kubernetes-client-bom/5.12.4/kubernetes-client-bom-5.12.4.pom.sha1
2025.10.16 21:27:04 INFO  BSP server: Downloading https://oss.sonatype.org/content/repositories/snapshots/jakarta/platform/jakarta.jakartaee-bom/9.1.0/jakarta.jakartaee-bom-9.1.0.pom.sha1
2025.10.16 21:27:04 INFO  BSP server: Downloaded https://central.sonatype.com/repository/maven-snapshots/org/eclipse/jetty/jetty-bom/9.4.54.v20240208/jetty-bom-9.4.54.v20240208.pom
2025.10.16 21:27:04 INFO  BSP server: Downloading https://s01.oss.sonatype.org/content/repositories/snapshots/com/fasterxml/jackson/jackson-bom/2.16.1/jackson-bom-2.16.1.pom.sha1
2025.10.16 21:27:04 INFO  BSP server: Downloaded https://oss.sonatype.org/content/repositories/snapshots/jakarta/platform/jakarta.jakartaee-bom/9.1.0/jakarta.jakartaee-bom-9.1.0.pom.sha1
2025.10.16 21:27:04 INFO  BSP server: Downloading https://central.sonatype.com/repository/maven-snapshots/org/eclipse/jetty/jetty-bom/9.4.54.v20240208/jetty-bom-9.4.54.v20240208.pom.sha1
2025.10.16 21:27:04 INFO  BSP server: Downloaded https://s01.oss.sonatype.org/content/repositories/snapshots/io/netty/netty-bom/4.1.107.Final/netty-bom-4.1.107.Final.pom
2025.10.16 21:27:04 INFO  BSP server: Downloading https://central.sonatype.com/repository/maven-snapshots/io/fabric8/kubernetes-client-bom/5.12.4/kubernetes-client-bom-5.12.4.pom
2025.10.16 21:27:04 INFO  BSP server: Downloaded https://central.sonatype.com/repository/maven-snapshots/org/codehaus/groovy/groovy-bom/3.0.20/groovy-bom-3.0.20.pom
2025.10.16 21:27:04 INFO  BSP server: Downloading https://s01.oss.sonatype.org/content/repositories/snapshots/io/netty/netty-bom/4.1.107.Final/netty-bom-4.1.107.Final.pom.sha1
2025.10.16 21:27:04 INFO  BSP server: Downloaded https://s01.oss.sonatype.org/content/repositories/snapshots/com/fasterxml/jackson/jackson-bom/2.16.1/jackson-bom-2.16.1.pom.sha1
2025.10.16 21:27:04 INFO  BSP server: Downloading https://s01.oss.sonatype.org/content/repositories/snapshots/jakarta/platform/jakarta.jakartaee-bom/9.1.0/jakarta.jakartaee-bom-9.1.0.pom
2025.10.16 21:27:04 INFO  BSP server: Downloaded https://s01.oss.sonatype.org/content/repositories/snapshots/jakarta/platform/jakarta.jakartaee-bom/9.1.0/jakarta.jakartaee-bom-9.1.0.pom
2025.10.16 21:27:04 INFO  BSP server: Downloading https://central.sonatype.com/repository/maven-snapshots/org/codehaus/groovy/groovy-bom/3.0.20/groovy-bom-3.0.20.pom.sha1
2025.10.16 21:27:04 INFO  BSP server: Downloaded https://central.sonatype.com/repository/maven-snapshots/org/springframework/spring-framework-bom/5.3.32/spring-framework-bom-5.3.32.pom
2025.10.16 21:27:04 INFO  BSP server: Downloading https://s01.oss.sonatype.org/content/repositories/snapshots/jakarta/platform/jakarta.jakartaee-bom/9.1.0/jakarta.jakartaee-bom-9.1.0.pom.sha1
2025.10.16 21:27:04 INFO  BSP server: Downloaded https://s01.oss.sonatype.org/content/repositories/snapshots/io/netty/netty-bom/4.1.107.Final/netty-bom-4.1.107.Final.pom.sha1
2025.10.16 21:27:04 INFO  BSP server: Downloaded https://s01.oss.sonatype.org/content/repositories/snapshots/org/mockito/mockito-bom/4.11.0/mockito-bom-4.11.0.pom.sha1
2025.10.16 21:27:04 INFO  BSP server: Downloading https://central.sonatype.com/repository/maven-snapshots/org/springframework/spring-framework-bom/5.3.32/spring-framework-bom-5.3.32.pom.sha1
2025.10.16 21:27:04 INFO  BSP server: Downloading https://central.sonatype.com/repository/maven-snapshots/com/fasterxml/jackson/jackson-bom/2.16.1/jackson-bom-2.16.1.pom
2025.10.16 21:27:04 INFO  BSP server: Downloaded https://s01.oss.sonatype.org/content/repositories/snapshots/jakarta/platform/jakarta.jakartaee-bom/9.1.0/jakarta.jakartaee-bom-9.1.0.pom.sha1
2025.10.16 21:27:04 INFO  BSP server: Downloading https://central.sonatype.com/repository/maven-snapshots/io/netty/netty-bom/4.1.107.Final/netty-bom-4.1.107.Final.pom
2025.10.16 21:27:04 INFO  BSP server: Downloaded https://central.sonatype.com/repository/maven-snapshots/org/eclipse/jetty/jetty-bom/9.4.54.v20240208/jetty-bom-9.4.54.v20240208.pom.sha1
2025.10.16 21:27:04 INFO  BSP server: Downloading https://central.sonatype.com/repository/maven-snapshots/org/mockito/mockito-bom/4.11.0/mockito-bom-4.11.0.pom
2025.10.16 21:27:04 INFO  BSP server: Downloaded https://central.sonatype.com/repository/maven-snapshots/io/fabric8/kubernetes-client-bom/5.12.4/kubernetes-client-bom-5.12.4.pom
2025.10.16 21:27:04 INFO  BSP server: Downloading https://central.sonatype.com/repository/maven-snapshots/jakarta/platform/jakarta.jakartaee-bom/9.1.0/jakarta.jakartaee-bom-9.1.0.pom
2025.10.16 21:27:05 INFO  BSP server: Downloaded https://central.sonatype.com/repository/maven-snapshots/org/codehaus/groovy/groovy-bom/3.0.20/groovy-bom-3.0.20.pom.sha1
2025.10.16 21:27:05 INFO  BSP server: Downloading https://central.sonatype.com/repository/maven-snapshots/io/fabric8/kubernetes-client-bom/5.12.4/kubernetes-client-bom-5.12.4.pom.sha1
2025.10.16 21:27:05 INFO  BSP server: Downloaded https://central.sonatype.com/repository/maven-snapshots/org/springframework/spring-framework-bom/5.3.32/spring-framework-bom-5.3.32.pom.sha1
2025.10.16 21:27:05 INFO  BSP server: Downloading https://repo.scala-lang.org/artifactory/maven-nightlies/org/eclipse/jetty/jetty-bom/9.4.54.v20240208/jetty-bom-9.4.54.v20240208.pom
2025.10.16 21:27:05 INFO  BSP server: Downloaded https://central.sonatype.com/repository/maven-snapshots/com/fasterxml/jackson/jackson-bom/2.16.1/jackson-bom-2.16.1.pom
2025.10.16 21:27:05 INFO  BSP server: Downloading https://repo.scala-lang.org/artifactory/maven-nightlies/org/codehaus/groovy/groovy-bom/3.0.20/groovy-bom-3.0.20.pom
2025.10.16 21:27:05 INFO  BSP server: Downloaded https://central.sonatype.com/repository/maven-snapshots/io/netty/netty-bom/4.1.107.Final/netty-bom-4.1.107.Final.pom
2025.10.16 21:27:05 INFO  BSP server: Downloading https://central.sonatype.com/repository/maven-snapshots/com/fasterxml/jackson/jackson-bom/2.16.1/jackson-bom-2.16.1.pom.sha1
2025.10.16 21:27:05 INFO  BSP server: Downloaded https://central.sonatype.com/repository/maven-snapshots/org/mockito/mockito-bom/4.11.0/mockito-bom-4.11.0.pom
2025.10.16 21:27:05 INFO  BSP server: Downloading https://repo.scala-lang.org/artifactory/maven-nightlies/org/springframework/spring-framework-bom/5.3.32/spring-framework-bom-5.3.32.pom
2025.10.16 21:27:05 INFO  BSP server: Downloaded https://central.sonatype.com/repository/maven-snapshots/jakarta/platform/jakarta.jakartaee-bom/9.1.0/jakarta.jakartaee-bom-9.1.0.pom
2025.10.16 21:27:05 INFO  BSP server: Downloading https://central.sonatype.com/repository/maven-snapshots/io/netty/netty-bom/4.1.107.Final/netty-bom-4.1.107.Final.pom.sha1
2025.10.16 21:27:05 INFO  BSP server: Downloaded https://repo.scala-lang.org/artifactory/maven-nightlies/org/eclipse/jetty/jetty-bom/9.4.54.v20240208/jetty-bom-9.4.54.v20240208.pom
2025.10.16 21:27:05 INFO  BSP server: Downloading https://central.sonatype.com/repository/maven-snapshots/org/mockito/mockito-bom/4.11.0/mockito-bom-4.11.0.pom.sha1
2025.10.16 21:27:05 INFO  BSP server: Downloaded https://repo.scala-lang.org/artifactory/maven-nightlies/org/springframework/spring-framework-bom/5.3.32/spring-framework-bom-5.3.32.pom
2025.10.16 21:27:05 INFO  BSP server: Downloading https://central.sonatype.com/repository/maven-snapshots/jakarta/platform/jakarta.jakartaee-bom/9.1.0/jakarta.jakartaee-bom-9.1.0.pom.sha1
2025.10.16 21:27:05 INFO  BSP server: Downloaded https://repo.scala-lang.org/artifactory/maven-nightlies/org/codehaus/groovy/groovy-bom/3.0.20/groovy-bom-3.0.20.pom
2025.10.16 21:27:05 INFO  BSP server: Downloading https://repo.scala-lang.org/artifactory/maven-nightlies/org/eclipse/jetty/jetty-bom/9.4.54.v20240208/jetty-bom-9.4.54.v20240208.pom.sha1
2025.10.16 21:27:05 INFO  BSP server: Downloaded https://central.sonatype.com/repository/maven-snapshots/io/fabric8/kubernetes-client-bom/5.12.4/kubernetes-client-bom-5.12.4.pom.sha1
2025.10.16 21:27:05 INFO  BSP server: Downloading https://repo.scala-lang.org/artifactory/maven-nightlies/org/springframework/spring-framework-bom/5.3.32/spring-framework-bom-5.3.32.pom.sha1
2025.10.16 21:27:05 INFO  BSP server: Downloaded https://repo.scala-lang.org/artifactory/maven-nightlies/org/eclipse/jetty/jetty-bom/9.4.54.v20240208/jetty-bom-9.4.54.v20240208.pom.sha1
2025.10.16 21:27:05 INFO  BSP server: Downloading https://repo.scala-lang.org/artifactory/maven-nightlies/org/codehaus/groovy/groovy-bom/3.0.20/groovy-bom-3.0.20.pom.sha1
2025.10.16 21:27:05 INFO  BSP server: Downloaded https://central.sonatype.com/repository/maven-snapshots/com/fasterxml/jackson/jackson-bom/2.16.1/jackson-bom-2.16.1.pom.sha1
2025.10.16 21:27:05 INFO  BSP server: Downloading https://repo.scala-lang.org/artifactory/maven-nightlies/io/fabric8/kubernetes-client-bom/5.12.4/kubernetes-client-bom-5.12.4.pom
2025.10.16 21:27:05 INFO  BSP server: Downloaded https://repo.scala-lang.org/artifactory/maven-nightlies/org/springframework/spring-framework-bom/5.3.32/spring-framework-bom-5.3.32.pom.sha1
2025.10.16 21:27:05 INFO  BSP server: Downloading https://repo.scala-lang.org/artifactory/maven-nightlies/com/fasterxml/jackson/jackson-bom/2.16.1/jackson-bom-2.16.1.pom
2025.10.16 21:27:05 INFO  BSP server: Downloaded https://central.sonatype.com/repository/maven-snapshots/io/netty/netty-bom/4.1.107.Final/netty-bom-4.1.107.Final.pom.sha1
2025.10.16 21:27:05 INFO  BSP server: Downloading https://repo.scala-lang.org/artifactory/maven-nightlies/io/netty/netty-bom/4.1.107.Final/netty-bom-4.1.107.Final.pom
2025.10.16 21:27:05 INFO  BSP server: Downloaded https://central.sonatype.com/repository/maven-snapshots/org/mockito/mockito-bom/4.11.0/mockito-bom-4.11.0.pom.sha1
2025.10.16 21:27:05 INFO  BSP server: Downloading https://repo.scala-lang.org/artifactory/maven-nightlies/org/mockito/mockito-bom/4.11.0/mockito-bom-4.11.0.pom
2025.10.16 21:27:06 INFO  BSP server: Downloaded https://repo.scala-lang.org/artifactory/maven-nightlies/com/fasterxml/jackson/jackson-bom/2.16.1/jackson-bom-2.16.1.pom
2025.10.16 21:27:06 INFO  BSP server: Downloaded https://central.sonatype.com/repository/maven-snapshots/jakarta/platform/jakarta.jakartaee-bom/9.1.0/jakarta.jakartaee-bom-9.1.0.pom.sha1
2025.10.16 21:27:06 INFO  BSP server: Downloading https://repo.scala-lang.org/artifactory/maven-nightlies/jakarta/platform/jakarta.jakartaee-bom/9.1.0/jakarta.jakartaee-bom-9.1.0.pom
2025.10.16 21:27:06 INFO  BSP server: Downloaded https://repo.scala-lang.org/artifactory/maven-nightlies/org/codehaus/groovy/groovy-bom/3.0.20/groovy-bom-3.0.20.pom.sha1
2025.10.16 21:27:06 INFO  BSP server: Downloaded https://repo.scala-lang.org/artifactory/maven-nightlies/org/mockito/mockito-bom/4.11.0/mockito-bom-4.11.0.pom
2025.10.16 21:27:06 INFO  BSP server: Downloading https://repo.scala-lang.org/artifactory/maven-nightlies/org/mockito/mockito-bom/4.11.0/mockito-bom-4.11.0.pom.sha1
2025.10.16 21:27:06 INFO  BSP server: Downloaded https://repo.scala-lang.org/artifactory/maven-nightlies/io/fabric8/kubernetes-client-bom/5.12.4/kubernetes-client-bom-5.12.4.pom
2025.10.16 21:27:06 INFO  BSP server: Downloading https://repo.scala-lang.org/artifactory/maven-nightlies/io/fabric8/kubernetes-client-bom/5.12.4/kubernetes-client-bom-5.12.4.pom.sha1
2025.10.16 21:27:06 INFO  BSP server: Downloaded https://repo.scala-lang.org/artifactory/maven-nightlies/jakarta/platform/jakarta.jakartaee-bom/9.1.0/jakarta.jakartaee-bom-9.1.0.pom
2025.10.16 21:27:06 INFO  BSP server: Downloading https://repo.scala-lang.org/artifactory/maven-nightlies/jakarta/platform/jakarta.jakartaee-bom/9.1.0/jakarta.jakartaee-bom-9.1.0.pom.sha1
2025.10.16 21:27:06 INFO  BSP server: Downloaded https://repo.scala-lang.org/artifactory/maven-nightlies/io/netty/netty-bom/4.1.107.Final/netty-bom-4.1.107.Final.pom
2025.10.16 21:27:06 INFO  BSP server: Downloading https://repo.scala-lang.org/artifactory/maven-nightlies/io/netty/netty-bom/4.1.107.Final/netty-bom-4.1.107.Final.pom.sha1
2025.10.16 21:27:06 INFO  BSP server: Downloaded https://repo.scala-lang.org/artifactory/maven-nightlies/org/mockito/mockito-bom/4.11.0/mockito-bom-4.11.0.pom.sha1
2025.10.16 21:27:06 INFO  BSP server: Downloaded https://repo.scala-lang.org/artifactory/maven-nightlies/io/netty/netty-bom/4.1.107.Final/netty-bom-4.1.107.Final.pom.sha1
2025.10.16 21:27:06 INFO  BSP server: Downloaded https://repo.scala-lang.org/artifactory/maven-nightlies/io/fabric8/kubernetes-client-bom/5.12.4/kubernetes-client-bom-5.12.4.pom.sha1
2025.10.16 21:27:06 INFO  BSP server: Downloaded https://repo.scala-lang.org/artifactory/maven-nightlies/jakarta/platform/jakarta.jakartaee-bom/9.1.0/jakarta.jakartaee-bom-9.1.0.pom.sha1
2025.10.16 21:27:06 INFO  BSP server: Downloading https://oss.sonatype.org/content/repositories/snapshots/com/fasterxml/jackson/jackson-parent/2.16/jackson-parent-2.16.pom
2025.10.16 21:27:06 INFO  BSP server: Downloading https://oss.sonatype.org/content/repositories/snapshots/jakarta/platform/jakartaee-api-parent/9.1.0/jakartaee-api-parent-9.1.0.pom
2025.10.16 21:27:06 INFO  BSP server: Downloaded https://oss.sonatype.org/content/repositories/snapshots/com/fasterxml/jackson/jackson-parent/2.16/jackson-parent-2.16.pom
2025.10.16 21:27:06 INFO  BSP server: Downloading https://oss.sonatype.org/content/repositories/snapshots/com/fasterxml/jackson/jackson-parent/2.16/jackson-parent-2.16.pom.sha1
2025.10.16 21:27:06 INFO  BSP server: Downloaded https://oss.sonatype.org/content/repositories/snapshots/jakarta/platform/jakartaee-api-parent/9.1.0/jakartaee-api-parent-9.1.0.pom
2025.10.16 21:27:06 INFO  BSP server: Downloading https://oss.sonatype.org/content/repositories/snapshots/jakarta/platform/jakartaee-api-parent/9.1.0/jakartaee-api-parent-9.1.0.pom.sha1
2025.10.16 21:27:06 INFO  BSP server: Downloaded https://oss.sonatype.org/content/repositories/snapshots/com/fasterxml/jackson/jackson-parent/2.16/jackson-parent-2.16.pom.sha1
2025.10.16 21:27:06 INFO  BSP server: Downloading https://s01.oss.sonatype.org/content/repositories/snapshots/com/fasterxml/jackson/jackson-parent/2.16/jackson-parent-2.16.pom
2025.10.16 21:27:06 INFO  BSP server: Downloaded https://oss.sonatype.org/content/repositories/snapshots/jakarta/platform/jakartaee-api-parent/9.1.0/jakartaee-api-parent-9.1.0.pom.sha1
2025.10.16 21:27:06 INFO  BSP server: Downloading https://s01.oss.sonatype.org/content/repositories/snapshots/jakarta/platform/jakartaee-api-parent/9.1.0/jakartaee-api-parent-9.1.0.pom
2025.10.16 21:27:06 INFO  BSP server: Downloaded https://s01.oss.sonatype.org/content/repositories/snapshots/com/fasterxml/jackson/jackson-parent/2.16/jackson-parent-2.16.pom
2025.10.16 21:27:06 INFO  BSP server: Downloading https://s01.oss.sonatype.org/content/repositories/snapshots/com/fasterxml/jackson/jackson-parent/2.16/jackson-parent-2.16.pom.sha1
2025.10.16 21:27:06 INFO  BSP server: Downloaded https://s01.oss.sonatype.org/content/repositories/snapshots/jakarta/platform/jakartaee-api-parent/9.1.0/jakartaee-api-parent-9.1.0.pom
2025.10.16 21:27:06 INFO  BSP server: Downloading https://s01.oss.sonatype.org/content/repositories/snapshots/jakarta/platform/jakartaee-api-parent/9.1.0/jakartaee-api-parent-9.1.0.pom.sha1
2025.10.16 21:27:08 INFO  BSP server: Downloaded https://s01.oss.sonatype.org/content/repositories/snapshots/com/fasterxml/jackson/jackson-parent/2.16/jackson-parent-2.16.pom.sha1
2025.10.16 21:27:08 INFO  BSP server: Downloading https://central.sonatype.com/repository/maven-snapshots/com/fasterxml/jackson/jackson-parent/2.16/jackson-parent-2.16.pom
2025.10.16 21:27:08 INFO  BSP server: Downloaded https://s01.oss.sonatype.org/content/repositories/snapshots/jakarta/platform/jakartaee-api-parent/9.1.0/jakartaee-api-parent-9.1.0.pom.sha1
2025.10.16 21:27:08 INFO  BSP server: Downloading https://central.sonatype.com/repository/maven-snapshots/jakarta/platform/jakartaee-api-parent/9.1.0/jakartaee-api-parent-9.1.0.pom
2025.10.16 21:27:08 INFO  BSP server: Downloaded https://central.sonatype.com/repository/maven-snapshots/jakarta/platform/jakartaee-api-parent/9.1.0/jakartaee-api-parent-9.1.0.pom
2025.10.16 21:27:08 INFO  BSP server: Downloading https://central.sonatype.com/repository/maven-snapshots/jakarta/platform/jakartaee-api-parent/9.1.0/jakartaee-api-parent-9.1.0.pom.sha1
2025.10.16 21:27:10 INFO  BSP server: Downloaded https://central.sonatype.com/repository/maven-snapshots/jakarta/platform/jakartaee-api-parent/9.1.0/jakartaee-api-parent-9.1.0.pom.sha1
2025.10.16 21:27:10 INFO  BSP server: Downloading https://repo.scala-lang.org/artifactory/maven-nightlies/jakarta/platform/jakartaee-api-parent/9.1.0/jakartaee-api-parent-9.1.0.pom
2025.10.16 21:27:10 INFO  BSP server: Downloaded https://repo.scala-lang.org/artifactory/maven-nightlies/jakarta/platform/jakartaee-api-parent/9.1.0/jakartaee-api-parent-9.1.0.pom
2025.10.16 21:27:10 INFO  BSP server: Downloading https://repo.scala-lang.org/artifactory/maven-nightlies/jakarta/platform/jakartaee-api-parent/9.1.0/jakartaee-api-parent-9.1.0.pom.sha1
2025.10.16 21:27:10 INFO  BSP server: Downloaded https://repo.scala-lang.org/artifactory/maven-nightlies/jakarta/platform/jakartaee-api-parent/9.1.0/jakartaee-api-parent-9.1.0.pom.sha1
2025.10.16 21:27:12 INFO  BSP server: Downloaded https://central.sonatype.com/repository/maven-snapshots/com/fasterxml/jackson/jackson-parent/2.16/jackson-parent-2.16.pom
2025.10.16 21:27:12 INFO  BSP server: Downloading https://central.sonatype.com/repository/maven-snapshots/com/fasterxml/jackson/jackson-parent/2.16/jackson-parent-2.16.pom.sha1
2025.10.16 21:27:12 INFO  BSP server: Downloaded https://central.sonatype.com/repository/maven-snapshots/com/fasterxml/jackson/jackson-parent/2.16/jackson-parent-2.16.pom.sha1
2025.10.16 21:27:12 INFO  BSP server: Downloading https://repo.scala-lang.org/artifactory/maven-nightlies/com/fasterxml/jackson/jackson-parent/2.16/jackson-parent-2.16.pom
2025.10.16 21:27:12 INFO  BSP server: Downloaded https://repo.scala-lang.org/artifactory/maven-nightlies/com/fasterxml/jackson/jackson-parent/2.16/jackson-parent-2.16.pom
2025.10.16 21:27:12 INFO  BSP server: Downloading https://oss.sonatype.org/content/repositories/snapshots/com/fasterxml/oss-parent/56/oss-parent-56.pom
2025.10.16 21:27:13 INFO  BSP server: Downloaded https://oss.sonatype.org/content/repositories/snapshots/com/fasterxml/oss-parent/56/oss-parent-56.pom
2025.10.16 21:27:13 INFO  BSP server: Downloading https://oss.sonatype.org/content/repositories/snapshots/com/fasterxml/oss-parent/56/oss-parent-56.pom.sha1
2025.10.16 21:27:13 INFO  BSP server: Downloaded https://oss.sonatype.org/content/repositories/snapshots/com/fasterxml/oss-parent/56/oss-parent-56.pom.sha1
2025.10.16 21:27:13 INFO  BSP server: Downloading https://s01.oss.sonatype.org/content/repositories/snapshots/com/fasterxml/oss-parent/56/oss-parent-56.pom
2025.10.16 21:27:13 INFO  BSP server: Downloaded https://s01.oss.sonatype.org/content/repositories/snapshots/com/fasterxml/oss-parent/56/oss-parent-56.pom
2025.10.16 21:27:13 INFO  BSP server: Downloading https://s01.oss.sonatype.org/content/repositories/snapshots/com/fasterxml/oss-parent/56/oss-parent-56.pom.sha1
2025.10.16 21:27:14 INFO  BSP server: Downloaded https://s01.oss.sonatype.org/content/repositories/snapshots/com/fasterxml/oss-parent/56/oss-parent-56.pom.sha1
2025.10.16 21:27:14 INFO  BSP server: Downloading https://central.sonatype.com/repository/maven-snapshots/com/fasterxml/oss-parent/56/oss-parent-56.pom
2025.10.16 21:27:14 INFO  BSP server: Downloaded https://central.sonatype.com/repository/maven-snapshots/com/fasterxml/oss-parent/56/oss-parent-56.pom
2025.10.16 21:27:14 INFO  BSP server: Downloading https://central.sonatype.com/repository/maven-snapshots/com/fasterxml/oss-parent/56/oss-parent-56.pom.sha1
2025.10.16 21:27:16 ERROR Timeout waiting for 'build/initialize' response
2025.10.16 21:27:16 WARN  Retrying connection to the build server scala-cli
2025.10.16 21:27:16 INFO  Running BSP server List(C:\Users\justi\AppData\Local\Coursier\data\bin\.scala-cli.aux.exe, bsp, --json-options, C:\Users\justi\OneDrive\Desktop\Semester 3\.scala-build\ide-options-v2.json, --json-launcher-options, C:\Users\justi\OneDrive\Desktop\Semester 3\.scala-build\ide-launcher-options.json, --envs-file, C:\Users\justi\OneDrive\Desktop\Semester 3\.scala-build\ide-envs.json, C:\Users\justi\OneDrive\Desktop\Semester 3)
2025.10.16 21:27:16 INFO  tracing is disabled for protocol BSP, to enable tracing of incoming and outgoing JSON messages create an empty file at C:\Users\justi\OneDrive\Desktop\Semester 3\.metals\bsp.trace.json or C:\Users\justi\AppData\Local\scalameta\metals\cache\bsp.trace.json
2025.10.16 21:27:16 INFO  BSP server: Downloading https://oss.sonatype.org/content/repositories/snapshots/com/fasterxml/oss-parent/56/oss-parent-56.pom
2025.10.16 21:27:16 INFO  BSP server: Downloaded https://oss.sonatype.org/content/repositories/snapshots/com/fasterxml/oss-parent/56/oss-parent-56.pom
2025.10.16 21:27:16 INFO  BSP server: Downloading https://oss.sonatype.org/content/repositories/snapshots/com/fasterxml/oss-parent/56/oss-parent-56.pom.sha1
2025.10.16 21:27:16 INFO  BSP server: Downloaded https://oss.sonatype.org/content/repositories/snapshots/com/fasterxml/oss-parent/56/oss-parent-56.pom.sha1
2025.10.16 21:27:16 INFO  BSP server: Downloading https://s01.oss.sonatype.org/content/repositories/snapshots/com/fasterxml/oss-parent/56/oss-parent-56.pom
2025.10.16 21:27:16 INFO  BSP server: Downloaded https://s01.oss.sonatype.org/content/repositories/snapshots/com/fasterxml/oss-parent/56/oss-parent-56.pom
2025.10.16 21:27:16 INFO  BSP server: Downloading https://s01.oss.sonatype.org/content/repositories/snapshots/com/fasterxml/oss-parent/56/oss-parent-56.pom.sha1
2025.10.16 21:27:16 INFO  BSP server: Downloaded https://s01.oss.sonatype.org/content/repositories/snapshots/com/fasterxml/oss-parent/56/oss-parent-56.pom.sha1
2025.10.16 21:27:16 INFO  BSP server: Downloading https://central.sonatype.com/repository/maven-snapshots/com/fasterxml/oss-parent/56/oss-parent-56.pom
2025.10.16 21:27:18 INFO  BSP server: Downloaded https://central.sonatype.com/repository/maven-snapshots/com/fasterxml/oss-parent/56/oss-parent-56.pom
2025.10.16 21:27:18 INFO  BSP server: Downloading https://central.sonatype.com/repository/maven-snapshots/com/fasterxml/oss-parent/56/oss-parent-56.pom.sha1
2025.10.16 21:27:18 INFO  BSP server: Downloaded https://central.sonatype.com/repository/maven-snapshots/com/fasterxml/oss-parent/56/oss-parent-56.pom.sha1
2025.10.16 21:27:18 INFO  BSP server: Downloading https://repo.scala-lang.org/artifactory/maven-nightlies/com/fasterxml/oss-parent/56/oss-parent-56.pom
2025.10.16 21:27:19 INFO  BSP server: Downloaded https://repo.scala-lang.org/artifactory/maven-nightlies/com/fasterxml/oss-parent/56/oss-parent-56.pom
2025.10.16 21:27:19 INFO  BSP server: Downloading https://oss.sonatype.org/content/repositories/snapshots/io/get-coursier/util/directories/0.1.2/directories-0.1.2.pom
2025.10.16 21:27:19 INFO  BSP server: Downloading https://oss.sonatype.org/content/repositories/snapshots/io/zipkin/reporter2/zipkin-reporter/2.17.2/zipkin-reporter-2.17.2.pom
2025.10.16 21:27:19 INFO  BSP server: Downloading https://oss.sonatype.org/content/repositories/snapshots/com/chuusai/shapeless_2.12/2.3.3/shapeless_2.12-2.3.3.pom
2025.10.16 21:27:19 INFO  BSP server: Downloading https://oss.sonatype.org/content/repositories/snapshots/com/eed3si9n/sjson-new-core_2.12/0.10.1/sjson-new-core_2.12-0.10.1.pom
2025.10.16 21:27:19 INFO  BSP server: Downloading https://oss.sonatype.org/content/repositories/snapshots/org/jctools/jctools-core/2.1.2/jctools-core-2.1.2.pom
2025.10.16 21:27:19 INFO  BSP server: Downloading https://oss.sonatype.org/content/repositories/snapshots/net/java/dev/jna/jna-platform/4.4.0/jna-platform-4.4.0.pom
2025.10.16 21:27:19 INFO  BSP server: Downloaded https://oss.sonatype.org/content/repositories/snapshots/io/get-coursier/util/directories/0.1.2/directories-0.1.2.pom
2025.10.16 21:27:19 INFO  BSP server: Downloading https://oss.sonatype.org/content/repositories/snapshots/io/zipkin/zipkin2/zipkin/2.27.0/zipkin-2.27.0.pom
2025.10.16 21:27:19 INFO  BSP server: Downloaded https://oss.sonatype.org/content/repositories/snapshots/io/zipkin/zipkin2/zipkin/2.27.0/zipkin-2.27.0.pom
2025.10.16 21:27:19 INFO  BSP server: Downloading https://oss.sonatype.org/content/repositories/snapshots/io/zipkin/reporter2/zipkin-reporter-brave/2.17.2/zipkin-reporter-brave-2.17.2.pom
2025.10.16 21:27:19 INFO  BSP server: Downloaded https://oss.sonatype.org/content/repositories/snapshots/io/zipkin/reporter2/zipkin-reporter/2.17.2/zipkin-reporter-2.17.2.pom
2025.10.16 21:27:19 INFO  BSP server: Downloading https://oss.sonatype.org/content/repositories/snapshots/com/outr/scribe_2.12/3.5.5/scribe_2.12-3.5.5.pom
2025.10.16 21:27:19 INFO  BSP server: Downloaded https://oss.sonatype.org/content/repositories/snapshots/io/zipkin/reporter2/zipkin-reporter-brave/2.17.2/zipkin-reporter-brave-2.17.2.pom
2025.10.16 21:27:19 INFO  BSP server: Downloaded https://oss.sonatype.org/content/repositories/snapshots/net/java/dev/jna/jna-platform/4.4.0/jna-platform-4.4.0.pom
2025.10.16 21:27:19 INFO  BSP server: Downloading https://oss.sonatype.org/content/repositories/snapshots/io/monix/implicitbox_2.12/0.2.0/implicitbox_2.12-0.2.0.pom
2025.10.16 21:27:19 INFO  BSP server: Downloading https://oss.sonatype.org/content/repositories/snapshots/com/lihaoyi/fansi_2.12/0.5.0/fansi_2.12-0.5.0.pom
2025.10.16 21:27:19 INFO  BSP server: Downloaded https://oss.sonatype.org/content/repositories/snapshots/org/jctools/jctools-core/2.1.2/jctools-core-2.1.2.pom
2025.10.16 21:27:19 INFO  BSP server: Downloading https://oss.sonatype.org/content/repositories/snapshots/org/scala-sbt/zinc-persist_2.12/1.10.8/zinc-persist_2.12-1.10.8.pom
2025.10.16 21:27:19 INFO  BSP server: Downloaded https://oss.sonatype.org/content/repositories/snapshots/com/eed3si9n/sjson-new-core_2.12/0.10.1/sjson-new-core_2.12-0.10.1.pom
2025.10.16 21:27:19 INFO  BSP server: Downloading https://oss.sonatype.org/content/repositories/snapshots/org/scala-sbt/zinc-compile-core_2.12/1.10.8/zinc-compile-core_2.12-1.10.8.pom
2025.10.16 21:27:19 INFO  BSP server: Downloaded https://oss.sonatype.org/content/repositories/snapshots/com/chuusai/shapeless_2.12/2.3.3/shapeless_2.12-2.3.3.pom
2025.10.16 21:27:19 INFO  BSP server: Downloading https://oss.sonatype.org/content/repositories/snapshots/io/get-coursier/util/directories/0.1.2/directories-0.1.2.pom.sha1
2025.10.16 21:27:19 INFO  BSP server: Downloaded https://oss.sonatype.org/content/repositories/snapshots/com/outr/scribe_2.12/3.5.5/scribe_2.12-3.5.5.pom
2025.10.16 21:27:19 INFO  BSP server: Downloading https://oss.sonatype.org/content/repositories/snapshots/org/typelevel/cats-effect_2.12/2.1.3/cats-effect_2.12-2.1.3.pom
2025.10.16 21:27:19 INFO  BSP server: Downloaded https://oss.sonatype.org/content/repositories/snapshots/com/lihaoyi/fansi_2.12/0.5.0/fansi_2.12-0.5.0.pom
2025.10.16 21:27:19 INFO  BSP server: Downloading https://oss.sonatype.org/content/repositories/snapshots/org/scala-sbt/zinc-core_2.12/1.10.8/zinc-core_2.12-1.10.8.pom
2025.10.16 21:27:19 INFO  BSP server: Downloaded https://oss.sonatype.org/content/repositories/snapshots/io/monix/implicitbox_2.12/0.2.0/implicitbox_2.12-0.2.0.pom
2025.10.16 21:27:19 INFO  BSP server: Downloading https://oss.sonatype.org/content/repositories/snapshots/org/scalameta/trees_2.12/4.13.8/trees_2.12-4.13.8.pom
2025.10.16 21:27:19 INFO  BSP server: Downloaded https://oss.sonatype.org/content/repositories/snapshots/org/scala-sbt/zinc-persist_2.12/1.10.8/zinc-persist_2.12-1.10.8.pom
2025.10.16 21:27:19 INFO  BSP server: Downloaded https://oss.sonatype.org/content/repositories/snapshots/org/scala-sbt/zinc-compile-core_2.12/1.10.8/zinc-compile-core_2.12-1.10.8.pom
2025.10.16 21:27:19 INFO  BSP server: Downloading https://oss.sonatype.org/content/repositories/snapshots/io/zipkin/zipkin2/zipkin/2.27.0/zipkin-2.27.0.pom.sha1
2025.10.16 21:27:19 INFO  BSP server: Downloading https://oss.sonatype.org/content/repositories/snapshots/io/zipkin/reporter2/zipkin-reporter/2.17.2/zipkin-reporter-2.17.2.pom.sha1
2025.10.16 21:27:19 INFO  BSP server: Downloaded https://oss.sonatype.org/content/repositories/snapshots/org/typelevel/cats-effect_2.12/2.1.3/cats-effect_2.12-2.1.3.pom
2025.10.16 21:27:19 INFO  BSP server: Downloading https://oss.sonatype.org/content/repositories/snapshots/io/zipkin/reporter2/zipkin-reporter-brave/2.17.2/zipkin-reporter-brave-2.17.2.pom.sha1
2025.10.16 21:27:19 INFO  BSP server: Downloaded https://oss.sonatype.org/content/repositories/snapshots/org/scala-sbt/zinc-core_2.12/1.10.8/zinc-core_2.12-1.10.8.pom
2025.10.16 21:27:19 INFO  BSP server: Downloading https://oss.sonatype.org/content/repositories/snapshots/org/apache/logging/log4j/log4j-api/2.23.0/log4j-api-2.23.0.pom
2025.10.16 21:27:19 INFO  BSP server: Downloaded https://oss.sonatype.org/content/repositories/snapshots/org/scalameta/trees_2.12/4.13.8/trees_2.12-4.13.8.pom
2025.10.16 21:27:19 INFO  BSP server: Downloading https://oss.sonatype.org/content/repositories/snapshots/net/java/dev/jna/jna-platform/4.4.0/jna-platform-4.4.0.pom.sha1
2025.10.16 21:27:19 INFO  BSP server: Downloaded https://oss.sonatype.org/content/repositories/snapshots/io/zipkin/zipkin2/zipkin/2.27.0/zipkin-2.27.0.pom.sha1
2025.10.16 21:27:19 INFO  BSP server: Downloading https://oss.sonatype.org/content/repositories/snapshots/org/jctools/jctools-core/2.1.2/jctools-core-2.1.2.pom.sha1
2025.10.16 21:27:19 INFO  BSP server: Downloaded https://oss.sonatype.org/content/repositories/snapshots/io/zipkin/reporter2/zipkin-reporter/2.17.2/zipkin-reporter-2.17.2.pom.sha1
2025.10.16 21:27:19 INFO  BSP server: Downloading https://oss.sonatype.org/content/repositories/snapshots/com/eed3si9n/sjson-new-core_2.12/0.10.1/sjson-new-core_2.12-0.10.1.pom.sha1
2025.10.16 21:27:19 INFO  BSP server: Downloaded https://oss.sonatype.org/content/repositories/snapshots/io/get-coursier/util/directories/0.1.2/directories-0.1.2.pom.sha1
2025.10.16 21:27:19 INFO  BSP server: Downloading https://oss.sonatype.org/content/repositories/snapshots/com/chuusai/shapeless_2.12/2.3.3/shapeless_2.12-2.3.3.pom.sha1
2025.10.16 21:27:19 INFO  BSP server: Downloaded https://oss.sonatype.org/content/repositories/snapshots/io/zipkin/reporter2/zipkin-reporter-brave/2.17.2/zipkin-reporter-brave-2.17.2.pom.sha1
2025.10.16 21:27:19 INFO  BSP server: Downloading https://oss.sonatype.org/content/repositories/snapshots/com/outr/scribe_2.12/3.5.5/scribe_2.12-3.5.5.pom.sha1
2025.10.16 21:27:19 INFO  BSP server: Downloaded https://oss.sonatype.org/content/repositories/snapshots/org/apache/logging/log4j/log4j-api/2.23.0/log4j-api-2.23.0.pom
2025.10.16 21:27:19 INFO  BSP server: Downloading https://oss.sonatype.org/content/repositories/snapshots/org/scala-sbt/zinc-classfile_2.12/1.10.8/zinc-classfile_2.12-1.10.8.pom
2025.10.16 21:27:19 INFO  BSP server: Downloaded https://oss.sonatype.org/content/repositories/snapshots/net/java/dev/jna/jna-platform/4.4.0/jna-platform-4.4.0.pom.sha1
2025.10.16 21:27:19 INFO  BSP server: Downloading https://oss.sonatype.org/content/repositories/snapshots/com/lihaoyi/fansi_2.12/0.5.0/fansi_2.12-0.5.0.pom.sha1
2025.10.16 21:27:19 INFO  BSP server: Downloaded https://oss.sonatype.org/content/repositories/snapshots/org/jctools/jctools-core/2.1.2/jctools-core-2.1.2.pom.sha1
2025.10.16 21:27:19 INFO  BSP server: Downloading https://oss.sonatype.org/content/repositories/snapshots/io/monix/implicitbox_2.12/0.2.0/implicitbox_2.12-0.2.0.pom.sha1
2025.10.16 21:27:19 INFO  BSP server: Downloaded https://oss.sonatype.org/content/repositories/snapshots/com/eed3si9n/sjson-new-core_2.12/0.10.1/sjson-new-core_2.12-0.10.1.pom.sha1
2025.10.16 21:27:19 INFO  BSP server: Downloading https://oss.sonatype.org/content/repositories/snapshots/org/scala-sbt/librarymanagement-core_2.12/1.11.2/librarymanagement-core_2.12-1.11.2.pom
2025.10.16 21:27:19 INFO  BSP server: Downloaded https://oss.sonatype.org/content/repositories/snapshots/com/chuusai/shapeless_2.12/2.3.3/shapeless_2.12-2.3.3.pom.sha1
2025.10.16 21:27:19 INFO  BSP server: Downloading https://oss.sonatype.org/content/repositories/snapshots/org/scala-sbt/zinc-persist_2.12/1.10.8/zinc-persist_2.12-1.10.8.pom.sha1
2025.10.16 21:27:19 INFO  BSP server: Downloaded https://oss.sonatype.org/content/repositories/snapshots/com/outr/scribe_2.12/3.5.5/scribe_2.12-3.5.5.pom.sha1
2025.10.16 21:27:19 INFO  BSP server: Downloading https://oss.sonatype.org/content/repositories/snapshots/org/scala-sbt/ivy/ivy/2.3.0-sbt-77cc781d727b367d3761f097d89f5a4762771d41/ivy-2.3.0-sbt-77cc781d727b367d3761f097d89f5a4762771d41.pom
2025.10.16 21:27:19 INFO  BSP server: Downloaded https://oss.sonatype.org/content/repositories/snapshots/org/scala-sbt/zinc-classfile_2.12/1.10.8/zinc-classfile_2.12-1.10.8.pom
2025.10.16 21:27:19 INFO  BSP server: Downloading https://oss.sonatype.org/content/repositories/snapshots/org/scala-sbt/zinc-compile-core_2.12/1.10.8/zinc-compile-core_2.12-1.10.8.pom.sha1
2025.10.16 21:27:19 INFO  BSP server: Downloaded https://oss.sonatype.org/content/repositories/snapshots/com/lihaoyi/fansi_2.12/0.5.0/fansi_2.12-0.5.0.pom.sha1
2025.10.16 21:27:19 INFO  BSP server: Downloading https://oss.sonatype.org/content/repositories/snapshots/org/typelevel/cats-effect_2.12/2.1.3/cats-effect_2.12-2.1.3.pom.sha1
2025.10.16 21:27:19 INFO  BSP server: Downloaded https://oss.sonatype.org/content/repositories/snapshots/io/monix/implicitbox_2.12/0.2.0/implicitbox_2.12-0.2.0.pom.sha1
2025.10.16 21:27:19 INFO  BSP server: Downloading https://oss.sonatype.org/content/repositories/snapshots/org/scala-sbt/zinc-core_2.12/1.10.8/zinc-core_2.12-1.10.8.pom.sha1
2025.10.16 21:27:19 INFO  BSP server: Downloaded https://oss.sonatype.org/content/repositories/snapshots/org/scala-sbt/librarymanagement-core_2.12/1.11.2/librarymanagement-core_2.12-1.11.2.pom
2025.10.16 21:27:19 INFO  BSP server: Downloading https://oss.sonatype.org/content/repositories/snapshots/org/scalameta/trees_2.12/4.13.8/trees_2.12-4.13.8.pom.sha1
2025.10.16 21:27:19 INFO  BSP server: Downloaded https://oss.sonatype.org/content/repositories/snapshots/org/scala-sbt/zinc-persist_2.12/1.10.8/zinc-persist_2.12-1.10.8.pom.sha1
2025.10.16 21:27:19 INFO  BSP server: Downloading https://oss.sonatype.org/content/repositories/snapshots/org/apache/logging/log4j/log4j-api/2.23.0/log4j-api-2.23.0.pom.sha1
2025.10.16 21:27:19 INFO  BSP server: Downloaded https://oss.sonatype.org/content/repositories/snapshots/org/scala-sbt/zinc-compile-core_2.12/1.10.8/zinc-compile-core_2.12-1.10.8.pom.sha1
2025.10.16 21:27:19 INFO  BSP server: Downloading https://oss.sonatype.org/content/repositories/snapshots/org/scala-sbt/zinc-classfile_2.12/1.10.8/zinc-classfile_2.12-1.10.8.pom.sha1
2025.10.16 21:27:19 INFO  BSP server: Downloaded https://oss.sonatype.org/content/repositories/snapshots/org/scala-sbt/ivy/ivy/2.3.0-sbt-77cc781d727b367d3761f097d89f5a4762771d41/ivy-2.3.0-sbt-77cc781d727b367d3761f097d89f5a4762771d41.pom
2025.10.16 21:27:19 INFO  BSP server: Downloading https://oss.sonatype.org/content/repositories/snapshots/org/scala-sbt/librarymanagement-core_2.12/1.11.2/librarymanagement-core_2.12-1.11.2.pom.sha1
2025.10.16 21:27:19 INFO  BSP server: Downloaded https://oss.sonatype.org/content/repositories/snapshots/org/scala-sbt/zinc-core_2.12/1.10.8/zinc-core_2.12-1.10.8.pom.sha1
2025.10.16 21:27:19 INFO  BSP server: Downloaded https://oss.sonatype.org/content/repositories/snapshots/org/typelevel/cats-effect_2.12/2.1.3/cats-effect_2.12-2.1.3.pom.sha1
2025.10.16 21:27:19 INFO  BSP server: Downloading https://s01.oss.sonatype.org/content/repositories/snapshots/io/zipkin/zipkin2/zipkin/2.27.0/zipkin-2.27.0.pom
2025.10.16 21:27:19 INFO  BSP server: Downloading https://s01.oss.sonatype.org/content/repositories/snapshots/io/zipkin/reporter2/zipkin-reporter/2.17.2/zipkin-reporter-2.17.2.pom
2025.10.16 21:27:19 INFO  BSP server: Downloaded https://oss.sonatype.org/content/repositories/snapshots/org/scalameta/trees_2.12/4.13.8/trees_2.12-4.13.8.pom.sha1
2025.10.16 21:27:19 INFO  BSP server: Downloading https://s01.oss.sonatype.org/content/repositories/snapshots/io/get-coursier/util/directories/0.1.2/directories-0.1.2.pom
2025.10.16 21:27:20 INFO  BSP server: Downloaded https://oss.sonatype.org/content/repositories/snapshots/org/apache/logging/log4j/log4j-api/2.23.0/log4j-api-2.23.0.pom.sha1
2025.10.16 21:27:20 INFO  BSP server: Downloading https://s01.oss.sonatype.org/content/repositories/snapshots/io/zipkin/reporter2/zipkin-reporter-brave/2.17.2/zipkin-reporter-brave-2.17.2.pom
2025.10.16 21:27:20 INFO  BSP server: Downloaded https://oss.sonatype.org/content/repositories/snapshots/org/scala-sbt/zinc-classfile_2.12/1.10.8/zinc-classfile_2.12-1.10.8.pom.sha1
2025.10.16 21:27:20 INFO  BSP server: Downloading https://s01.oss.sonatype.org/content/repositories/snapshots/net/java/dev/jna/jna-platform/4.4.0/jna-platform-4.4.0.pom
2025.10.16 21:27:20 INFO  BSP server: Downloaded https://oss.sonatype.org/content/repositories/snapshots/org/scala-sbt/librarymanagement-core_2.12/1.11.2/librarymanagement-core_2.12-1.11.2.pom.sha1
2025.10.16 21:27:20 INFO  BSP server: Downloading https://oss.sonatype.org/content/repositories/snapshots/org/scala-sbt/ivy/ivy/2.3.0-sbt-77cc781d727b367d3761f097d89f5a4762771d41/ivy-2.3.0-sbt-77cc781d727b367d3761f097d89f5a4762771d41.pom.sha1
2025.10.16 21:27:20 INFO  BSP server: Downloaded https://s01.oss.sonatype.org/content/repositories/snapshots/io/zipkin/zipkin2/zipkin/2.27.0/zipkin-2.27.0.pom
2025.10.16 21:27:20 INFO  BSP server: Downloading https://s01.oss.sonatype.org/content/repositories/snapshots/org/jctools/jctools-core/2.1.2/jctools-core-2.1.2.pom
2025.10.16 21:27:20 INFO  BSP server: Downloaded https://s01.oss.sonatype.org/content/repositories/snapshots/io/zipkin/reporter2/zipkin-reporter/2.17.2/zipkin-reporter-2.17.2.pom
2025.10.16 21:27:20 INFO  BSP server: Downloading https://s01.oss.sonatype.org/content/repositories/snapshots/com/eed3si9n/sjson-new-core_2.12/0.10.1/sjson-new-core_2.12-0.10.1.pom
2025.10.16 21:27:20 INFO  BSP server: Downloaded https://oss.sonatype.org/content/repositories/snapshots/org/scala-sbt/ivy/ivy/2.3.0-sbt-77cc781d727b367d3761f097d89f5a4762771d41/ivy-2.3.0-sbt-77cc781d727b367d3761f097d89f5a4762771d41.pom.sha1
2025.10.16 21:27:20 INFO  BSP server: Downloading https://s01.oss.sonatype.org/content/repositories/snapshots/com/chuusai/shapeless_2.12/2.3.3/shapeless_2.12-2.3.3.pom
2025.10.16 21:27:20 INFO  BSP server: Downloaded https://s01.oss.sonatype.org/content/repositories/snapshots/io/zipkin/reporter2/zipkin-reporter-brave/2.17.2/zipkin-reporter-brave-2.17.2.pom
2025.10.16 21:27:20 INFO  BSP server: Downloading https://s01.oss.sonatype.org/content/repositories/snapshots/com/outr/scribe_2.12/3.5.5/scribe_2.12-3.5.5.pom
2025.10.16 21:27:20 INFO  BSP server: Downloaded https://s01.oss.sonatype.org/content/repositories/snapshots/org/jctools/jctools-core/2.1.2/jctools-core-2.1.2.pom
2025.10.16 21:27:20 INFO  BSP server: Downloading https://s01.oss.sonatype.org/content/repositories/snapshots/com/lihaoyi/fansi_2.12/0.5.0/fansi_2.12-0.5.0.pom
2025.10.16 21:27:20 INFO  BSP server: Downloaded https://s01.oss.sonatype.org/content/repositories/snapshots/io/get-coursier/util/directories/0.1.2/directories-0.1.2.pom
2025.10.16 21:27:20 INFO  BSP server: Downloading https://s01.oss.sonatype.org/content/repositories/snapshots/io/monix/implicitbox_2.12/0.2.0/implicitbox_2.12-0.2.0.pom
2025.10.16 21:27:20 INFO  BSP server: Downloaded https://s01.oss.sonatype.org/content/repositories/snapshots/com/chuusai/shapeless_2.12/2.3.3/shapeless_2.12-2.3.3.pom
2025.10.16 21:27:20 INFO  BSP server: Downloading https://s01.oss.sonatype.org/content/repositories/snapshots/org/scala-sbt/zinc-persist_2.12/1.10.8/zinc-persist_2.12-1.10.8.pom
2025.10.16 21:27:20 INFO  BSP server: Downloaded https://s01.oss.sonatype.org/content/repositories/snapshots/com/eed3si9n/sjson-new-core_2.12/0.10.1/sjson-new-core_2.12-0.10.1.pom
2025.10.16 21:27:20 INFO  BSP server: Downloading https://s01.oss.sonatype.org/content/repositories/snapshots/org/scala-sbt/zinc-compile-core_2.12/1.10.8/zinc-compile-core_2.12-1.10.8.pom
2025.10.16 21:27:20 INFO  BSP server: Downloaded https://s01.oss.sonatype.org/content/repositories/snapshots/io/monix/implicitbox_2.12/0.2.0/implicitbox_2.12-0.2.0.pom
2025.10.16 21:27:20 INFO  BSP server: Downloading https://s01.oss.sonatype.org/content/repositories/snapshots/io/zipkin/zipkin2/zipkin/2.27.0/zipkin-2.27.0.pom.sha1
2025.10.16 21:27:20 INFO  BSP server: Downloaded https://s01.oss.sonatype.org/content/repositories/snapshots/net/java/dev/jna/jna-platform/4.4.0/jna-platform-4.4.0.pom
2025.10.16 21:27:20 INFO  BSP server: Downloading https://s01.oss.sonatype.org/content/repositories/snapshots/io/zipkin/reporter2/zipkin-reporter/2.17.2/zipkin-reporter-2.17.2.pom.sha1
2025.10.16 21:27:20 INFO  BSP server: Downloaded https://s01.oss.sonatype.org/content/repositories/snapshots/com/outr/scribe_2.12/3.5.5/scribe_2.12-3.5.5.pom
2025.10.16 21:27:20 INFO  BSP server: Downloading https://s01.oss.sonatype.org/content/repositories/snapshots/io/zipkin/reporter2/zipkin-reporter-brave/2.17.2/zipkin-reporter-brave-2.17.2.pom.sha1
2025.10.16 21:27:20 INFO  BSP server: Downloaded https://s01.oss.sonatype.org/content/repositories/snapshots/io/zipkin/reporter2/zipkin-reporter/2.17.2/zipkin-reporter-2.17.2.pom.sha1
2025.10.16 21:27:20 INFO  BSP server: Downloading https://s01.oss.sonatype.org/content/repositories/snapshots/org/jctools/jctools-core/2.1.2/jctools-core-2.1.2.pom.sha1
2025.10.16 21:27:20 INFO  BSP server: Downloaded https://s01.oss.sonatype.org/content/repositories/snapshots/com/lihaoyi/fansi_2.12/0.5.0/fansi_2.12-0.5.0.pom
2025.10.16 21:27:20 INFO  BSP server: Downloading https://s01.oss.sonatype.org/content/repositories/snapshots/io/get-coursier/util/directories/0.1.2/directories-0.1.2.pom.sha1
2025.10.16 21:27:20 INFO  BSP server: Downloaded https://s01.oss.sonatype.org/content/repositories/snapshots/org/scala-sbt/zinc-persist_2.12/1.10.8/zinc-persist_2.12-1.10.8.pom
2025.10.16 21:27:20 INFO  BSP server: Downloading https://s01.oss.sonatype.org/content/repositories/snapshots/com/chuusai/shapeless_2.12/2.3.3/shapeless_2.12-2.3.3.pom.sha1
2025.10.16 21:27:20 INFO  BSP server: Downloaded https://s01.oss.sonatype.org/content/repositories/snapshots/io/zipkin/reporter2/zipkin-reporter-brave/2.17.2/zipkin-reporter-brave-2.17.2.pom.sha1
2025.10.16 21:27:20 INFO  BSP server: Downloading https://s01.oss.sonatype.org/content/repositories/snapshots/org/scala-sbt/zinc-core_2.12/1.10.8/zinc-core_2.12-1.10.8.pom
2025.10.16 21:27:20 INFO  BSP server: Downloaded https://s01.oss.sonatype.org/content/repositories/snapshots/org/scala-sbt/zinc-compile-core_2.12/1.10.8/zinc-compile-core_2.12-1.10.8.pom
2025.10.16 21:27:20 INFO  BSP server: Downloading https://s01.oss.sonatype.org/content/repositories/snapshots/com/eed3si9n/sjson-new-core_2.12/0.10.1/sjson-new-core_2.12-0.10.1.pom.sha1
2025.10.16 21:27:20 INFO  BSP server: Downloaded https://s01.oss.sonatype.org/content/repositories/snapshots/org/jctools/jctools-core/2.1.2/jctools-core-2.1.2.pom.sha1
2025.10.16 21:27:20 INFO  BSP server: Downloading https://s01.oss.sonatype.org/content/repositories/snapshots/org/typelevel/cats-effect_2.12/2.1.3/cats-effect_2.12-2.1.3.pom
2025.10.16 21:27:20 INFO  BSP server: Downloaded https://s01.oss.sonatype.org/content/repositories/snapshots/io/get-coursier/util/directories/0.1.2/directories-0.1.2.pom.sha1
2025.10.16 21:27:20 INFO  BSP server: Downloading https://s01.oss.sonatype.org/content/repositories/snapshots/io/monix/implicitbox_2.12/0.2.0/implicitbox_2.12-0.2.0.pom.sha1
2025.10.16 21:27:20 INFO  BSP server: Downloaded https://s01.oss.sonatype.org/content/repositories/snapshots/com/chuusai/shapeless_2.12/2.3.3/shapeless_2.12-2.3.3.pom.sha1
2025.10.16 21:27:20 INFO  BSP server: Downloading https://s01.oss.sonatype.org/content/repositories/snapshots/net/java/dev/jna/jna-platform/4.4.0/jna-platform-4.4.0.pom.sha1
2025.10.16 21:27:20 INFO  BSP server: Downloaded https://s01.oss.sonatype.org/content/repositories/snapshots/io/zipkin/zipkin2/zipkin/2.27.0/zipkin-2.27.0.pom.sha1
2025.10.16 21:27:20 INFO  BSP server: Downloading https://s01.oss.sonatype.org/content/repositories/snapshots/org/scalameta/trees_2.12/4.13.8/trees_2.12-4.13.8.pom
2025.10.16 21:27:20 INFO  BSP server: Downloaded https://s01.oss.sonatype.org/content/repositories/snapshots/org/scala-sbt/zinc-core_2.12/1.10.8/zinc-core_2.12-1.10.8.pom
2025.10.16 21:27:20 INFO  BSP server: Downloading https://s01.oss.sonatype.org/content/repositories/snapshots/com/outr/scribe_2.12/3.5.5/scribe_2.12-3.5.5.pom.sha1
2025.10.16 21:27:20 INFO  BSP server: Downloaded https://s01.oss.sonatype.org/content/repositories/snapshots/org/typelevel/cats-effect_2.12/2.1.3/cats-effect_2.12-2.1.3.pom
2025.10.16 21:27:20 INFO  BSP server: Downloading https://s01.oss.sonatype.org/content/repositories/snapshots/org/apache/logging/log4j/log4j-api/2.23.0/log4j-api-2.23.0.pom
2025.10.16 21:27:20 INFO  BSP server: Downloaded https://s01.oss.sonatype.org/content/repositories/snapshots/com/eed3si9n/sjson-new-core_2.12/0.10.1/sjson-new-core_2.12-0.10.1.pom.sha1
2025.10.16 21:27:20 INFO  BSP server: Downloading https://s01.oss.sonatype.org/content/repositories/snapshots/org/scala-sbt/zinc-classfile_2.12/1.10.8/zinc-classfile_2.12-1.10.8.pom
2025.10.16 21:27:21 INFO  BSP server: Downloaded https://s01.oss.sonatype.org/content/repositories/snapshots/io/monix/implicitbox_2.12/0.2.0/implicitbox_2.12-0.2.0.pom.sha1
2025.10.16 21:27:21 INFO  BSP server: Downloading https://s01.oss.sonatype.org/content/repositories/snapshots/org/scala-sbt/librarymanagement-core_2.12/1.11.2/librarymanagement-core_2.12-1.11.2.pom
2025.10.16 21:27:21 INFO  BSP server: Downloaded https://s01.oss.sonatype.org/content/repositories/snapshots/net/java/dev/jna/jna-platform/4.4.0/jna-platform-4.4.0.pom.sha1
2025.10.16 21:27:21 INFO  BSP server: Downloading https://s01.oss.sonatype.org/content/repositories/snapshots/com/lihaoyi/fansi_2.12/0.5.0/fansi_2.12-0.5.0.pom.sha1
2025.10.16 21:27:21 INFO  BSP server: Downloaded https://s01.oss.sonatype.org/content/repositories/snapshots/org/scalameta/trees_2.12/4.13.8/trees_2.12-4.13.8.pom
2025.10.16 21:27:21 INFO  BSP server: Downloading https://s01.oss.sonatype.org/content/repositories/snapshots/org/scala-sbt/zinc-persist_2.12/1.10.8/zinc-persist_2.12-1.10.8.pom.sha1
2025.10.16 21:27:21 INFO  BSP server: Downloaded https://s01.oss.sonatype.org/content/repositories/snapshots/com/outr/scribe_2.12/3.5.5/scribe_2.12-3.5.5.pom.sha1
2025.10.16 21:27:21 INFO  BSP server: Downloading https://s01.oss.sonatype.org/content/repositories/snapshots/org/scala-sbt/ivy/ivy/2.3.0-sbt-77cc781d727b367d3761f097d89f5a4762771d41/ivy-2.3.0-sbt-77cc781d727b367d3761f097d89f5a4762771d41.pom
2025.10.16 21:27:21 INFO  BSP server: Downloaded https://s01.oss.sonatype.org/content/repositories/snapshots/org/scala-sbt/librarymanagement-core_2.12/1.11.2/librarymanagement-core_2.12-1.11.2.pom
2025.10.16 21:27:21 INFO  BSP server: Downloading https://s01.oss.sonatype.org/content/repositories/snapshots/org/scala-sbt/zinc-compile-core_2.12/1.10.8/zinc-compile-core_2.12-1.10.8.pom.sha1
2025.10.16 21:27:21 INFO  BSP server: Downloaded https://s01.oss.sonatype.org/content/repositories/snapshots/com/lihaoyi/fansi_2.12/0.5.0/fansi_2.12-0.5.0.pom.sha1
2025.10.16 21:27:21 INFO  BSP server: Downloading https://s01.oss.sonatype.org/content/repositories/snapshots/org/scala-sbt/zinc-core_2.12/1.10.8/zinc-core_2.12-1.10.8.pom.sha1
2025.10.16 21:27:21 INFO  BSP server: Downloaded https://s01.oss.sonatype.org/content/repositories/snapshots/org/scala-sbt/ivy/ivy/2.3.0-sbt-77cc781d727b367d3761f097d89f5a4762771d41/ivy-2.3.0-sbt-77cc781d727b367d3761f097d89f5a4762771d41.pom
2025.10.16 21:27:21 INFO  BSP server: Downloading https://s01.oss.sonatype.org/content/repositories/snapshots/org/typelevel/cats-effect_2.12/2.1.3/cats-effect_2.12-2.1.3.pom.sha1
2025.10.16 21:27:21 INFO  BSP server: Downloaded https://s01.oss.sonatype.org/content/repositories/snapshots/org/scala-sbt/zinc-compile-core_2.12/1.10.8/zinc-compile-core_2.12-1.10.8.pom.sha1
2025.10.16 21:27:21 INFO  BSP server: Downloading https://s01.oss.sonatype.org/content/repositories/snapshots/org/scalameta/trees_2.12/4.13.8/trees_2.12-4.13.8.pom.sha1
2025.10.16 21:27:21 INFO  BSP server: Downloaded https://s01.oss.sonatype.org/content/repositories/snapshots/org/scala-sbt/zinc-core_2.12/1.10.8/zinc-core_2.12-1.10.8.pom.sha1
2025.10.16 21:27:21 INFO  BSP server: Downloading https://s01.oss.sonatype.org/content/repositories/snapshots/org/scala-sbt/librarymanagement-core_2.12/1.11.2/librarymanagement-core_2.12-1.11.2.pom.sha1
2025.10.16 21:27:21 INFO  BSP server: Downloaded https://s01.oss.sonatype.org/content/repositories/snapshots/org/typelevel/cats-effect_2.12/2.1.3/cats-effect_2.12-2.1.3.pom.sha1
2025.10.16 21:27:21 INFO  BSP server: Downloaded https://s01.oss.sonatype.org/content/repositories/snapshots/org/scala-sbt/zinc-persist_2.12/1.10.8/zinc-persist_2.12-1.10.8.pom.sha1
2025.10.16 21:27:21 INFO  BSP server: Downloading https://central.sonatype.com/repository/maven-snapshots/io/zipkin/reporter2/zipkin-reporter/2.17.2/zipkin-reporter-2.17.2.pom
2025.10.16 21:27:21 INFO  BSP server: Downloading https://central.sonatype.com/repository/maven-snapshots/io/zipkin/reporter2/zipkin-reporter-brave/2.17.2/zipkin-reporter-brave-2.17.2.pom
2025.10.16 21:27:21 INFO  BSP server: Downloaded https://s01.oss.sonatype.org/content/repositories/snapshots/org/scalameta/trees_2.12/4.13.8/trees_2.12-4.13.8.pom.sha1
2025.10.16 21:27:21 INFO  BSP server: Downloading https://central.sonatype.com/repository/maven-snapshots/org/jctools/jctools-core/2.1.2/jctools-core-2.1.2.pom
2025.10.16 21:27:21 INFO  BSP server: Downloaded https://s01.oss.sonatype.org/content/repositories/snapshots/org/scala-sbt/librarymanagement-core_2.12/1.11.2/librarymanagement-core_2.12-1.11.2.pom.sha1
2025.10.16 21:27:21 INFO  BSP server: Downloading https://central.sonatype.com/repository/maven-snapshots/io/get-coursier/util/directories/0.1.2/directories-0.1.2.pom
2025.10.16 21:27:22 INFO  BSP server: Downloaded https://central.sonatype.com/repository/maven-snapshots/io/zipkin/reporter2/zipkin-reporter-brave/2.17.2/zipkin-reporter-brave-2.17.2.pom
2025.10.16 21:27:22 INFO  BSP server: Downloading https://s01.oss.sonatype.org/content/repositories/snapshots/org/scala-sbt/ivy/ivy/2.3.0-sbt-77cc781d727b367d3761f097d89f5a4762771d41/ivy-2.3.0-sbt-77cc781d727b367d3761f097d89f5a4762771d41.pom.sha1
2025.10.16 21:27:22 INFO  BSP server: Downloaded https://central.sonatype.com/repository/maven-snapshots/io/zipkin/reporter2/zipkin-reporter/2.17.2/zipkin-reporter-2.17.2.pom
2025.10.16 21:27:22 INFO  BSP server: Downloading https://central.sonatype.com/repository/maven-snapshots/com/chuusai/shapeless_2.12/2.3.3/shapeless_2.12-2.3.3.pom
2025.10.16 21:27:22 INFO  BSP server: Downloaded https://central.sonatype.com/repository/maven-snapshots/io/get-coursier/util/directories/0.1.2/directories-0.1.2.pom
2025.10.16 21:27:22 INFO  BSP server: Downloading https://central.sonatype.com/repository/maven-snapshots/io/zipkin/zipkin2/zipkin/2.27.0/zipkin-2.27.0.pom
2025.10.16 21:27:22 INFO  BSP server: Downloaded https://s01.oss.sonatype.org/content/repositories/snapshots/org/scala-sbt/zinc-classfile_2.12/1.10.8/zinc-classfile_2.12-1.10.8.pom
2025.10.16 21:27:22 INFO  BSP server: Downloading https://central.sonatype.com/repository/maven-snapshots/com/eed3si9n/sjson-new-core_2.12/0.10.1/sjson-new-core_2.12-0.10.1.pom
2025.10.16 21:27:22 INFO  BSP server: Downloaded https://s01.oss.sonatype.org/content/repositories/snapshots/org/apache/logging/log4j/log4j-api/2.23.0/log4j-api-2.23.0.pom
2025.10.16 21:27:22 INFO  BSP server: Downloading https://central.sonatype.com/repository/maven-snapshots/io/monix/implicitbox_2.12/0.2.0/implicitbox_2.12-0.2.0.pom
2025.10.16 21:27:22 INFO  BSP server: Downloaded https://s01.oss.sonatype.org/content/repositories/snapshots/org/scala-sbt/ivy/ivy/2.3.0-sbt-77cc781d727b367d3761f097d89f5a4762771d41/ivy-2.3.0-sbt-77cc781d727b367d3761f097d89f5a4762771d41.pom.sha1
2025.10.16 21:27:22 INFO  BSP server: Downloading https://central.sonatype.com/repository/maven-snapshots/net/java/dev/jna/jna-platform/4.4.0/jna-platform-4.4.0.pom
2025.10.16 21:27:22 INFO  BSP server: Downloaded https://central.sonatype.com/repository/maven-snapshots/com/chuusai/shapeless_2.12/2.3.3/shapeless_2.12-2.3.3.pom
2025.10.16 21:27:22 INFO  BSP server: Downloading https://central.sonatype.com/repository/maven-snapshots/com/outr/scribe_2.12/3.5.5/scribe_2.12-3.5.5.pom
2025.10.16 21:27:22 INFO  BSP server: Downloaded https://central.sonatype.com/repository/maven-snapshots/io/zipkin/zipkin2/zipkin/2.27.0/zipkin-2.27.0.pom
2025.10.16 21:27:22 INFO  BSP server: Downloading https://central.sonatype.com/repository/maven-snapshots/com/lihaoyi/fansi_2.12/0.5.0/fansi_2.12-0.5.0.pom
2025.10.16 21:27:22 INFO  BSP server: Downloaded https://central.sonatype.com/repository/maven-snapshots/io/monix/implicitbox_2.12/0.2.0/implicitbox_2.12-0.2.0.pom
2025.10.16 21:27:22 INFO  BSP server: Downloading https://central.sonatype.com/repository/maven-snapshots/io/zipkin/reporter2/zipkin-reporter-brave/2.17.2/zipkin-reporter-brave-2.17.2.pom.sha1
2025.10.16 21:27:22 INFO  BSP server: Downloaded https://central.sonatype.com/repository/maven-snapshots/com/eed3si9n/sjson-new-core_2.12/0.10.1/sjson-new-core_2.12-0.10.1.pom
2025.10.16 21:27:22 INFO  BSP server: Downloading https://central.sonatype.com/repository/maven-snapshots/io/zipkin/reporter2/zipkin-reporter/2.17.2/zipkin-reporter-2.17.2.pom.sha1
2025.10.16 21:27:22 INFO  BSP server: Downloaded https://central.sonatype.com/repository/maven-snapshots/net/java/dev/jna/jna-platform/4.4.0/jna-platform-4.4.0.pom
2025.10.16 21:27:22 INFO  BSP server: Downloading https://central.sonatype.com/repository/maven-snapshots/io/get-coursier/util/directories/0.1.2/directories-0.1.2.pom.sha1
2025.10.16 21:27:22 INFO  BSP server: Downloaded https://central.sonatype.com/repository/maven-snapshots/org/jctools/jctools-core/2.1.2/jctools-core-2.1.2.pom
2025.10.16 21:27:22 INFO  BSP server: Downloading https://s01.oss.sonatype.org/content/repositories/snapshots/org/scala-sbt/zinc-classfile_2.12/1.10.8/zinc-classfile_2.12-1.10.8.pom.sha1
2025.10.16 21:27:23 INFO  BSP server: Downloaded https://s01.oss.sonatype.org/content/repositories/snapshots/org/scala-sbt/zinc-classfile_2.12/1.10.8/zinc-classfile_2.12-1.10.8.pom.sha1
2025.10.16 21:27:23 INFO  BSP server: Downloading https://central.sonatype.com/repository/maven-snapshots/org/scala-sbt/zinc-compile-core_2.12/1.10.8/zinc-compile-core_2.12-1.10.8.pom
2025.10.16 21:27:23 INFO  BSP server: Downloaded https://central.sonatype.com/repository/maven-snapshots/com/lihaoyi/fansi_2.12/0.5.0/fansi_2.12-0.5.0.pom
2025.10.16 21:27:23 INFO  BSP server: Downloading https://s01.oss.sonatype.org/content/repositories/snapshots/org/apache/logging/log4j/log4j-api/2.23.0/log4j-api-2.23.0.pom.sha1
2025.10.16 21:27:23 INFO  BSP server: Downloaded https://central.sonatype.com/repository/maven-snapshots/com/outr/scribe_2.12/3.5.5/scribe_2.12-3.5.5.pom
2025.10.16 21:27:23 INFO  BSP server: Downloading https://central.sonatype.com/repository/maven-snapshots/com/chuusai/shapeless_2.12/2.3.3/shapeless_2.12-2.3.3.pom.sha1
2025.10.16 21:27:23 INFO  BSP server: Downloaded https://central.sonatype.com/repository/maven-snapshots/io/zipkin/reporter2/zipkin-reporter-brave/2.17.2/zipkin-reporter-brave-2.17.2.pom.sha1
2025.10.16 21:27:23 INFO  BSP server: Downloading https://central.sonatype.com/repository/maven-snapshots/org/scala-sbt/zinc-core_2.12/1.10.8/zinc-core_2.12-1.10.8.pom
2025.10.16 21:27:23 INFO  BSP server: Downloaded https://central.sonatype.com/repository/maven-snapshots/io/zipkin/reporter2/zipkin-reporter/2.17.2/zipkin-reporter-2.17.2.pom.sha1
2025.10.16 21:27:23 INFO  BSP server: Downloading https://central.sonatype.com/repository/maven-snapshots/io/zipkin/zipkin2/zipkin/2.27.0/zipkin-2.27.0.pom.sha1
2025.10.16 21:27:23 INFO  BSP server: Downloaded https://central.sonatype.com/repository/maven-snapshots/io/get-coursier/util/directories/0.1.2/directories-0.1.2.pom.sha1
2025.10.16 21:27:23 INFO  BSP server: Downloading https://central.sonatype.com/repository/maven-snapshots/org/typelevel/cats-effect_2.12/2.1.3/cats-effect_2.12-2.1.3.pom
2025.10.16 21:27:23 INFO  BSP server: Downloaded https://s01.oss.sonatype.org/content/repositories/snapshots/org/apache/logging/log4j/log4j-api/2.23.0/log4j-api-2.23.0.pom.sha1
2025.10.16 21:27:23 INFO  BSP server: Downloading https://central.sonatype.com/repository/maven-snapshots/org/scala-sbt/zinc-persist_2.12/1.10.8/zinc-persist_2.12-1.10.8.pom
2025.10.16 21:27:23 WARN  no build target for: C:\Users\justi\OneDrive\Desktop\Semester 3\4. Software Engeneering\getting_started\introduction_to_scala.scala
2025.10.16 21:27:23 INFO  no build target found for C:\Users\justi\OneDrive\Desktop\Semester 3\4. Software Engeneering\getting_started\introduction_to_scala.scala. Using presentation compiler with project's scala-library version: 3.3.6
2025.10.16 21:27:23 INFO  no build target found for C:\Users\justi\OneDrive\Desktop\Semester 3\4. Software Engeneering\getting_started\introduction_to_scala.scala. Using presentation compiler with project's scala-library version: 3.3.6
2025.10.16 21:27:23 INFO  BSP server: Downloaded https://central.sonatype.com/repository/maven-snapshots/org/scala-sbt/zinc-core_2.12/1.10.8/zinc-core_2.12-1.10.8.pom
2025.10.16 21:27:23 INFO  BSP server: Downloading https://central.sonatype.com/repository/maven-snapshots/io/monix/implicitbox_2.12/0.2.0/implicitbox_2.12-0.2.0.pom.sha1
2025.10.16 21:27:23 INFO  BSP server: Downloaded https://central.sonatype.com/repository/maven-snapshots/org/scala-sbt/zinc-compile-core_2.12/1.10.8/zinc-compile-core_2.12-1.10.8.pom
2025.10.16 21:27:23 INFO  BSP server: Downloading https://central.sonatype.com/repository/maven-snapshots/com/eed3si9n/sjson-new-core_2.12/0.10.1/sjson-new-core_2.12-0.10.1.pom.sha1
2025.10.16 21:27:23 INFO  BSP server: Downloaded https://central.sonatype.com/repository/maven-snapshots/io/zipkin/zipkin2/zipkin/2.27.0/zipkin-2.27.0.pom.sha1
2025.10.16 21:27:23 INFO  BSP server: Downloading https://central.sonatype.com/repository/maven-snapshots/net/java/dev/jna/jna-platform/4.4.0/jna-platform-4.4.0.pom.sha1
2025.10.16 21:27:23 INFO  BSP server: Downloaded https://central.sonatype.com/repository/maven-snapshots/org/typelevel/cats-effect_2.12/2.1.3/cats-effect_2.12-2.1.3.pom
2025.10.16 21:27:23 INFO  BSP server: Downloading https://central.sonatype.com/repository/maven-snapshots/org/scalameta/trees_2.12/4.13.8/trees_2.12-4.13.8.pom
2025.10.16 21:27:23 INFO  BSP server: Downloaded https://central.sonatype.com/repository/maven-snapshots/org/scala-sbt/zinc-persist_2.12/1.10.8/zinc-persist_2.12-1.10.8.pom
2025.10.16 21:27:23 INFO  BSP server: Downloading https://central.sonatype.com/repository/maven-snapshots/org/jctools/jctools-core/2.1.2/jctools-core-2.1.2.pom.sha1
2025.10.16 21:27:24 INFO  BSP server: Downloaded https://central.sonatype.com/repository/maven-snapshots/net/java/dev/jna/jna-platform/4.4.0/jna-platform-4.4.0.pom.sha1
2025.10.16 21:27:24 INFO  BSP server: Downloading https://central.sonatype.com/repository/maven-snapshots/org/scala-sbt/librarymanagement-core_2.12/1.11.2/librarymanagement-core_2.12-1.11.2.pom
2025.10.16 21:27:24 INFO  BSP server: Downloaded https://central.sonatype.com/repository/maven-snapshots/io/monix/implicitbox_2.12/0.2.0/implicitbox_2.12-0.2.0.pom.sha1
2025.10.16 21:27:24 INFO  BSP server: Downloading https://central.sonatype.com/repository/maven-snapshots/com/lihaoyi/fansi_2.12/0.5.0/fansi_2.12-0.5.0.pom.sha1
2025.10.16 21:27:24 INFO  BSP server: Downloaded https://central.sonatype.com/repository/maven-snapshots/com/eed3si9n/sjson-new-core_2.12/0.10.1/sjson-new-core_2.12-0.10.1.pom.sha1
2025.10.16 21:27:24 INFO  BSP server: Downloading https://central.sonatype.com/repository/maven-snapshots/com/outr/scribe_2.12/3.5.5/scribe_2.12-3.5.5.pom.sha1
2025.10.16 21:27:23 INFO  no build target found for C:\Users\justi\OneDrive\Desktop\Semester 3\4. Software Engeneering\getting_started\introduction_to_scala.scala. Using presentation compiler with project's scala-library version: 3.3.6
2025.10.16 21:27:24 INFO  BSP server: Downloaded https://central.sonatype.com/repository/maven-snapshots/org/scalameta/trees_2.12/4.13.8/trees_2.12-4.13.8.pom
2025.10.16 21:27:24 INFO  BSP server: Downloading https://central.sonatype.com/repository/maven-snapshots/org/scala-sbt/ivy/ivy/2.3.0-sbt-77cc781d727b367d3761f097d89f5a4762771d41/ivy-2.3.0-sbt-77cc781d727b367d3761f097d89f5a4762771d41.pom
2025.10.16 21:27:24 INFO  BSP server: Downloaded https://central.sonatype.com/repository/maven-snapshots/org/jctools/jctools-core/2.1.2/jctools-core-2.1.2.pom.sha1
2025.10.16 21:27:24 INFO  BSP server: Downloading https://central.sonatype.com/repository/maven-snapshots/org/scala-sbt/zinc-core_2.12/1.10.8/zinc-core_2.12-1.10.8.pom.sha1
2025.10.16 21:27:24 INFO  no build target found for C:\Users\justi\OneDrive\Desktop\Semester 3\4. Software Engeneering\getting_started\introduction_to_scala.scala. Using presentation compiler with project's scala-library version: 3.3.6
2025.10.16 21:27:24 INFO  BSP server: Downloaded https://central.sonatype.com/repository/maven-snapshots/com/lihaoyi/fansi_2.12/0.5.0/fansi_2.12-0.5.0.pom.sha1
2025.10.16 21:27:24 INFO  BSP server: Downloading https://central.sonatype.com/repository/maven-snapshots/org/scala-sbt/zinc-compile-core_2.12/1.10.8/zinc-compile-core_2.12-1.10.8.pom.sha1
2025.10.16 21:27:24 INFO  BSP server: Downloaded https://central.sonatype.com/repository/maven-snapshots/com/outr/scribe_2.12/3.5.5/scribe_2.12-3.5.5.pom.sha1
2025.10.16 21:27:24 INFO  BSP server: Downloading https://central.sonatype.com/repository/maven-snapshots/org/typelevel/cats-effect_2.12/2.1.3/cats-effect_2.12-2.1.3.pom.sha1
2025.10.16 21:27:24 INFO  BSP server: Downloaded https://central.sonatype.com/repository/maven-snapshots/org/scala-sbt/ivy/ivy/2.3.0-sbt-77cc781d727b367d3761f097d89f5a4762771d41/ivy-2.3.0-sbt-77cc781d727b367d3761f097d89f5a4762771d41.pom
2025.10.16 21:27:24 INFO  BSP server: Downloading https://central.sonatype.com/repository/maven-snapshots/org/scala-sbt/zinc-persist_2.12/1.10.8/zinc-persist_2.12-1.10.8.pom.sha1
2025.10.16 21:27:24 INFO  BSP server: Downloaded https://central.sonatype.com/repository/maven-snapshots/org/scala-sbt/zinc-core_2.12/1.10.8/zinc-core_2.12-1.10.8.pom.sha1
2025.10.16 21:27:24 INFO  BSP server: Downloading https://central.sonatype.com/repository/maven-snapshots/org/scalameta/trees_2.12/4.13.8/trees_2.12-4.13.8.pom.sha1
2025.10.16 21:27:26 INFO  BSP server: Downloaded https://central.sonatype.com/repository/maven-snapshots/org/scala-sbt/zinc-persist_2.12/1.10.8/zinc-persist_2.12-1.10.8.pom.sha1
2025.10.16 21:27:26 INFO  BSP server: Downloading https://central.sonatype.com/repository/maven-snapshots/org/scala-sbt/zinc-classfile_2.12/1.10.8/zinc-classfile_2.12-1.10.8.pom
2025.10.16 21:27:26 INFO  BSP server: Downloaded https://central.sonatype.com/repository/maven-snapshots/org/scala-sbt/librarymanagement-core_2.12/1.11.2/librarymanagement-core_2.12-1.11.2.pom
2025.10.16 21:27:26 INFO  BSP server: Downloading https://repo.scala-lang.org/artifactory/maven-nightlies/io/zipkin/reporter2/zipkin-reporter-brave/2.17.2/zipkin-reporter-brave-2.17.2.pom
2025.10.16 21:27:26 INFO  BSP server: Downloaded https://repo.scala-lang.org/artifactory/maven-nightlies/io/zipkin/reporter2/zipkin-reporter-brave/2.17.2/zipkin-reporter-brave-2.17.2.pom
2025.10.16 21:27:26 INFO  BSP server: Downloading https://repo.scala-lang.org/artifactory/maven-nightlies/io/zipkin/reporter2/zipkin-reporter/2.17.2/zipkin-reporter-2.17.2.pom
2025.10.16 21:27:26 INFO  BSP server: Downloaded https://central.sonatype.com/repository/maven-snapshots/org/scala-sbt/zinc-classfile_2.12/1.10.8/zinc-classfile_2.12-1.10.8.pom
2025.10.16 21:27:26 INFO  BSP server: Downloading https://repo.scala-lang.org/artifactory/maven-nightlies/io/get-coursier/util/directories/0.1.2/directories-0.1.2.pom
2025.10.16 21:27:26 INFO  BSP server: Downloaded https://repo.scala-lang.org/artifactory/maven-nightlies/io/zipkin/reporter2/zipkin-reporter/2.17.2/zipkin-reporter-2.17.2.pom
2025.10.16 21:27:26 INFO  BSP server: Downloading https://central.sonatype.com/repository/maven-snapshots/org/apache/logging/log4j/log4j-api/2.23.0/log4j-api-2.23.0.pom
2025.10.16 21:27:26 INFO  BSP server: Downloaded https://repo.scala-lang.org/artifactory/maven-nightlies/io/get-coursier/util/directories/0.1.2/directories-0.1.2.pom
2025.10.16 21:27:26 INFO  BSP server: Downloading https://central.sonatype.com/repository/maven-snapshots/org/scala-sbt/ivy/ivy/2.3.0-sbt-77cc781d727b367d3761f097d89f5a4762771d41/ivy-2.3.0-sbt-77cc781d727b367d3761f097d89f5a4762771d41.pom.sha1
2025.10.16 21:27:26 INFO  BSP server: Downloaded https://central.sonatype.com/repository/maven-snapshots/org/scala-sbt/zinc-compile-core_2.12/1.10.8/zinc-compile-core_2.12-1.10.8.pom.sha1
2025.10.16 21:27:26 INFO  BSP server: Downloading https://repo.scala-lang.org/artifactory/maven-nightlies/io/zipkin/zipkin2/zipkin/2.27.0/zipkin-2.27.0.pom
2025.10.16 21:27:27 INFO  BSP server: Downloaded https://central.sonatype.com/repository/maven-snapshots/org/scalameta/trees_2.12/4.13.8/trees_2.12-4.13.8.pom.sha1
2025.10.16 21:27:27 INFO  BSP server: Downloading https://repo.scala-lang.org/artifactory/maven-nightlies/net/java/dev/jna/jna-platform/4.4.0/jna-platform-4.4.0.pom
2025.10.16 21:27:27 INFO  BSP server: Downloaded https://repo.scala-lang.org/artifactory/maven-nightlies/io/zipkin/zipkin2/zipkin/2.27.0/zipkin-2.27.0.pom
2025.10.16 21:27:27 INFO  BSP server: Downloading https://repo.scala-lang.org/artifactory/maven-nightlies/io/monix/implicitbox_2.12/0.2.0/implicitbox_2.12-0.2.0.pom
2025.10.16 21:27:27 INFO  BSP server: Downloaded https://central.sonatype.com/repository/maven-snapshots/com/chuusai/shapeless_2.12/2.3.3/shapeless_2.12-2.3.3.pom.sha1
2025.10.16 21:27:27 INFO  BSP server: Downloading https://central.sonatype.com/repository/maven-snapshots/org/scala-sbt/librarymanagement-core_2.12/1.11.2/librarymanagement-core_2.12-1.11.2.pom.sha1
2025.10.16 21:27:27 INFO  BSP server: Downloaded https://repo.scala-lang.org/artifactory/maven-nightlies/net/java/dev/jna/jna-platform/4.4.0/jna-platform-4.4.0.pom
2025.10.16 21:27:27 INFO  BSP server: Downloading https://repo.scala-lang.org/artifactory/maven-nightlies/com/eed3si9n/sjson-new-core_2.12/0.10.1/sjson-new-core_2.12-0.10.1.pom
2025.10.16 21:27:27 INFO  BSP server: Downloaded https://repo.scala-lang.org/artifactory/maven-nightlies/io/monix/implicitbox_2.12/0.2.0/implicitbox_2.12-0.2.0.pom
2025.10.16 21:27:27 INFO  BSP server: Downloading https://central.sonatype.com/repository/maven-snapshots/org/scala-sbt/zinc-classfile_2.12/1.10.8/zinc-classfile_2.12-1.10.8.pom.sha1
2025.10.16 21:27:27 INFO  BSP server: Downloaded https://central.sonatype.com/repository/maven-snapshots/org/scala-sbt/ivy/ivy/2.3.0-sbt-77cc781d727b367d3761f097d89f5a4762771d41/ivy-2.3.0-sbt-77cc781d727b367d3761f097d89f5a4762771d41.pom.sha1
2025.10.16 21:27:27 INFO  BSP server: Downloading https://repo.scala-lang.org/artifactory/maven-nightlies/org/jctools/jctools-core/2.1.2/jctools-core-2.1.2.pom
2025.10.16 21:27:27 INFO  BSP server: Downloaded https://repo.scala-lang.org/artifactory/maven-nightlies/com/eed3si9n/sjson-new-core_2.12/0.10.1/sjson-new-core_2.12-0.10.1.pom
2025.10.16 21:27:27 INFO  BSP server: Downloading https://repo.scala-lang.org/artifactory/maven-nightlies/com/lihaoyi/fansi_2.12/0.5.0/fansi_2.12-0.5.0.pom
2025.10.16 21:27:27 INFO  BSP server: Downloaded https://repo.scala-lang.org/artifactory/maven-nightlies/com/lihaoyi/fansi_2.12/0.5.0/fansi_2.12-0.5.0.pom
2025.10.16 21:27:27 INFO  BSP server: Downloading https://repo.scala-lang.org/artifactory/maven-nightlies/io/zipkin/reporter2/zipkin-reporter-brave/2.17.2/zipkin-reporter-brave-2.17.2.pom.sha1
2025.10.16 21:27:27 INFO  BSP server: Downloaded https://repo.scala-lang.org/artifactory/maven-nightlies/org/jctools/jctools-core/2.1.2/jctools-core-2.1.2.pom
2025.10.16 21:27:27 INFO  BSP server: Downloading https://repo.scala-lang.org/artifactory/maven-nightlies/io/zipkin/reporter2/zipkin-reporter/2.17.2/zipkin-reporter-2.17.2.pom.sha1
2025.10.16 21:27:27 INFO  BSP server: Downloaded https://repo.scala-lang.org/artifactory/maven-nightlies/io/zipkin/reporter2/zipkin-reporter-brave/2.17.2/zipkin-reporter-brave-2.17.2.pom.sha1
2025.10.16 21:27:27 INFO  BSP server: Downloading https://repo.scala-lang.org/artifactory/maven-nightlies/io/get-coursier/util/directories/0.1.2/directories-0.1.2.pom.sha1
2025.10.16 21:27:27 INFO  BSP server: Downloaded https://repo.scala-lang.org/artifactory/maven-nightlies/io/zipkin/reporter2/zipkin-reporter/2.17.2/zipkin-reporter-2.17.2.pom.sha1
2025.10.16 21:27:27 INFO  BSP server: Downloading https://repo.scala-lang.org/artifactory/maven-nightlies/com/outr/scribe_2.12/3.5.5/scribe_2.12-3.5.5.pom
2025.10.16 21:27:27 INFO  BSP server: Downloaded https://central.sonatype.com/repository/maven-snapshots/org/scala-sbt/zinc-classfile_2.12/1.10.8/zinc-classfile_2.12-1.10.8.pom.sha1
2025.10.16 21:27:27 INFO  BSP server: Downloading https://repo.scala-lang.org/artifactory/maven-nightlies/org/scala-sbt/zinc-core_2.12/1.10.8/zinc-core_2.12-1.10.8.pom
2025.10.16 21:27:27 INFO  BSP server: Downloaded https://repo.scala-lang.org/artifactory/maven-nightlies/io/get-coursier/util/directories/0.1.2/directories-0.1.2.pom.sha1
2025.10.16 21:27:27 INFO  BSP server: Downloading https://repo.scala-lang.org/artifactory/maven-nightlies/org/scala-sbt/zinc-persist_2.12/1.10.8/zinc-persist_2.12-1.10.8.pom
2025.10.16 21:27:28 INFO  BSP server: Downloaded https://repo.scala-lang.org/artifactory/maven-nightlies/com/outr/scribe_2.12/3.5.5/scribe_2.12-3.5.5.pom
2025.10.16 21:27:28 INFO  BSP server: Downloading https://repo.scala-lang.org/artifactory/maven-nightlies/io/zipkin/zipkin2/zipkin/2.27.0/zipkin-2.27.0.pom.sha1
2025.10.16 21:27:28 INFO  BSP server: Downloaded https://repo.scala-lang.org/artifactory/maven-nightlies/org/scala-sbt/zinc-core_2.12/1.10.8/zinc-core_2.12-1.10.8.pom
2025.10.16 21:27:28 INFO  BSP server: Downloading https://repo.scala-lang.org/artifactory/maven-nightlies/net/java/dev/jna/jna-platform/4.4.0/jna-platform-4.4.0.pom.sha1
2025.10.16 21:27:28 INFO  BSP server: Downloaded https://repo.scala-lang.org/artifactory/maven-nightlies/org/scala-sbt/zinc-persist_2.12/1.10.8/zinc-persist_2.12-1.10.8.pom
2025.10.16 21:27:28 INFO  BSP server: Downloading https://repo.scala-lang.org/artifactory/maven-nightlies/io/monix/implicitbox_2.12/0.2.0/implicitbox_2.12-0.2.0.pom.sha1
2025.10.16 21:27:28 INFO  BSP server: Downloaded https://central.sonatype.com/repository/maven-snapshots/org/apache/logging/log4j/log4j-api/2.23.0/log4j-api-2.23.0.pom
2025.10.16 21:27:28 INFO  BSP server: Downloading https://repo.scala-lang.org/artifactory/maven-nightlies/com/eed3si9n/sjson-new-core_2.12/0.10.1/sjson-new-core_2.12-0.10.1.pom.sha1
2025.10.16 21:27:28 INFO  BSP server: Downloaded https://repo.scala-lang.org/artifactory/maven-nightlies/io/monix/implicitbox_2.12/0.2.0/implicitbox_2.12-0.2.0.pom.sha1
2025.10.16 21:27:28 INFO  BSP server: Downloading https://repo.scala-lang.org/artifactory/maven-nightlies/com/lihaoyi/fansi_2.12/0.5.0/fansi_2.12-0.5.0.pom.sha1
2025.10.16 21:27:28 INFO  BSP server: Downloaded https://repo.scala-lang.org/artifactory/maven-nightlies/io/zipkin/zipkin2/zipkin/2.27.0/zipkin-2.27.0.pom.sha1
2025.10.16 21:27:28 INFO  BSP server: Downloading https://repo.scala-lang.org/artifactory/maven-nightlies/org/jctools/jctools-core/2.1.2/jctools-core-2.1.2.pom.sha1
2025.10.16 21:27:28 INFO  BSP server: Downloaded https://repo.scala-lang.org/artifactory/maven-nightlies/com/eed3si9n/sjson-new-core_2.12/0.10.1/sjson-new-core_2.12-0.10.1.pom.sha1
2025.10.16 21:27:28 INFO  BSP server: Downloading https://repo.scala-lang.org/artifactory/maven-nightlies/org/scala-sbt/zinc-compile-core_2.12/1.10.8/zinc-compile-core_2.12-1.10.8.pom
2025.10.16 21:27:28 INFO  BSP server: Downloaded https://repo.scala-lang.org/artifactory/maven-nightlies/com/lihaoyi/fansi_2.12/0.5.0/fansi_2.12-0.5.0.pom.sha1
2025.10.16 21:27:28 INFO  BSP server: Downloading https://repo.scala-lang.org/artifactory/maven-nightlies/org/scalameta/trees_2.12/4.13.8/trees_2.12-4.13.8.pom
2025.10.16 21:27:28 INFO  BSP server: Downloaded https://repo.scala-lang.org/artifactory/maven-nightlies/net/java/dev/jna/jna-platform/4.4.0/jna-platform-4.4.0.pom.sha1
2025.10.16 21:27:28 INFO  BSP server: Downloading https://repo.scala-lang.org/artifactory/maven-nightlies/com/chuusai/shapeless_2.12/2.3.3/shapeless_2.12-2.3.3.pom
2025.10.16 21:27:28 INFO  BSP server: Downloaded https://repo.scala-lang.org/artifactory/maven-nightlies/org/jctools/jctools-core/2.1.2/jctools-core-2.1.2.pom.sha1
2025.10.16 21:27:28 INFO  BSP server: Downloaded https://repo.scala-lang.org/artifactory/maven-nightlies/org/scala-sbt/zinc-compile-core_2.12/1.10.8/zinc-compile-core_2.12-1.10.8.pom
2025.10.16 21:27:28 INFO  BSP server: Downloading https://central.sonatype.com/repository/maven-snapshots/org/apache/logging/log4j/log4j-api/2.23.0/log4j-api-2.23.0.pom.sha1
2025.10.16 21:27:28 INFO  BSP server: Downloading https://repo.scala-lang.org/artifactory/maven-nightlies/com/outr/scribe_2.12/3.5.5/scribe_2.12-3.5.5.pom.sha1
2025.10.16 21:27:28 INFO  BSP server: Downloaded https://repo.scala-lang.org/artifactory/maven-nightlies/org/scalameta/trees_2.12/4.13.8/trees_2.12-4.13.8.pom
2025.10.16 21:27:28 INFO  BSP server: Downloading https://repo.scala-lang.org/artifactory/maven-nightlies/org/scala-sbt/ivy/ivy/2.3.0-sbt-77cc781d727b367d3761f097d89f5a4762771d41/ivy-2.3.0-sbt-77cc781d727b367d3761f097d89f5a4762771d41.pom
2025.10.16 21:27:28 INFO  BSP server: Downloaded https://repo.scala-lang.org/artifactory/maven-nightlies/com/outr/scribe_2.12/3.5.5/scribe_2.12-3.5.5.pom.sha1
2025.10.16 21:27:28 INFO  BSP server: Downloaded https://central.sonatype.com/repository/maven-snapshots/org/scala-sbt/librarymanagement-core_2.12/1.11.2/librarymanagement-core_2.12-1.11.2.pom.sha1
2025.10.16 21:27:28 INFO  BSP server: Downloading https://repo.scala-lang.org/artifactory/maven-nightlies/org/scala-sbt/zinc-core_2.12/1.10.8/zinc-core_2.12-1.10.8.pom.sha1
2025.10.16 21:27:28 INFO  BSP server: Downloading https://repo.scala-lang.org/artifactory/maven-nightlies/org/scala-sbt/zinc-persist_2.12/1.10.8/zinc-persist_2.12-1.10.8.pom.sha1
2025.10.16 21:27:28 INFO  BSP server: Downloaded https://repo.scala-lang.org/artifactory/maven-nightlies/com/chuusai/shapeless_2.12/2.3.3/shapeless_2.12-2.3.3.pom
2025.10.16 21:27:28 INFO  BSP server: Downloading https://repo.scala-lang.org/artifactory/maven-nightlies/org/scala-sbt/zinc-classfile_2.12/1.10.8/zinc-classfile_2.12-1.10.8.pom
2025.10.16 21:27:28 INFO  BSP server: Downloaded https://repo.scala-lang.org/artifactory/maven-nightlies/org/scala-sbt/ivy/ivy/2.3.0-sbt-77cc781d727b367d3761f097d89f5a4762771d41/ivy-2.3.0-sbt-77cc781d727b367d3761f097d89f5a4762771d41.pom
2025.10.16 21:27:28 INFO  BSP server: Downloading https://repo.scala-lang.org/artifactory/maven-nightlies/org/scala-sbt/zinc-compile-core_2.12/1.10.8/zinc-compile-core_2.12-1.10.8.pom.sha1
2025.10.16 21:27:28 INFO  BSP server: Downloaded https://repo.scala-lang.org/artifactory/maven-nightlies/org/scala-sbt/zinc-classfile_2.12/1.10.8/zinc-classfile_2.12-1.10.8.pom
2025.10.16 21:27:28 INFO  BSP server: Downloading https://repo.scala-lang.org/artifactory/maven-nightlies/org/scalameta/trees_2.12/4.13.8/trees_2.12-4.13.8.pom.sha1
2025.10.16 21:27:28 INFO  BSP server: Downloaded https://central.sonatype.com/repository/maven-snapshots/org/typelevel/cats-effect_2.12/2.1.3/cats-effect_2.12-2.1.3.pom.sha1
2025.10.16 21:27:28 INFO  BSP server: Downloading https://repo.scala-lang.org/artifactory/maven-nightlies/com/chuusai/shapeless_2.12/2.3.3/shapeless_2.12-2.3.3.pom.sha1
2025.10.16 21:27:28 INFO  BSP server: Downloaded https://repo.scala-lang.org/artifactory/maven-nightlies/org/scala-sbt/zinc-compile-core_2.12/1.10.8/zinc-compile-core_2.12-1.10.8.pom.sha1
2025.10.16 21:27:28 INFO  BSP server: Downloading https://repo.scala-lang.org/artifactory/maven-nightlies/org/scala-sbt/ivy/ivy/2.3.0-sbt-77cc781d727b367d3761f097d89f5a4762771d41/ivy-2.3.0-sbt-77cc781d727b367d3761f097d89f5a4762771d41.pom.sha1
2025.10.16 21:27:28 INFO  BSP server: Downloaded https://repo.scala-lang.org/artifactory/maven-nightlies/org/scala-sbt/zinc-persist_2.12/1.10.8/zinc-persist_2.12-1.10.8.pom.sha1
2025.10.16 21:27:28 INFO  BSP server: Downloading https://repo.scala-lang.org/artifactory/maven-nightlies/org/scala-sbt/librarymanagement-core_2.12/1.11.2/librarymanagement-core_2.12-1.11.2.pom
2025.10.16 21:27:28 INFO  BSP server: Downloaded https://repo.scala-lang.org/artifactory/maven-nightlies/org/scalameta/trees_2.12/4.13.8/trees_2.12-4.13.8.pom.sha1
2025.10.16 21:27:28 INFO  BSP server: Downloading https://repo.scala-lang.org/artifactory/maven-nightlies/org/scala-sbt/zinc-classfile_2.12/1.10.8/zinc-classfile_2.12-1.10.8.pom.sha1
2025.10.16 21:27:28 INFO  BSP server: Downloaded https://repo.scala-lang.org/artifactory/maven-nightlies/org/scala-sbt/zinc-core_2.12/1.10.8/zinc-core_2.12-1.10.8.pom.sha1
2025.10.16 21:27:28 INFO  BSP server: Downloaded https://repo.scala-lang.org/artifactory/maven-nightlies/org/scala-sbt/librarymanagement-core_2.12/1.11.2/librarymanagement-core_2.12-1.11.2.pom
2025.10.16 21:27:28 INFO  BSP server: Downloading https://repo.scala-lang.org/artifactory/maven-nightlies/org/typelevel/cats-effect_2.12/2.1.3/cats-effect_2.12-2.1.3.pom
2025.10.16 21:27:28 INFO  BSP server: Downloading https://repo.scala-lang.org/artifactory/maven-nightlies/org/scala-sbt/librarymanagement-core_2.12/1.11.2/librarymanagement-core_2.12-1.11.2.pom.sha1
2025.10.16 21:27:29 INFO  BSP server: Downloaded https://repo.scala-lang.org/artifactory/maven-nightlies/org/scala-sbt/zinc-classfile_2.12/1.10.8/zinc-classfile_2.12-1.10.8.pom.sha1
2025.10.16 21:27:29 INFO  BSP server: Downloaded https://central.sonatype.com/repository/maven-snapshots/org/apache/logging/log4j/log4j-api/2.23.0/log4j-api-2.23.0.pom.sha1
2025.10.16 21:27:29 INFO  BSP server: Downloading https://repo.scala-lang.org/artifactory/maven-nightlies/org/apache/logging/log4j/log4j-api/2.23.0/log4j-api-2.23.0.pom
2025.10.16 21:27:29 INFO  BSP server: Downloaded https://repo.scala-lang.org/artifactory/maven-nightlies/org/scala-sbt/librarymanagement-core_2.12/1.11.2/librarymanagement-core_2.12-1.11.2.pom.sha1
2025.10.16 21:27:29 INFO  BSP server: Downloaded https://repo.scala-lang.org/artifactory/maven-nightlies/org/scala-sbt/ivy/ivy/2.3.0-sbt-77cc781d727b367d3761f097d89f5a4762771d41/ivy-2.3.0-sbt-77cc781d727b367d3761f097d89f5a4762771d41.pom.sha1
2025.10.16 21:27:29 INFO  BSP server: Downloaded https://repo.scala-lang.org/artifactory/maven-nightlies/org/apache/logging/log4j/log4j-api/2.23.0/log4j-api-2.23.0.pom
2025.10.16 21:27:29 INFO  BSP server: Downloading https://repo.scala-lang.org/artifactory/maven-nightlies/org/apache/logging/log4j/log4j-api/2.23.0/log4j-api-2.23.0.pom.sha1
2025.10.16 21:27:29 INFO  BSP server: Downloaded https://repo.scala-lang.org/artifactory/maven-nightlies/com/chuusai/shapeless_2.12/2.3.3/shapeless_2.12-2.3.3.pom.sha1
2025.10.16 21:27:29 INFO  BSP server: Downloaded https://repo.scala-lang.org/artifactory/maven-nightlies/org/typelevel/cats-effect_2.12/2.1.3/cats-effect_2.12-2.1.3.pom
2025.10.16 21:27:29 INFO  BSP server: Downloading https://repo.scala-lang.org/artifactory/maven-nightlies/org/typelevel/cats-effect_2.12/2.1.3/cats-effect_2.12-2.1.3.pom.sha1
2025.10.16 21:27:29 INFO  BSP server: Downloaded https://repo.scala-lang.org/artifactory/maven-nightlies/org/apache/logging/log4j/log4j-api/2.23.0/log4j-api-2.23.0.pom.sha1
2025.10.16 21:27:29 INFO  BSP server: Downloaded https://repo.scala-lang.org/artifactory/maven-nightlies/org/typelevel/cats-effect_2.12/2.1.3/cats-effect_2.12-2.1.3.pom.sha1
2025.10.16 21:27:29 INFO  BSP server: Downloading https://oss.sonatype.org/content/repositories/snapshots/io/zipkin/zipkin-parent/2.27.0/zipkin-parent-2.27.0.pom
2025.10.16 21:27:29 INFO  no build target found for C:\Users\justi\OneDrive\Desktop\Semester 3\4. Software Engeneering\getting_started\introduction_to_scala.scala. Using presentation compiler with project's scala-library version: 3.3.6
2025.10.16 21:27:29 INFO  BSP server: Downloaded https://oss.sonatype.org/content/repositories/snapshots/io/zipkin/zipkin-parent/2.27.0/zipkin-parent-2.27.0.pom
2025.10.16 21:27:29 INFO  BSP server: Downloading https://oss.sonatype.org/content/repositories/snapshots/io/zipkin/zipkin-parent/2.27.0/zipkin-parent-2.27.0.pom.sha1
2025.10.16 21:27:30 INFO  BSP server: Downloaded https://oss.sonatype.org/content/repositories/snapshots/io/zipkin/zipkin-parent/2.27.0/zipkin-parent-2.27.0.pom.sha1
2025.10.16 21:27:30 INFO  BSP server: Downloading https://s01.oss.sonatype.org/content/repositories/snapshots/io/zipkin/zipkin-parent/2.27.0/zipkin-parent-2.27.0.pom
2025.10.16 21:27:30 INFO  BSP server: Downloaded https://s01.oss.sonatype.org/content/repositories/snapshots/io/zipkin/zipkin-parent/2.27.0/zipkin-parent-2.27.0.pom
2025.10.16 21:27:30 INFO  BSP server: Downloading https://s01.oss.sonatype.org/content/repositories/snapshots/io/zipkin/zipkin-parent/2.27.0/zipkin-parent-2.27.0.pom.sha1
2025.10.16 21:27:30 INFO  BSP server: Downloaded https://s01.oss.sonatype.org/content/repositories/snapshots/io/zipkin/zipkin-parent/2.27.0/zipkin-parent-2.27.0.pom.sha1
2025.10.16 21:27:30 INFO  BSP server: Downloading https://central.sonatype.com/repository/maven-snapshots/io/zipkin/zipkin-parent/2.27.0/zipkin-parent-2.27.0.pom
2025.10.16 21:27:31 INFO  BSP server: Downloaded https://central.sonatype.com/repository/maven-snapshots/io/zipkin/zipkin-parent/2.27.0/zipkin-parent-2.27.0.pom
2025.10.16 21:27:31 INFO  BSP server: Downloading https://central.sonatype.com/repository/maven-snapshots/io/zipkin/zipkin-parent/2.27.0/zipkin-parent-2.27.0.pom.sha1
2025.10.16 21:27:31 INFO  no build target found for C:\Users\justi\OneDrive\Desktop\Semester 3\4. Software Engeneering\getting_started\introduction_to_scala.scala. Using presentation compiler with project's scala-library version: 3.3.6
2025.10.16 21:27:32 INFO  BSP server: Downloaded https://central.sonatype.com/repository/maven-snapshots/io/zipkin/zipkin-parent/2.27.0/zipkin-parent-2.27.0.pom.sha1
2025.10.16 21:27:32 INFO  BSP server: Downloading https://repo.scala-lang.org/artifactory/maven-nightlies/io/zipkin/zipkin-parent/2.27.0/zipkin-parent-2.27.0.pom
2025.10.16 21:27:32 INFO  BSP server: Downloaded https://repo.scala-lang.org/artifactory/maven-nightlies/io/zipkin/zipkin-parent/2.27.0/zipkin-parent-2.27.0.pom
2025.10.16 21:27:32 INFO  BSP server: Downloading https://repo.scala-lang.org/artifactory/maven-nightlies/io/zipkin/zipkin-parent/2.27.0/zipkin-parent-2.27.0.pom.sha1
2025.10.16 21:27:32 INFO  BSP server: Downloaded https://repo.scala-lang.org/artifactory/maven-nightlies/io/zipkin/zipkin-parent/2.27.0/zipkin-parent-2.27.0.pom.sha1
2025.10.16 21:27:32 INFO  BSP server: Downloading https://oss.sonatype.org/content/repositories/snapshots/org/scalameta/io_2.12/4.13.8/io_2.12-4.13.8.pom
2025.10.16 21:27:32 INFO  BSP server: Downloading https://oss.sonatype.org/content/repositories/snapshots/org/typelevel/macro-compat_2.12/1.1.1/macro-compat_2.12-1.1.1.pom
2025.10.16 21:27:32 INFO  BSP server: Downloading https://oss.sonatype.org/content/repositories/snapshots/net/openhft/zero-allocation-hashing/0.16/zero-allocation-hashing-0.16.pom
2025.10.16 21:27:32 INFO  BSP server: Downloading https://oss.sonatype.org/content/repositories/snapshots/com/github/mwiede/jsch/0.2.23/jsch-0.2.23.pom
2025.10.16 21:27:32 INFO  BSP server: Downloading https://oss.sonatype.org/content/repositories/snapshots/org/scala-sbt/sbinary_2.12/0.5.1/sbinary_2.12-0.5.1.pom
2025.10.16 21:27:32 INFO  BSP server: Downloading https://oss.sonatype.org/content/repositories/snapshots/com/google/errorprone/error_prone_annotations/2.38.0/error_prone_annotations-2.38.0.pom
2025.10.16 21:27:32 INFO  BSP server: Downloaded https://oss.sonatype.org/content/repositories/snapshots/org/scalameta/io_2.12/4.13.8/io_2.12-4.13.8.pom
2025.10.16 21:27:32 INFO  BSP server: Downloading https://oss.sonatype.org/content/repositories/snapshots/org/scala-sbt/util-control_2.12/1.10.7/util-control_2.12-1.10.7.pom
2025.10.16 21:27:32 INFO  BSP server: Downloaded https://oss.sonatype.org/content/repositories/snapshots/org/scala-sbt/util-control_2.12/1.10.7/util-control_2.12-1.10.7.pom
2025.10.16 21:27:32 INFO  BSP server: Downloading https://oss.sonatype.org/content/repositories/snapshots/com/eed3si9n/gigahorse-apache-http_2.12/0.9.3/gigahorse-apache-http_2.12-0.9.3.pom
2025.10.16 21:27:32 INFO  BSP server: Downloaded https://oss.sonatype.org/content/repositories/snapshots/org/typelevel/macro-compat_2.12/1.1.1/macro-compat_2.12-1.1.1.pom
2025.10.16 21:27:32 INFO  BSP server: Downloading https://oss.sonatype.org/content/repositories/snapshots/com/outr/perfolation_2.12/1.2.8/perfolation_2.12-1.2.8.pom
2025.10.16 21:27:32 INFO  BSP server: Downloaded https://oss.sonatype.org/content/repositories/snapshots/net/openhft/zero-allocation-hashing/0.16/zero-allocation-hashing-0.16.pom
2025.10.16 21:27:32 INFO  BSP server: Downloading https://oss.sonatype.org/content/repositories/snapshots/org/scala-sbt/util-logging_2.12/1.11.0/util-logging_2.12-1.11.0.pom
2025.10.16 21:27:32 INFO  BSP server: Downloaded https://oss.sonatype.org/content/repositories/snapshots/com/github/mwiede/jsch/0.2.23/jsch-0.2.23.pom
2025.10.16 21:27:32 INFO  BSP server: Downloading https://oss.sonatype.org/content/repositories/snapshots/org/scalameta/common_2.12/4.13.8/common_2.12-4.13.8.pom
2025.10.16 21:27:32 INFO  BSP server: Downloaded https://oss.sonatype.org/content/repositories/snapshots/com/eed3si9n/gigahorse-apache-http_2.12/0.9.3/gigahorse-apache-http_2.12-0.9.3.pom
2025.10.16 21:27:32 INFO  BSP server: Downloading https://oss.sonatype.org/content/repositories/snapshots/org/scala-lang/modules/scala-xml_2.12/2.3.0/scala-xml_2.12-2.3.0.pom
2025.10.16 21:27:32 INFO  BSP server: Downloaded https://oss.sonatype.org/content/repositories/snapshots/com/google/errorprone/error_prone_annotations/2.38.0/error_prone_annotations-2.38.0.pom
2025.10.16 21:27:32 INFO  BSP server: Downloaded https://oss.sonatype.org/content/repositories/snapshots/org/scala-sbt/sbinary_2.12/0.5.1/sbinary_2.12-0.5.1.pom
2025.10.16 21:27:32 INFO  BSP server: Downloading https://oss.sonatype.org/content/repositories/snapshots/org/scalameta/io_2.12/4.13.8/io_2.12-4.13.8.pom.sha1
2025.10.16 21:27:32 INFO  BSP server: Downloading https://oss.sonatype.org/content/repositories/snapshots/org/typelevel/cats-core_2.12/2.1.1/cats-core_2.12-2.1.1.pom
2025.10.16 21:27:32 INFO  BSP server: Downloaded https://oss.sonatype.org/content/repositories/snapshots/com/outr/perfolation_2.12/1.2.8/perfolation_2.12-1.2.8.pom
2025.10.16 21:27:32 INFO  BSP server: Downloading https://oss.sonatype.org/content/repositories/snapshots/org/scala-lang/modules/scala-parser-combinators_2.12/1.1.2/scala-parser-combinators_2.12-1.1.2.pom
2025.10.16 21:27:32 INFO  BSP server: Downloaded https://oss.sonatype.org/content/repositories/snapshots/org/scala-sbt/util-logging_2.12/1.11.0/util-logging_2.12-1.11.0.pom
2025.10.16 21:27:32 INFO  BSP server: Downloading https://oss.sonatype.org/content/repositories/snapshots/org/scala-sbt/util-position_2.12/1.11.0/util-position_2.12-1.11.0.pom
2025.10.16 21:27:32 INFO  BSP server: Downloaded https://oss.sonatype.org/content/repositories/snapshots/org/scalameta/common_2.12/4.13.8/common_2.12-4.13.8.pom
2025.10.16 21:27:32 INFO  BSP server: Downloading https://oss.sonatype.org/content/repositories/snapshots/com/outr/moduload_2.12/1.1.5/moduload_2.12-1.1.5.pom
2025.10.16 21:27:32 INFO  BSP server: Downloaded https://oss.sonatype.org/content/repositories/snapshots/org/scalameta/io_2.12/4.13.8/io_2.12-4.13.8.pom.sha1
2025.10.16 21:27:32 INFO  BSP server: Downloading https://oss.sonatype.org/content/repositories/snapshots/org/scala-sbt/zinc-apiinfo_2.12/1.10.8/zinc-apiinfo_2.12-1.10.8.pom
2025.10.16 21:27:32 INFO  BSP server: Downloaded https://oss.sonatype.org/content/repositories/snapshots/org/typelevel/cats-core_2.12/2.1.1/cats-core_2.12-2.1.1.pom
2025.10.16 21:27:32 INFO  BSP server: Downloading https://oss.sonatype.org/content/repositories/snapshots/org/scala-sbt/util-control_2.12/1.10.7/util-control_2.12-1.10.7.pom.sha1
2025.10.16 21:27:32 INFO  BSP server: Downloaded https://oss.sonatype.org/content/repositories/snapshots/org/scala-lang/modules/scala-xml_2.12/2.3.0/scala-xml_2.12-2.3.0.pom
2025.10.16 21:27:32 INFO  BSP server: Downloading https://oss.sonatype.org/content/repositories/snapshots/org/scala-lang/scala-compiler/2.12.20/scala-compiler-2.12.20.pom
2025.10.16 21:27:32 INFO  BSP server: Downloaded https://oss.sonatype.org/content/repositories/snapshots/org/scala-lang/modules/scala-parser-combinators_2.12/1.1.2/scala-parser-combinators_2.12-1.1.2.pom
2025.10.16 21:27:32 INFO  BSP server: Downloading https://oss.sonatype.org/content/repositories/snapshots/org/typelevel/macro-compat_2.12/1.1.1/macro-compat_2.12-1.1.1.pom.sha1
2025.10.16 21:27:32 INFO  BSP server: Downloaded https://oss.sonatype.org/content/repositories/snapshots/org/scala-sbt/util-position_2.12/1.11.0/util-position_2.12-1.11.0.pom
2025.10.16 21:27:32 INFO  BSP server: Downloading https://oss.sonatype.org/content/repositories/snapshots/net/openhft/zero-allocation-hashing/0.16/zero-allocation-hashing-0.16.pom.sha1
2025.10.16 21:27:32 INFO  BSP server: Downloaded https://oss.sonatype.org/content/repositories/snapshots/com/outr/moduload_2.12/1.1.5/moduload_2.12-1.1.5.pom
2025.10.16 21:27:32 INFO  BSP server: Downloading https://oss.sonatype.org/content/repositories/snapshots/org/scala-sbt/zinc-persist-core-assembly/1.10.8/zinc-persist-core-assembly-1.10.8.pom
2025.10.16 21:27:32 INFO  BSP server: Downloaded https://oss.sonatype.org/content/repositories/snapshots/org/scala-sbt/zinc-apiinfo_2.12/1.10.8/zinc-apiinfo_2.12-1.10.8.pom
2025.10.16 21:27:32 INFO  BSP server: Downloading https://oss.sonatype.org/content/repositories/snapshots/com/github/mwiede/jsch/0.2.23/jsch-0.2.23.pom.sha1
2025.10.16 21:27:32 INFO  BSP server: Downloaded https://oss.sonatype.org/content/repositories/snapshots/org/scala-sbt/util-control_2.12/1.10.7/util-control_2.12-1.10.7.pom.sha1
2025.10.16 21:27:32 INFO  BSP server: Downloading https://oss.sonatype.org/content/repositories/snapshots/com/eed3si9n/gigahorse-apache-http_2.12/0.9.3/gigahorse-apache-http_2.12-0.9.3.pom.sha1
2025.10.16 21:27:33 INFO  BSP server: Downloaded https://oss.sonatype.org/content/repositories/snapshots/org/typelevel/macro-compat_2.12/1.1.1/macro-compat_2.12-1.1.1.pom.sha1
2025.10.16 21:27:33 INFO  BSP server: Downloading https://oss.sonatype.org/content/repositories/snapshots/com/google/errorprone/error_prone_annotations/2.38.0/error_prone_annotations-2.38.0.pom.sha1
2025.10.16 21:27:33 INFO  BSP server: Downloaded https://oss.sonatype.org/content/repositories/snapshots/org/scala-sbt/zinc-persist-core-assembly/1.10.8/zinc-persist-core-assembly-1.10.8.pom
2025.10.16 21:27:33 INFO  BSP server: Downloading https://oss.sonatype.org/content/repositories/snapshots/org/scala-sbt/sbinary_2.12/0.5.1/sbinary_2.12-0.5.1.pom.sha1
2025.10.16 21:27:33 INFO  BSP server: Downloaded https://oss.sonatype.org/content/repositories/snapshots/net/openhft/zero-allocation-hashing/0.16/zero-allocation-hashing-0.16.pom.sha1
2025.10.16 21:27:33 INFO  BSP server: Downloading https://oss.sonatype.org/content/repositories/snapshots/com/outr/perfolation_2.12/1.2.8/perfolation_2.12-1.2.8.pom.sha1
2025.10.16 21:27:33 INFO  BSP server: Downloaded https://oss.sonatype.org/content/repositories/snapshots/com/eed3si9n/gigahorse-apache-http_2.12/0.9.3/gigahorse-apache-http_2.12-0.9.3.pom.sha1
2025.10.16 21:27:33 INFO  BSP server: Downloading https://oss.sonatype.org/content/repositories/snapshots/org/scala-sbt/util-logging_2.12/1.11.0/util-logging_2.12-1.11.0.pom.sha1
2025.10.16 21:27:33 INFO  BSP server: Downloaded https://oss.sonatype.org/content/repositories/snapshots/com/github/mwiede/jsch/0.2.23/jsch-0.2.23.pom.sha1
2025.10.16 21:27:33 INFO  BSP server: Downloading https://oss.sonatype.org/content/repositories/snapshots/org/scalameta/common_2.12/4.13.8/common_2.12-4.13.8.pom.sha1
2025.10.16 21:27:33 INFO  BSP server: Downloaded https://oss.sonatype.org/content/repositories/snapshots/org/scala-lang/scala-compiler/2.12.20/scala-compiler-2.12.20.pom
2025.10.16 21:27:33 INFO  BSP server: Downloaded https://oss.sonatype.org/content/repositories/snapshots/com/google/errorprone/error_prone_annotations/2.38.0/error_prone_annotations-2.38.0.pom.sha1
2025.10.16 21:27:33 INFO  BSP server: Downloading https://oss.sonatype.org/content/repositories/snapshots/org/typelevel/cats-core_2.12/2.1.1/cats-core_2.12-2.1.1.pom.sha1
2025.10.16 21:27:33 INFO  BSP server: Downloading https://oss.sonatype.org/content/repositories/snapshots/org/scala-sbt/compiler-interface/1.10.8/compiler-interface-1.10.8.pom
2025.10.16 21:27:33 INFO  BSP server: Downloaded https://oss.sonatype.org/content/repositories/snapshots/org/scala-sbt/sbinary_2.12/0.5.1/sbinary_2.12-0.5.1.pom.sha1
2025.10.16 21:27:33 INFO  BSP server: Downloading https://oss.sonatype.org/content/repositories/snapshots/org/scala-sbt/io_2.12/1.10.5/io_2.12-1.10.5.pom
2025.10.16 21:27:33 INFO  BSP server: Downloaded https://oss.sonatype.org/content/repositories/snapshots/com/outr/perfolation_2.12/1.2.8/perfolation_2.12-1.2.8.pom.sha1
2025.10.16 21:27:33 INFO  BSP server: Downloading https://oss.sonatype.org/content/repositories/snapshots/org/scala-lang/modules/scala-xml_2.12/2.3.0/scala-xml_2.12-2.3.0.pom.sha1
2025.10.16 21:27:33 INFO  BSP server: Downloaded https://oss.sonatype.org/content/repositories/snapshots/org/scalameta/common_2.12/4.13.8/common_2.12-4.13.8.pom.sha1
2025.10.16 21:27:33 INFO  BSP server: Downloading https://oss.sonatype.org/content/repositories/snapshots/org/scala-lang/modules/scala-parser-combinators_2.12/1.1.2/scala-parser-combinators_2.12-1.1.2.pom.sha1
2025.10.16 21:27:33 INFO  BSP server: Downloaded https://oss.sonatype.org/content/repositories/snapshots/org/scala-sbt/util-logging_2.12/1.11.0/util-logging_2.12-1.11.0.pom.sha1
2025.10.16 21:27:33 INFO  BSP server: Downloading https://oss.sonatype.org/content/repositories/snapshots/org/scala-sbt/util-position_2.12/1.11.0/util-position_2.12-1.11.0.pom.sha1
2025.10.16 21:27:33 INFO  BSP server: Downloaded https://oss.sonatype.org/content/repositories/snapshots/org/typelevel/cats-core_2.12/2.1.1/cats-core_2.12-2.1.1.pom.sha1
2025.10.16 21:27:33 INFO  BSP server: Downloading https://oss.sonatype.org/content/repositories/snapshots/com/outr/moduload_2.12/1.1.5/moduload_2.12-1.1.5.pom.sha1
2025.10.16 21:27:33 INFO  BSP server: Downloaded https://oss.sonatype.org/content/repositories/snapshots/org/scala-sbt/compiler-interface/1.10.8/compiler-interface-1.10.8.pom
2025.10.16 21:27:33 INFO  BSP server: Downloading https://oss.sonatype.org/content/repositories/snapshots/org/scala-sbt/zinc-apiinfo_2.12/1.10.8/zinc-apiinfo_2.12-1.10.8.pom.sha1
2025.10.16 21:27:33 INFO  BSP server: Downloaded https://oss.sonatype.org/content/repositories/snapshots/org/scala-sbt/io_2.12/1.10.5/io_2.12-1.10.5.pom
2025.10.16 21:27:33 INFO  BSP server: Downloading https://oss.sonatype.org/content/repositories/snapshots/org/scala-sbt/launcher-interface/1.4.4/launcher-interface-1.4.4.pom
2025.10.16 21:27:33 INFO  BSP server: Downloaded https://oss.sonatype.org/content/repositories/snapshots/org/scala-lang/modules/scala-xml_2.12/2.3.0/scala-xml_2.12-2.3.0.pom.sha1
2025.10.16 21:27:33 INFO  BSP server: Downloading https://oss.sonatype.org/content/repositories/snapshots/org/scala-sbt/zinc-persist-core-assembly/1.10.8/zinc-persist-core-assembly-1.10.8.pom.sha1
2025.10.16 21:27:33 INFO  BSP server: Downloaded https://oss.sonatype.org/content/repositories/snapshots/org/scala-lang/modules/scala-parser-combinators_2.12/1.1.2/scala-parser-combinators_2.12-1.1.2.pom.sha1
2025.10.16 21:27:33 INFO  BSP server: Downloading https://oss.sonatype.org/content/repositories/snapshots/org/scala-sbt/zinc-classpath_2.12/1.10.8/zinc-classpath_2.12-1.10.8.pom
2025.10.16 21:27:33 INFO  BSP server: Downloaded https://oss.sonatype.org/content/repositories/snapshots/com/outr/moduload_2.12/1.1.5/moduload_2.12-1.1.5.pom.sha1
2025.10.16 21:27:33 INFO  BSP server: Downloading https://oss.sonatype.org/content/repositories/snapshots/org/scala-lang/scala-compiler/2.12.20/scala-compiler-2.12.20.pom.sha1
2025.10.16 21:27:33 INFO  BSP server: Downloaded https://oss.sonatype.org/content/repositories/snapshots/org/scala-sbt/zinc-apiinfo_2.12/1.10.8/zinc-apiinfo_2.12-1.10.8.pom.sha1
2025.10.16 21:27:33 INFO  BSP server: Downloading https://oss.sonatype.org/content/repositories/snapshots/org/scala-sbt/util-cache_2.12/1.11.0/util-cache_2.12-1.11.0.pom
2025.10.16 21:27:33 INFO  BSP server: Downloaded https://oss.sonatype.org/content/repositories/snapshots/org/scala-sbt/launcher-interface/1.4.4/launcher-interface-1.4.4.pom
2025.10.16 21:27:33 INFO  BSP server: Downloading https://oss.sonatype.org/content/repositories/snapshots/org/scala-sbt/util-relation_2.12/1.10.7/util-relation_2.12-1.10.7.pom
2025.10.16 21:27:33 INFO  BSP server: Downloaded https://oss.sonatype.org/content/repositories/snapshots/org/scala-sbt/zinc-persist-core-assembly/1.10.8/zinc-persist-core-assembly-1.10.8.pom.sha1
2025.10.16 21:27:33 INFO  BSP server: Downloading https://s01.oss.sonatype.org/content/repositories/snapshots/org/scalameta/io_2.12/4.13.8/io_2.12-4.13.8.pom
2025.10.16 21:27:33 INFO  BSP server: Downloaded https://oss.sonatype.org/content/repositories/snapshots/org/scala-sbt/zinc-classpath_2.12/1.10.8/zinc-classpath_2.12-1.10.8.pom
2025.10.16 21:27:33 INFO  BSP server: Downloading https://oss.sonatype.org/content/repositories/snapshots/org/scala-sbt/compiler-interface/1.10.8/compiler-interface-1.10.8.pom.sha1
2025.10.16 21:27:33 INFO  BSP server: Downloaded https://oss.sonatype.org/content/repositories/snapshots/org/scala-lang/scala-compiler/2.12.20/scala-compiler-2.12.20.pom.sha1
2025.10.16 21:27:33 INFO  BSP server: Downloading https://oss.sonatype.org/content/repositories/snapshots/org/scala-sbt/io_2.12/1.10.5/io_2.12-1.10.5.pom.sha1
2025.10.16 21:27:33 INFO  BSP server: Downloaded https://oss.sonatype.org/content/repositories/snapshots/org/scala-sbt/util-cache_2.12/1.11.0/util-cache_2.12-1.11.0.pom
2025.10.16 21:27:33 INFO  BSP server: Downloading https://s01.oss.sonatype.org/content/repositories/snapshots/org/scala-sbt/util-control_2.12/1.10.7/util-control_2.12-1.10.7.pom
2025.10.16 21:27:33 INFO  BSP server: Downloaded https://oss.sonatype.org/content/repositories/snapshots/org/scala-sbt/util-position_2.12/1.11.0/util-position_2.12-1.11.0.pom.sha1
2025.10.16 21:27:33 INFO  BSP server: Downloading https://s01.oss.sonatype.org/content/repositories/snapshots/org/typelevel/macro-compat_2.12/1.1.1/macro-compat_2.12-1.1.1.pom
2025.10.16 21:27:33 INFO  BSP server: Downloaded https://oss.sonatype.org/content/repositories/snapshots/org/scala-sbt/util-relation_2.12/1.10.7/util-relation_2.12-1.10.7.pom
2025.10.16 21:27:33 INFO  BSP server: Downloading https://s01.oss.sonatype.org/content/repositories/snapshots/net/openhft/zero-allocation-hashing/0.16/zero-allocation-hashing-0.16.pom
2025.10.16 21:27:33 INFO  BSP server: Downloaded https://oss.sonatype.org/content/repositories/snapshots/org/scala-sbt/compiler-interface/1.10.8/compiler-interface-1.10.8.pom.sha1
2025.10.16 21:27:33 INFO  BSP server: Downloading https://oss.sonatype.org/content/repositories/snapshots/org/scala-sbt/launcher-interface/1.4.4/launcher-interface-1.4.4.pom.sha1
2025.10.16 21:27:33 INFO  BSP server: Downloaded https://oss.sonatype.org/content/repositories/snapshots/org/scala-sbt/io_2.12/1.10.5/io_2.12-1.10.5.pom.sha1
2025.10.16 21:27:33 INFO  BSP server: Downloading https://s01.oss.sonatype.org/content/repositories/snapshots/com/eed3si9n/gigahorse-apache-http_2.12/0.9.3/gigahorse-apache-http_2.12-0.9.3.pom
2025.10.16 21:27:33 INFO  BSP server: Downloaded https://oss.sonatype.org/content/repositories/snapshots/org/scala-sbt/launcher-interface/1.4.4/launcher-interface-1.4.4.pom.sha1
2025.10.16 21:27:33 INFO  BSP server: Downloading https://s01.oss.sonatype.org/content/repositories/snapshots/com/github/mwiede/jsch/0.2.23/jsch-0.2.23.pom
2025.10.16 21:27:33 INFO  BSP server: Downloaded https://s01.oss.sonatype.org/content/repositories/snapshots/org/scala-sbt/util-control_2.12/1.10.7/util-control_2.12-1.10.7.pom
2025.10.16 21:27:33 INFO  BSP server: Downloading https://oss.sonatype.org/content/repositories/snapshots/org/scala-sbt/zinc-classpath_2.12/1.10.8/zinc-classpath_2.12-1.10.8.pom.sha1
2025.10.16 21:27:33 INFO  BSP server: Downloaded https://s01.oss.sonatype.org/content/repositories/snapshots/org/typelevel/macro-compat_2.12/1.1.1/macro-compat_2.12-1.1.1.pom
2025.10.16 21:27:33 INFO  BSP server: Downloading https://s01.oss.sonatype.org/content/repositories/snapshots/com/google/errorprone/error_prone_annotations/2.38.0/error_prone_annotations-2.38.0.pom
2025.10.16 21:27:33 INFO  BSP server: Downloaded https://s01.oss.sonatype.org/content/repositories/snapshots/net/openhft/zero-allocation-hashing/0.16/zero-allocation-hashing-0.16.pom
2025.10.16 21:27:33 INFO  BSP server: Downloading https://s01.oss.sonatype.org/content/repositories/snapshots/org/scala-sbt/sbinary_2.12/0.5.1/sbinary_2.12-0.5.1.pom
2025.10.16 21:27:33 INFO  BSP server: Downloaded https://oss.sonatype.org/content/repositories/snapshots/org/scala-sbt/zinc-classpath_2.12/1.10.8/zinc-classpath_2.12-1.10.8.pom.sha1
2025.10.16 21:27:33 INFO  BSP server: Downloading https://s01.oss.sonatype.org/content/repositories/snapshots/com/outr/perfolation_2.12/1.2.8/perfolation_2.12-1.2.8.pom
2025.10.16 21:27:33 INFO  BSP server: Downloaded https://s01.oss.sonatype.org/content/repositories/snapshots/com/github/mwiede/jsch/0.2.23/jsch-0.2.23.pom
2025.10.16 21:27:33 INFO  BSP server: Downloading https://oss.sonatype.org/content/repositories/snapshots/org/scala-sbt/util-cache_2.12/1.11.0/util-cache_2.12-1.11.0.pom.sha1
2025.10.16 21:27:33 INFO  BSP server: Downloaded https://s01.oss.sonatype.org/content/repositories/snapshots/com/google/errorprone/error_prone_annotations/2.38.0/error_prone_annotations-2.38.0.pom
2025.10.16 21:27:33 INFO  BSP server: Downloading https://s01.oss.sonatype.org/content/repositories/snapshots/org/scalameta/common_2.12/4.13.8/common_2.12-4.13.8.pom
2025.10.16 21:27:33 INFO  BSP server: Downloaded https://oss.sonatype.org/content/repositories/snapshots/org/scala-sbt/util-cache_2.12/1.11.0/util-cache_2.12-1.11.0.pom.sha1
2025.10.16 21:27:33 INFO  BSP server: Downloading https://s01.oss.sonatype.org/content/repositories/snapshots/org/scala-sbt/util-logging_2.12/1.11.0/util-logging_2.12-1.11.0.pom
2025.10.16 21:27:33 INFO  BSP server: Downloaded https://s01.oss.sonatype.org/content/repositories/snapshots/com/outr/perfolation_2.12/1.2.8/perfolation_2.12-1.2.8.pom
2025.10.16 21:27:33 INFO  BSP server: Downloading https://s01.oss.sonatype.org/content/repositories/snapshots/org/typelevel/cats-core_2.12/2.1.1/cats-core_2.12-2.1.1.pom
2025.10.16 21:27:33 INFO  BSP server: Downloaded https://s01.oss.sonatype.org/content/repositories/snapshots/org/scalameta/common_2.12/4.13.8/common_2.12-4.13.8.pom
2025.10.16 21:27:33 INFO  BSP server: Downloading https://s01.oss.sonatype.org/content/repositories/snapshots/org/scala-lang/modules/scala-xml_2.12/2.3.0/scala-xml_2.12-2.3.0.pom
2025.10.16 21:27:33 INFO  BSP server: Downloaded https://s01.oss.sonatype.org/content/repositories/snapshots/com/eed3si9n/gigahorse-apache-http_2.12/0.9.3/gigahorse-apache-http_2.12-0.9.3.pom
2025.10.16 21:27:33 INFO  BSP server: Downloading https://oss.sonatype.org/content/repositories/snapshots/org/scala-sbt/util-relation_2.12/1.10.7/util-relation_2.12-1.10.7.pom.sha1
2025.10.16 21:27:33 INFO  BSP server: Downloaded https://s01.oss.sonatype.org/content/repositories/snapshots/org/scala-sbt/sbinary_2.12/0.5.1/sbinary_2.12-0.5.1.pom
2025.10.16 21:27:33 INFO  BSP server: Downloading https://s01.oss.sonatype.org/content/repositories/snapshots/org/scala-lang/modules/scala-parser-combinators_2.12/1.1.2/scala-parser-combinators_2.12-1.1.2.pom
2025.10.16 21:27:34 INFO  BSP server: Downloaded https://oss.sonatype.org/content/repositories/snapshots/org/scala-sbt/util-relation_2.12/1.10.7/util-relation_2.12-1.10.7.pom.sha1
2025.10.16 21:27:34 INFO  BSP server: Downloading https://s01.oss.sonatype.org/content/repositories/snapshots/com/outr/moduload_2.12/1.1.5/moduload_2.12-1.1.5.pom
2025.10.16 21:27:34 INFO  BSP server: Downloaded https://s01.oss.sonatype.org/content/repositories/snapshots/org/scala-lang/modules/scala-parser-combinators_2.12/1.1.2/scala-parser-combinators_2.12-1.1.2.pom
2025.10.16 21:27:34 INFO  BSP server: Downloading https://s01.oss.sonatype.org/content/repositories/snapshots/org/scala-sbt/util-control_2.12/1.10.7/util-control_2.12-1.10.7.pom.sha1
2025.10.16 21:27:34 INFO  BSP server: Downloaded https://s01.oss.sonatype.org/content/repositories/snapshots/com/outr/moduload_2.12/1.1.5/moduload_2.12-1.1.5.pom
2025.10.16 21:27:34 INFO  BSP server: Downloading https://s01.oss.sonatype.org/content/repositories/snapshots/org/scala-sbt/zinc-apiinfo_2.12/1.10.8/zinc-apiinfo_2.12-1.10.8.pom
2025.10.16 21:27:34 INFO  BSP server: Downloaded https://s01.oss.sonatype.org/content/repositories/snapshots/org/scala-sbt/util-logging_2.12/1.11.0/util-logging_2.12-1.11.0.pom
2025.10.16 21:27:34 INFO  BSP server: Downloading https://s01.oss.sonatype.org/content/repositories/snapshots/org/typelevel/macro-compat_2.12/1.1.1/macro-compat_2.12-1.1.1.pom.sha1
2025.10.16 21:27:34 INFO  BSP server: Downloaded https://s01.oss.sonatype.org/content/repositories/snapshots/org/scala-sbt/util-control_2.12/1.10.7/util-control_2.12-1.10.7.pom.sha1
2025.10.16 21:27:34 INFO  BSP server: Downloading https://s01.oss.sonatype.org/content/repositories/snapshots/net/openhft/zero-allocation-hashing/0.16/zero-allocation-hashing-0.16.pom.sha1
2025.10.16 21:27:34 INFO  BSP server: Downloaded https://s01.oss.sonatype.org/content/repositories/snapshots/org/scala-sbt/zinc-apiinfo_2.12/1.10.8/zinc-apiinfo_2.12-1.10.8.pom
2025.10.16 21:27:34 INFO  BSP server: Downloading https://s01.oss.sonatype.org/content/repositories/snapshots/org/scala-sbt/zinc-persist-core-assembly/1.10.8/zinc-persist-core-assembly-1.10.8.pom
2025.10.16 21:27:34 INFO  BSP server: Downloaded https://s01.oss.sonatype.org/content/repositories/snapshots/org/typelevel/macro-compat_2.12/1.1.1/macro-compat_2.12-1.1.1.pom.sha1
2025.10.16 21:27:34 INFO  BSP server: Downloading https://s01.oss.sonatype.org/content/repositories/snapshots/com/github/mwiede/jsch/0.2.23/jsch-0.2.23.pom.sha1
2025.10.16 21:27:34 INFO  BSP server: Downloaded https://s01.oss.sonatype.org/content/repositories/snapshots/net/openhft/zero-allocation-hashing/0.16/zero-allocation-hashing-0.16.pom.sha1
2025.10.16 21:27:34 INFO  BSP server: Downloading https://s01.oss.sonatype.org/content/repositories/snapshots/com/google/errorprone/error_prone_annotations/2.38.0/error_prone_annotations-2.38.0.pom.sha1
2025.10.16 21:27:34 INFO  BSP server: Downloaded https://s01.oss.sonatype.org/content/repositories/snapshots/org/scala-sbt/zinc-persist-core-assembly/1.10.8/zinc-persist-core-assembly-1.10.8.pom
2025.10.16 21:27:34 INFO  BSP server: Downloading https://s01.oss.sonatype.org/content/repositories/snapshots/com/outr/perfolation_2.12/1.2.8/perfolation_2.12-1.2.8.pom.sha1
2025.10.16 21:27:34 INFO  BSP server: Downloaded https://s01.oss.sonatype.org/content/repositories/snapshots/com/github/mwiede/jsch/0.2.23/jsch-0.2.23.pom.sha1
2025.10.16 21:27:34 INFO  BSP server: Downloading https://s01.oss.sonatype.org/content/repositories/snapshots/org/scalameta/common_2.12/4.13.8/common_2.12-4.13.8.pom.sha1
2025.10.16 21:27:34 INFO  BSP server: Downloaded https://s01.oss.sonatype.org/content/repositories/snapshots/com/google/errorprone/error_prone_annotations/2.38.0/error_prone_annotations-2.38.0.pom.sha1
2025.10.16 21:27:34 INFO  BSP server: Downloading https://s01.oss.sonatype.org/content/repositories/snapshots/org/scala-lang/scala-compiler/2.12.20/scala-compiler-2.12.20.pom
2025.10.16 21:27:34 INFO  BSP server: Downloaded https://s01.oss.sonatype.org/content/repositories/snapshots/org/scalameta/io_2.12/4.13.8/io_2.12-4.13.8.pom
2025.10.16 21:27:34 INFO  BSP server: Downloading https://s01.oss.sonatype.org/content/repositories/snapshots/com/eed3si9n/gigahorse-apache-http_2.12/0.9.3/gigahorse-apache-http_2.12-0.9.3.pom.sha1
2025.10.16 21:27:34 INFO  BSP server: Downloaded https://s01.oss.sonatype.org/content/repositories/snapshots/com/outr/perfolation_2.12/1.2.8/perfolation_2.12-1.2.8.pom.sha1
2025.10.16 21:27:34 INFO  BSP server: Downloading https://s01.oss.sonatype.org/content/repositories/snapshots/org/scala-sbt/sbinary_2.12/0.5.1/sbinary_2.12-0.5.1.pom.sha1
2025.10.16 21:27:34 INFO  BSP server: Downloaded https://s01.oss.sonatype.org/content/repositories/snapshots/org/scalameta/common_2.12/4.13.8/common_2.12-4.13.8.pom.sha1
2025.10.16 21:27:34 INFO  BSP server: Downloading https://s01.oss.sonatype.org/content/repositories/snapshots/org/scala-sbt/util-position_2.12/1.11.0/util-position_2.12-1.11.0.pom
2025.10.16 21:27:34 INFO  BSP server: Downloaded https://s01.oss.sonatype.org/content/repositories/snapshots/org/scala-lang/scala-compiler/2.12.20/scala-compiler-2.12.20.pom
2025.10.16 21:27:34 INFO  BSP server: Downloading https://s01.oss.sonatype.org/content/repositories/snapshots/org/scala-lang/modules/scala-parser-combinators_2.12/1.1.2/scala-parser-combinators_2.12-1.1.2.pom.sha1
2025.10.16 21:27:34 INFO  BSP server: Downloaded https://s01.oss.sonatype.org/content/repositories/snapshots/com/eed3si9n/gigahorse-apache-http_2.12/0.9.3/gigahorse-apache-http_2.12-0.9.3.pom.sha1
2025.10.16 21:27:34 INFO  BSP server: Downloading https://s01.oss.sonatype.org/content/repositories/snapshots/com/outr/moduload_2.12/1.1.5/moduload_2.12-1.1.5.pom.sha1
2025.10.16 21:27:34 INFO  BSP server: Downloaded https://s01.oss.sonatype.org/content/repositories/snapshots/org/scala-sbt/sbinary_2.12/0.5.1/sbinary_2.12-0.5.1.pom.sha1
2025.10.16 21:27:34 INFO  BSP server: Downloading https://s01.oss.sonatype.org/content/repositories/snapshots/org/scala-sbt/compiler-interface/1.10.8/compiler-interface-1.10.8.pom
2025.10.16 21:27:34 INFO  BSP server: Downloaded https://s01.oss.sonatype.org/content/repositories/snapshots/org/scala-sbt/util-position_2.12/1.11.0/util-position_2.12-1.11.0.pom
2025.10.16 21:27:34 INFO  BSP server: Downloading https://s01.oss.sonatype.org/content/repositories/snapshots/org/scala-sbt/util-logging_2.12/1.11.0/util-logging_2.12-1.11.0.pom.sha1
2025.10.16 21:27:34 INFO  BSP server: Downloaded https://s01.oss.sonatype.org/content/repositories/snapshots/org/scala-lang/modules/scala-parser-combinators_2.12/1.1.2/scala-parser-combinators_2.12-1.1.2.pom.sha1
2025.10.16 21:27:34 INFO  BSP server: Downloading https://s01.oss.sonatype.org/content/repositories/snapshots/org/scala-sbt/zinc-apiinfo_2.12/1.10.8/zinc-apiinfo_2.12-1.10.8.pom.sha1
2025.10.16 21:27:36 INFO  BSP server: Downloaded https://s01.oss.sonatype.org/content/repositories/snapshots/org/scala-sbt/compiler-interface/1.10.8/compiler-interface-1.10.8.pom
2025.10.16 21:27:36 INFO  BSP server: Downloading https://s01.oss.sonatype.org/content/repositories/snapshots/org/scala-sbt/io_2.12/1.10.5/io_2.12-1.10.5.pom
2025.10.16 21:27:36 INFO  BSP server: Downloaded https://s01.oss.sonatype.org/content/repositories/snapshots/org/scala-sbt/util-logging_2.12/1.11.0/util-logging_2.12-1.11.0.pom.sha1
2025.10.16 21:27:36 INFO  BSP server: Downloading https://s01.oss.sonatype.org/content/repositories/snapshots/org/scala-sbt/launcher-interface/1.4.4/launcher-interface-1.4.4.pom
2025.10.16 21:27:36 INFO  BSP server: Downloaded https://s01.oss.sonatype.org/content/repositories/snapshots/org/scala-sbt/zinc-apiinfo_2.12/1.10.8/zinc-apiinfo_2.12-1.10.8.pom.sha1
2025.10.16 21:27:36 INFO  BSP server: Downloading https://s01.oss.sonatype.org/content/repositories/snapshots/org/scala-sbt/zinc-persist-core-assembly/1.10.8/zinc-persist-core-assembly-1.10.8.pom.sha1
2025.10.16 21:27:36 INFO  BSP server: Downloaded https://s01.oss.sonatype.org/content/repositories/snapshots/org/scala-sbt/io_2.12/1.10.5/io_2.12-1.10.5.pom
2025.10.16 21:27:36 INFO  BSP server: Downloading https://s01.oss.sonatype.org/content/repositories/snapshots/org/scala-sbt/zinc-classpath_2.12/1.10.8/zinc-classpath_2.12-1.10.8.pom
2025.10.16 21:27:36 INFO  BSP server: Downloaded https://s01.oss.sonatype.org/content/repositories/snapshots/org/scala-sbt/launcher-interface/1.4.4/launcher-interface-1.4.4.pom
2025.10.16 21:27:36 INFO  BSP server: Downloading https://s01.oss.sonatype.org/content/repositories/snapshots/org/scalameta/io_2.12/4.13.8/io_2.12-4.13.8.pom.sha1
2025.10.16 21:27:36 INFO  BSP server: Downloaded https://s01.oss.sonatype.org/content/repositories/snapshots/org/scala-sbt/zinc-persist-core-assembly/1.10.8/zinc-persist-core-assembly-1.10.8.pom.sha1
2025.10.16 21:27:36 INFO  BSP server: Downloading https://s01.oss.sonatype.org/content/repositories/snapshots/org/scala-sbt/util-cache_2.12/1.11.0/util-cache_2.12-1.11.0.pom
2025.10.16 21:27:36 INFO  BSP server: Downloaded https://s01.oss.sonatype.org/content/repositories/snapshots/org/scalameta/io_2.12/4.13.8/io_2.12-4.13.8.pom.sha1
2025.10.16 21:27:36 INFO  BSP server: Downloading https://s01.oss.sonatype.org/content/repositories/snapshots/org/scala-lang/scala-compiler/2.12.20/scala-compiler-2.12.20.pom.sha1
2025.10.16 21:27:36 INFO  BSP server: Downloaded https://s01.oss.sonatype.org/content/repositories/snapshots/org/scala-lang/modules/scala-xml_2.12/2.3.0/scala-xml_2.12-2.3.0.pom
2025.10.16 21:27:36 INFO  BSP server: Downloading https://s01.oss.sonatype.org/content/repositories/snapshots/org/scala-sbt/util-relation_2.12/1.10.7/util-relation_2.12-1.10.7.pom
2025.10.16 21:27:36 INFO  BSP server: Downloaded https://s01.oss.sonatype.org/content/repositories/snapshots/org/scala-sbt/util-cache_2.12/1.11.0/util-cache_2.12-1.11.0.pom
2025.10.16 21:27:36 INFO  BSP server: Downloading https://s01.oss.sonatype.org/content/repositories/snapshots/org/scala-sbt/util-position_2.12/1.11.0/util-position_2.12-1.11.0.pom.sha1
2025.10.16 21:27:36 INFO  BSP server: Downloaded https://s01.oss.sonatype.org/content/repositories/snapshots/org/scala-lang/scala-compiler/2.12.20/scala-compiler-2.12.20.pom.sha1
2025.10.16 21:27:36 INFO  BSP server: Downloading https://s01.oss.sonatype.org/content/repositories/snapshots/org/scala-sbt/compiler-interface/1.10.8/compiler-interface-1.10.8.pom.sha1
2025.10.16 21:27:36 INFO  BSP server: Downloaded https://s01.oss.sonatype.org/content/repositories/snapshots/org/scala-sbt/util-position_2.12/1.11.0/util-position_2.12-1.11.0.pom.sha1
2025.10.16 21:27:36 INFO  BSP server: Downloading https://central.sonatype.com/repository/maven-snapshots/org/scala-sbt/util-control_2.12/1.10.7/util-control_2.12-1.10.7.pom
2025.10.16 21:27:36 INFO  BSP server: Downloaded https://s01.oss.sonatype.org/content/repositories/snapshots/org/scala-sbt/compiler-interface/1.10.8/compiler-interface-1.10.8.pom.sha1
2025.10.16 21:27:36 INFO  BSP server: Downloading https://s01.oss.sonatype.org/content/repositories/snapshots/org/scala-sbt/io_2.12/1.10.5/io_2.12-1.10.5.pom.sha1
2025.10.16 21:27:36 INFO  BSP server: Downloaded https://s01.oss.sonatype.org/content/repositories/snapshots/org/scala-sbt/io_2.12/1.10.5/io_2.12-1.10.5.pom.sha1
2025.10.16 21:27:36 INFO  BSP server: Downloading https://s01.oss.sonatype.org/content/repositories/snapshots/org/scala-sbt/launcher-interface/1.4.4/launcher-interface-1.4.4.pom.sha1
2025.10.16 21:27:36 INFO  BSP server: Downloaded https://s01.oss.sonatype.org/content/repositories/snapshots/com/outr/moduload_2.12/1.1.5/moduload_2.12-1.1.5.pom.sha1
2025.10.16 21:27:36 INFO  BSP server: Downloading https://central.sonatype.com/repository/maven-snapshots/org/typelevel/macro-compat_2.12/1.1.1/macro-compat_2.12-1.1.1.pom
2025.10.16 21:27:37 INFO  BSP server: Downloaded https://s01.oss.sonatype.org/content/repositories/snapshots/org/scala-sbt/launcher-interface/1.4.4/launcher-interface-1.4.4.pom.sha1
2025.10.16 21:27:37 INFO  BSP server: Downloading https://central.sonatype.com/repository/maven-snapshots/net/openhft/zero-allocation-hashing/0.16/zero-allocation-hashing-0.16.pom
2025.10.16 21:27:37 INFO  BSP server: Downloaded https://s01.oss.sonatype.org/content/repositories/snapshots/org/scala-sbt/zinc-classpath_2.12/1.10.8/zinc-classpath_2.12-1.10.8.pom
2025.10.16 21:27:37 INFO  BSP server: Downloading https://central.sonatype.com/repository/maven-snapshots/com/github/mwiede/jsch/0.2.23/jsch-0.2.23.pom
2025.10.16 21:27:37 INFO  BSP server: Downloaded https://central.sonatype.com/repository/maven-snapshots/org/typelevel/macro-compat_2.12/1.1.1/macro-compat_2.12-1.1.1.pom
2025.10.16 21:27:37 INFO  BSP server: Downloading https://central.sonatype.com/repository/maven-snapshots/com/google/errorprone/error_prone_annotations/2.38.0/error_prone_annotations-2.38.0.pom
2025.10.16 21:27:37 INFO  BSP server: Downloaded https://s01.oss.sonatype.org/content/repositories/snapshots/org/scala-sbt/util-relation_2.12/1.10.7/util-relation_2.12-1.10.7.pom
2025.10.16 21:27:37 INFO  BSP server: Downloading https://s01.oss.sonatype.org/content/repositories/snapshots/org/scala-lang/modules/scala-xml_2.12/2.3.0/scala-xml_2.12-2.3.0.pom.sha1
2025.10.16 21:27:37 INFO  BSP server: Downloaded https://central.sonatype.com/repository/maven-snapshots/net/openhft/zero-allocation-hashing/0.16/zero-allocation-hashing-0.16.pom
2025.10.16 21:27:37 INFO  BSP server: Downloading https://central.sonatype.com/repository/maven-snapshots/com/outr/perfolation_2.12/1.2.8/perfolation_2.12-1.2.8.pom
2025.10.16 21:27:37 INFO  BSP server: Downloaded https://s01.oss.sonatype.org/content/repositories/snapshots/org/scala-lang/modules/scala-xml_2.12/2.3.0/scala-xml_2.12-2.3.0.pom.sha1
2025.10.16 21:27:37 INFO  BSP server: Downloading https://central.sonatype.com/repository/maven-snapshots/org/scalameta/common_2.12/4.13.8/common_2.12-4.13.8.pom
2025.10.16 21:27:37 INFO  BSP server: Downloaded https://central.sonatype.com/repository/maven-snapshots/com/github/mwiede/jsch/0.2.23/jsch-0.2.23.pom
2025.10.16 21:27:37 INFO  BSP server: Downloading https://s01.oss.sonatype.org/content/repositories/snapshots/org/scala-sbt/util-cache_2.12/1.11.0/util-cache_2.12-1.11.0.pom.sha1
2025.10.16 21:27:37 INFO  BSP server: Downloaded https://s01.oss.sonatype.org/content/repositories/snapshots/org/typelevel/cats-core_2.12/2.1.1/cats-core_2.12-2.1.1.pom
2025.10.16 21:27:37 INFO  BSP server: Downloading https://central.sonatype.com/repository/maven-snapshots/com/eed3si9n/gigahorse-apache-http_2.12/0.9.3/gigahorse-apache-http_2.12-0.9.3.pom
2025.10.16 21:27:38 INFO  BSP server: Downloaded https://central.sonatype.com/repository/maven-snapshots/com/google/errorprone/error_prone_annotations/2.38.0/error_prone_annotations-2.38.0.pom
2025.10.16 21:27:38 INFO  BSP server: Downloading https://central.sonatype.com/repository/maven-snapshots/org/scala-sbt/sbinary_2.12/0.5.1/sbinary_2.12-0.5.1.pom
2025.10.16 21:27:38 INFO  BSP server: Downloaded https://s01.oss.sonatype.org/content/repositories/snapshots/org/scala-sbt/util-cache_2.12/1.11.0/util-cache_2.12-1.11.0.pom.sha1
2025.10.16 21:27:38 INFO  BSP server: Downloading https://central.sonatype.com/repository/maven-snapshots/org/scala-lang/modules/scala-parser-combinators_2.12/1.1.2/scala-parser-combinators_2.12-1.1.2.pom
2025.10.16 21:27:38 INFO  BSP server: Downloaded https://central.sonatype.com/repository/maven-snapshots/com/outr/perfolation_2.12/1.2.8/perfolation_2.12-1.2.8.pom
2025.10.16 21:27:38 INFO  BSP server: Downloading https://central.sonatype.com/repository/maven-snapshots/org/scala-sbt/util-logging_2.12/1.11.0/util-logging_2.12-1.11.0.pom
2025.10.16 21:27:38 INFO  BSP server: Downloaded https://central.sonatype.com/repository/maven-snapshots/org/scalameta/common_2.12/4.13.8/common_2.12-4.13.8.pom
2025.10.16 21:27:38 INFO  BSP server: Downloading https://central.sonatype.com/repository/maven-snapshots/org/scala-sbt/zinc-apiinfo_2.12/1.10.8/zinc-apiinfo_2.12-1.10.8.pom
2025.10.16 21:27:38 INFO  BSP server: Downloaded https://central.sonatype.com/repository/maven-snapshots/com/eed3si9n/gigahorse-apache-http_2.12/0.9.3/gigahorse-apache-http_2.12-0.9.3.pom
2025.10.16 21:27:38 INFO  BSP server: Downloading https://s01.oss.sonatype.org/content/repositories/snapshots/org/scala-sbt/zinc-classpath_2.12/1.10.8/zinc-classpath_2.12-1.10.8.pom.sha1
2025.10.16 21:27:38 INFO  BSP server: Downloaded https://central.sonatype.com/repository/maven-snapshots/org/scala-lang/modules/scala-parser-combinators_2.12/1.1.2/scala-parser-combinators_2.12-1.1.2.pom
2025.10.16 21:27:38 INFO  BSP server: Downloading https://central.sonatype.com/repository/maven-snapshots/org/typelevel/macro-compat_2.12/1.1.1/macro-compat_2.12-1.1.1.pom.sha1
2025.10.16 21:27:38 INFO  BSP server: Downloaded https://central.sonatype.com/repository/maven-snapshots/org/scala-sbt/util-logging_2.12/1.11.0/util-logging_2.12-1.11.0.pom
2025.10.16 21:27:38 INFO  BSP server: Downloading https://s01.oss.sonatype.org/content/repositories/snapshots/org/scala-sbt/util-relation_2.12/1.10.7/util-relation_2.12-1.10.7.pom.sha1
2025.10.16 21:27:38 INFO  BSP server: Downloaded https://central.sonatype.com/repository/maven-snapshots/org/scala-sbt/zinc-apiinfo_2.12/1.10.8/zinc-apiinfo_2.12-1.10.8.pom
2025.10.16 21:27:38 INFO  BSP server: Downloading https://central.sonatype.com/repository/maven-snapshots/org/scala-sbt/zinc-persist-core-assembly/1.10.8/zinc-persist-core-assembly-1.10.8.pom
2025.10.16 21:27:38 INFO  BSP server: Downloaded https://s01.oss.sonatype.org/content/repositories/snapshots/org/scala-sbt/util-relation_2.12/1.10.7/util-relation_2.12-1.10.7.pom.sha1
2025.10.16 21:27:38 INFO  BSP server: Downloading https://central.sonatype.com/repository/maven-snapshots/net/openhft/zero-allocation-hashing/0.16/zero-allocation-hashing-0.16.pom.sha1
2025.10.16 21:27:39 INFO  BSP server: Downloaded https://central.sonatype.com/repository/maven-snapshots/org/typelevel/macro-compat_2.12/1.1.1/macro-compat_2.12-1.1.1.pom.sha1
2025.10.16 21:27:39 INFO  BSP server: Downloading https://central.sonatype.com/repository/maven-snapshots/org/scalameta/io_2.12/4.13.8/io_2.12-4.13.8.pom
2025.10.16 21:27:39 INFO  BSP server: Downloaded https://central.sonatype.com/repository/maven-snapshots/org/scala-sbt/zinc-persist-core-assembly/1.10.8/zinc-persist-core-assembly-1.10.8.pom
2025.10.16 21:27:39 INFO  BSP server: Downloading https://central.sonatype.com/repository/maven-snapshots/com/github/mwiede/jsch/0.2.23/jsch-0.2.23.pom.sha1
2025.10.16 21:27:39 INFO  BSP server: Downloaded https://central.sonatype.com/repository/maven-snapshots/net/openhft/zero-allocation-hashing/0.16/zero-allocation-hashing-0.16.pom.sha1
2025.10.16 21:27:39 INFO  BSP server: Downloading https://s01.oss.sonatype.org/content/repositories/snapshots/org/typelevel/cats-core_2.12/2.1.1/cats-core_2.12-2.1.1.pom.sha1
2025.10.16 21:27:39 INFO  BSP server: Downloaded https://s01.oss.sonatype.org/content/repositories/snapshots/org/scala-sbt/zinc-classpath_2.12/1.10.8/zinc-classpath_2.12-1.10.8.pom.sha1
2025.10.16 21:27:39 INFO  BSP server: Downloading https://central.sonatype.com/repository/maven-snapshots/com/google/errorprone/error_prone_annotations/2.38.0/error_prone_annotations-2.38.0.pom.sha1
2025.10.16 21:27:39 INFO  BSP server: Downloaded https://s01.oss.sonatype.org/content/repositories/snapshots/org/typelevel/cats-core_2.12/2.1.1/cats-core_2.12-2.1.1.pom.sha1
2025.10.16 21:27:39 INFO  BSP server: Downloading https://central.sonatype.com/repository/maven-snapshots/org/scala-lang/scala-compiler/2.12.20/scala-compiler-2.12.20.pom
2025.10.16 21:27:39 INFO  BSP server: Downloaded https://central.sonatype.com/repository/maven-snapshots/org/scalameta/io_2.12/4.13.8/io_2.12-4.13.8.pom
2025.10.16 21:27:39 INFO  BSP server: Downloading https://central.sonatype.com/repository/maven-snapshots/com/outr/perfolation_2.12/1.2.8/perfolation_2.12-1.2.8.pom.sha1
2025.10.16 21:27:39 INFO  BSP server: Downloaded https://central.sonatype.com/repository/maven-snapshots/com/github/mwiede/jsch/0.2.23/jsch-0.2.23.pom.sha1
2025.10.16 21:27:39 INFO  BSP server: Downloading https://central.sonatype.com/repository/maven-snapshots/org/scala-sbt/util-position_2.12/1.11.0/util-position_2.12-1.11.0.pom
2025.10.16 21:27:39 INFO  BSP server: Downloaded https://central.sonatype.com/repository/maven-snapshots/org/scala-sbt/util-control_2.12/1.10.7/util-control_2.12-1.10.7.pom
2025.10.16 21:27:39 INFO  BSP server: Downloading https://central.sonatype.com/repository/maven-snapshots/org/scalameta/common_2.12/4.13.8/common_2.12-4.13.8.pom.sha1
2025.10.16 21:27:40 INFO  BSP server: Downloaded https://central.sonatype.com/repository/maven-snapshots/com/google/errorprone/error_prone_annotations/2.38.0/error_prone_annotations-2.38.0.pom.sha1
2025.10.16 21:27:40 INFO  BSP server: Downloading https://central.sonatype.com/repository/maven-snapshots/com/eed3si9n/gigahorse-apache-http_2.12/0.9.3/gigahorse-apache-http_2.12-0.9.3.pom.sha1
2025.10.16 21:27:40 INFO  BSP server: Downloaded https://central.sonatype.com/repository/maven-snapshots/org/scala-lang/scala-compiler/2.12.20/scala-compiler-2.12.20.pom
2025.10.16 21:27:40 INFO  BSP server: Downloading https://central.sonatype.com/repository/maven-snapshots/org/scala-sbt/compiler-interface/1.10.8/compiler-interface-1.10.8.pom
2025.10.16 21:27:40 INFO  BSP server: Downloaded https://central.sonatype.com/repository/maven-snapshots/org/scala-sbt/util-position_2.12/1.11.0/util-position_2.12-1.11.0.pom
2025.10.16 21:27:40 INFO  BSP server: Downloading https://central.sonatype.com/repository/maven-snapshots/org/scala-lang/modules/scala-parser-combinators_2.12/1.1.2/scala-parser-combinators_2.12-1.1.2.pom.sha1
2025.10.16 21:27:40 INFO  BSP server: Downloaded https://central.sonatype.com/repository/maven-snapshots/com/eed3si9n/gigahorse-apache-http_2.12/0.9.3/gigahorse-apache-http_2.12-0.9.3.pom.sha1
2025.10.16 21:27:40 INFO  BSP server: Downloading https://central.sonatype.com/repository/maven-snapshots/org/scala-sbt/io_2.12/1.10.5/io_2.12-1.10.5.pom
2025.10.16 21:27:40 INFO  BSP server: Downloaded https://central.sonatype.com/repository/maven-snapshots/org/scala-sbt/compiler-interface/1.10.8/compiler-interface-1.10.8.pom
2025.10.16 21:27:40 INFO  BSP server: Downloading https://central.sonatype.com/repository/maven-snapshots/org/scala-sbt/util-logging_2.12/1.11.0/util-logging_2.12-1.11.0.pom.sha1
2025.10.16 21:27:40 INFO  BSP server: Downloaded https://central.sonatype.com/repository/maven-snapshots/org/scala-lang/modules/scala-parser-combinators_2.12/1.1.2/scala-parser-combinators_2.12-1.1.2.pom.sha1
2025.10.16 21:27:40 INFO  BSP server: Downloading https://central.sonatype.com/repository/maven-snapshots/com/outr/moduload_2.12/1.1.5/moduload_2.12-1.1.5.pom
2025.10.16 21:27:41 INFO  BSP server: Downloaded https://central.sonatype.com/repository/maven-snapshots/org/scala-sbt/io_2.12/1.10.5/io_2.12-1.10.5.pom
2025.10.16 21:27:41 INFO  BSP server: Downloading https://central.sonatype.com/repository/maven-snapshots/org/scala-sbt/zinc-apiinfo_2.12/1.10.8/zinc-apiinfo_2.12-1.10.8.pom.sha1
2025.10.16 21:27:41 INFO  BSP server: Downloaded https://central.sonatype.com/repository/maven-snapshots/org/scala-sbt/sbinary_2.12/0.5.1/sbinary_2.12-0.5.1.pom
2025.10.16 21:27:41 INFO  BSP server: Downloading https://central.sonatype.com/repository/maven-snapshots/org/scala-sbt/launcher-interface/1.4.4/launcher-interface-1.4.4.pom
2025.10.16 21:27:41 INFO  BSP server: Downloaded https://central.sonatype.com/repository/maven-snapshots/org/scala-sbt/zinc-apiinfo_2.12/1.10.8/zinc-apiinfo_2.12-1.10.8.pom.sha1
2025.10.16 21:27:41 INFO  BSP server: Downloading https://central.sonatype.com/repository/maven-snapshots/org/scala-sbt/zinc-persist-core-assembly/1.10.8/zinc-persist-core-assembly-1.10.8.pom.sha1
2025.10.16 21:27:41 INFO  BSP server: Downloaded https://central.sonatype.com/repository/maven-snapshots/org/scala-sbt/launcher-interface/1.4.4/launcher-interface-1.4.4.pom
2025.10.16 21:27:41 INFO  BSP server: Downloading https://central.sonatype.com/repository/maven-snapshots/org/scala-lang/modules/scala-xml_2.12/2.3.0/scala-xml_2.12-2.3.0.pom
2025.10.16 21:27:42 INFO  BSP server: Downloaded https://central.sonatype.com/repository/maven-snapshots/org/scala-sbt/util-logging_2.12/1.11.0/util-logging_2.12-1.11.0.pom.sha1
2025.10.16 21:27:42 INFO  BSP server: Downloading https://central.sonatype.com/repository/maven-snapshots/org/scalameta/io_2.12/4.13.8/io_2.12-4.13.8.pom.sha1
2025.10.16 21:27:42 INFO  BSP server: Downloaded https://central.sonatype.com/repository/maven-snapshots/org/scala-sbt/zinc-persist-core-assembly/1.10.8/zinc-persist-core-assembly-1.10.8.pom.sha1
2025.10.16 21:27:42 INFO  BSP server: Downloading https://central.sonatype.com/repository/maven-snapshots/org/scala-sbt/util-control_2.12/1.10.7/util-control_2.12-1.10.7.pom.sha1
2025.10.16 21:27:42 INFO  BSP server: Downloaded https://central.sonatype.com/repository/maven-snapshots/org/scala-lang/modules/scala-xml_2.12/2.3.0/scala-xml_2.12-2.3.0.pom
2025.10.16 21:27:42 INFO  BSP server: Downloading https://central.sonatype.com/repository/maven-snapshots/org/scala-lang/scala-compiler/2.12.20/scala-compiler-2.12.20.pom.sha1
2025.10.16 21:27:42 INFO  BSP server: Downloaded https://central.sonatype.com/repository/maven-snapshots/org/scalameta/io_2.12/4.13.8/io_2.12-4.13.8.pom.sha1
2025.10.16 21:27:42 INFO  BSP server: Downloading https://central.sonatype.com/repository/maven-snapshots/org/scala-sbt/util-cache_2.12/1.11.0/util-cache_2.12-1.11.0.pom
2025.10.16 21:27:42 INFO  BSP server: Downloaded https://central.sonatype.com/repository/maven-snapshots/org/scala-sbt/util-control_2.12/1.10.7/util-control_2.12-1.10.7.pom.sha1
2025.10.16 21:27:42 INFO  BSP server: Downloading https://central.sonatype.com/repository/maven-snapshots/org/scala-sbt/util-position_2.12/1.11.0/util-position_2.12-1.11.0.pom.sha1
2025.10.16 21:27:42 INFO  BSP server: Downloaded https://central.sonatype.com/repository/maven-snapshots/org/scala-lang/scala-compiler/2.12.20/scala-compiler-2.12.20.pom.sha1
2025.10.16 21:27:42 INFO  BSP server: Downloading https://central.sonatype.com/repository/maven-snapshots/org/scala-sbt/compiler-interface/1.10.8/compiler-interface-1.10.8.pom.sha1
2025.10.16 21:27:42 INFO  BSP server: Downloaded https://central.sonatype.com/repository/maven-snapshots/com/outr/perfolation_2.12/1.2.8/perfolation_2.12-1.2.8.pom.sha1
2025.10.16 21:27:42 INFO  BSP server: Downloading https://central.sonatype.com/repository/maven-snapshots/org/scala-sbt/io_2.12/1.10.5/io_2.12-1.10.5.pom.sha1
2025.10.16 21:27:43 INFO  BSP server: Downloaded https://central.sonatype.com/repository/maven-snapshots/org/scala-sbt/util-cache_2.12/1.11.0/util-cache_2.12-1.11.0.pom
2025.10.16 21:27:43 INFO  BSP server: Downloading https://central.sonatype.com/repository/maven-snapshots/org/scala-sbt/sbinary_2.12/0.5.1/sbinary_2.12-0.5.1.pom.sha1
2025.10.16 21:27:43 INFO  BSP server: Downloaded https://central.sonatype.com/repository/maven-snapshots/org/scala-sbt/util-position_2.12/1.11.0/util-position_2.12-1.11.0.pom.sha1
2025.10.16 21:27:43 INFO  BSP server: Downloading https://central.sonatype.com/repository/maven-snapshots/org/scala-sbt/launcher-interface/1.4.4/launcher-interface-1.4.4.pom.sha1
2025.10.16 21:27:43 INFO  BSP server: Downloaded https://central.sonatype.com/repository/maven-snapshots/org/scalameta/common_2.12/4.13.8/common_2.12-4.13.8.pom.sha1
2025.10.16 21:27:43 INFO  BSP server: Downloading https://central.sonatype.com/repository/maven-snapshots/org/scala-sbt/util-relation_2.12/1.10.7/util-relation_2.12-1.10.7.pom
2025.10.16 21:27:43 INFO  BSP server: Downloaded https://central.sonatype.com/repository/maven-snapshots/org/scala-sbt/compiler-interface/1.10.8/compiler-interface-1.10.8.pom.sha1
2025.10.16 21:27:43 INFO  BSP server: Downloading https://repo.scala-lang.org/artifactory/maven-nightlies/org/typelevel/macro-compat_2.12/1.1.1/macro-compat_2.12-1.1.1.pom
2025.10.16 21:27:43 INFO  BSP server: Downloaded https://central.sonatype.com/repository/maven-snapshots/org/scala-sbt/io_2.12/1.10.5/io_2.12-1.10.5.pom.sha1
2025.10.16 21:27:43 INFO  BSP server: Downloading https://repo.scala-lang.org/artifactory/maven-nightlies/net/openhft/zero-allocation-hashing/0.16/zero-allocation-hashing-0.16.pom
2025.10.16 21:27:43 INFO  BSP server: Downloaded https://central.sonatype.com/repository/maven-snapshots/org/scala-sbt/sbinary_2.12/0.5.1/sbinary_2.12-0.5.1.pom.sha1
2025.10.16 21:27:43 INFO  BSP server: Downloading https://central.sonatype.com/repository/maven-snapshots/org/scala-sbt/zinc-classpath_2.12/1.10.8/zinc-classpath_2.12-1.10.8.pom
2025.10.16 21:27:43 INFO  BSP server: Downloaded https://repo.scala-lang.org/artifactory/maven-nightlies/net/openhft/zero-allocation-hashing/0.16/zero-allocation-hashing-0.16.pom
2025.10.16 21:27:43 INFO  BSP server: Downloading https://central.sonatype.com/repository/maven-snapshots/org/scala-lang/modules/scala-xml_2.12/2.3.0/scala-xml_2.12-2.3.0.pom.sha1
2025.10.16 21:27:43 INFO  BSP server: Downloaded https://repo.scala-lang.org/artifactory/maven-nightlies/org/typelevel/macro-compat_2.12/1.1.1/macro-compat_2.12-1.1.1.pom
2025.10.16 21:27:43 INFO  BSP server: Downloading https://central.sonatype.com/repository/maven-snapshots/org/typelevel/cats-core_2.12/2.1.1/cats-core_2.12-2.1.1.pom
2025.10.16 21:27:43 INFO  BSP server: Downloaded https://central.sonatype.com/repository/maven-snapshots/org/scala-sbt/launcher-interface/1.4.4/launcher-interface-1.4.4.pom.sha1
2025.10.16 21:27:43 INFO  BSP server: Downloading https://repo.scala-lang.org/artifactory/maven-nightlies/com/github/mwiede/jsch/0.2.23/jsch-0.2.23.pom
2025.10.16 21:27:43 INFO  BSP server: Downloaded https://central.sonatype.com/repository/maven-snapshots/org/scala-sbt/util-relation_2.12/1.10.7/util-relation_2.12-1.10.7.pom
2025.10.16 21:27:43 INFO  BSP server: Downloading https://repo.scala-lang.org/artifactory/maven-nightlies/com/google/errorprone/error_prone_annotations/2.38.0/error_prone_annotations-2.38.0.pom
2025.10.16 21:27:43 INFO  BSP server: Downloaded https://repo.scala-lang.org/artifactory/maven-nightlies/com/github/mwiede/jsch/0.2.23/jsch-0.2.23.pom
2025.10.16 21:27:43 INFO  BSP server: Downloading https://central.sonatype.com/repository/maven-snapshots/org/scala-sbt/util-cache_2.12/1.11.0/util-cache_2.12-1.11.0.pom.sha1
2025.10.16 21:27:43 INFO  BSP server: Downloaded https://repo.scala-lang.org/artifactory/maven-nightlies/com/google/errorprone/error_prone_annotations/2.38.0/error_prone_annotations-2.38.0.pom
2025.10.16 21:27:43 INFO  BSP server: Downloading https://repo.scala-lang.org/artifactory/maven-nightlies/com/eed3si9n/gigahorse-apache-http_2.12/0.9.3/gigahorse-apache-http_2.12-0.9.3.pom
2025.10.16 21:27:44 INFO  BSP server: Downloaded https://repo.scala-lang.org/artifactory/maven-nightlies/com/eed3si9n/gigahorse-apache-http_2.12/0.9.3/gigahorse-apache-http_2.12-0.9.3.pom
2025.10.16 21:27:44 INFO  BSP server: Downloading https://repo.scala-lang.org/artifactory/maven-nightlies/org/scala-lang/modules/scala-parser-combinators_2.12/1.1.2/scala-parser-combinators_2.12-1.1.2.pom
2025.10.16 21:27:44 INFO  BSP server: Downloaded https://central.sonatype.com/repository/maven-snapshots/org/scala-sbt/zinc-classpath_2.12/1.10.8/zinc-classpath_2.12-1.10.8.pom
2025.10.16 21:27:44 INFO  BSP server: Downloading https://repo.scala-lang.org/artifactory/maven-nightlies/org/scala-sbt/zinc-apiinfo_2.12/1.10.8/zinc-apiinfo_2.12-1.10.8.pom
2025.10.16 21:27:44 INFO  BSP server: Downloaded https://central.sonatype.com/repository/maven-snapshots/com/outr/moduload_2.12/1.1.5/moduload_2.12-1.1.5.pom
2025.10.16 21:27:44 INFO  BSP server: Downloading https://repo.scala-lang.org/artifactory/maven-nightlies/org/scala-sbt/util-logging_2.12/1.11.0/util-logging_2.12-1.11.0.pom
2025.10.16 21:27:44 INFO  BSP server: Downloaded https://repo.scala-lang.org/artifactory/maven-nightlies/org/scala-lang/modules/scala-parser-combinators_2.12/1.1.2/scala-parser-combinators_2.12-1.1.2.pom
2025.10.16 21:27:44 INFO  BSP server: Downloading https://repo.scala-lang.org/artifactory/maven-nightlies/org/scala-sbt/zinc-persist-core-assembly/1.10.8/zinc-persist-core-assembly-1.10.8.pom
2025.10.16 21:27:44 INFO  BSP server: Downloaded https://central.sonatype.com/repository/maven-snapshots/org/typelevel/cats-core_2.12/2.1.1/cats-core_2.12-2.1.1.pom
2025.10.16 21:27:44 INFO  BSP server: Downloading https://repo.scala-lang.org/artifactory/maven-nightlies/net/openhft/zero-allocation-hashing/0.16/zero-allocation-hashing-0.16.pom.sha1
2025.10.16 21:27:44 INFO  BSP server: Downloaded https://central.sonatype.com/repository/maven-snapshots/org/scala-lang/modules/scala-xml_2.12/2.3.0/scala-xml_2.12-2.3.0.pom.sha1
2025.10.16 21:27:44 INFO  BSP server: Downloading https://central.sonatype.com/repository/maven-snapshots/org/scala-sbt/util-relation_2.12/1.10.7/util-relation_2.12-1.10.7.pom.sha1
2025.10.16 21:27:44 INFO  BSP server: Downloaded https://repo.scala-lang.org/artifactory/maven-nightlies/org/scala-sbt/zinc-persist-core-assembly/1.10.8/zinc-persist-core-assembly-1.10.8.pom
2025.10.16 21:27:44 INFO  BSP server: Downloading https://repo.scala-lang.org/artifactory/maven-nightlies/org/scalameta/io_2.12/4.13.8/io_2.12-4.13.8.pom
2025.10.16 21:27:44 INFO  BSP server: Downloaded https://repo.scala-lang.org/artifactory/maven-nightlies/net/openhft/zero-allocation-hashing/0.16/zero-allocation-hashing-0.16.pom.sha1
2025.10.16 21:27:44 INFO  BSP server: Downloading https://repo.scala-lang.org/artifactory/maven-nightlies/org/typelevel/macro-compat_2.12/1.1.1/macro-compat_2.12-1.1.1.pom.sha1
2025.10.16 21:27:44 INFO  BSP server: Downloaded https://repo.scala-lang.org/artifactory/maven-nightlies/org/scala-sbt/util-logging_2.12/1.11.0/util-logging_2.12-1.11.0.pom
2025.10.16 21:27:44 INFO  BSP server: Downloading https://repo.scala-lang.org/artifactory/maven-nightlies/org/scala-sbt/util-control_2.12/1.10.7/util-control_2.12-1.10.7.pom
2025.10.16 21:27:44 INFO  BSP server: Downloaded https://repo.scala-lang.org/artifactory/maven-nightlies/org/scalameta/io_2.12/4.13.8/io_2.12-4.13.8.pom
2025.10.16 21:27:44 INFO  BSP server: Downloading https://repo.scala-lang.org/artifactory/maven-nightlies/org/scala-lang/scala-compiler/2.12.20/scala-compiler-2.12.20.pom
2025.10.16 21:27:44 INFO  BSP server: Downloaded https://repo.scala-lang.org/artifactory/maven-nightlies/org/scala-lang/scala-compiler/2.12.20/scala-compiler-2.12.20.pom
2025.10.16 21:27:44 INFO  BSP server: Downloading https://repo.scala-lang.org/artifactory/maven-nightlies/com/outr/perfolation_2.12/1.2.8/perfolation_2.12-1.2.8.pom
2025.10.16 21:27:44 INFO  BSP server: Downloaded https://repo.scala-lang.org/artifactory/maven-nightlies/org/typelevel/macro-compat_2.12/1.1.1/macro-compat_2.12-1.1.1.pom.sha1
2025.10.16 21:27:44 INFO  BSP server: Downloading https://central.sonatype.com/repository/maven-snapshots/org/scala-sbt/zinc-classpath_2.12/1.10.8/zinc-classpath_2.12-1.10.8.pom.sha1
2025.10.16 21:27:44 INFO  BSP server: Downloaded https://repo.scala-lang.org/artifactory/maven-nightlies/org/scala-sbt/util-control_2.12/1.10.7/util-control_2.12-1.10.7.pom
2025.10.16 21:27:44 INFO  BSP server: Downloading https://repo.scala-lang.org/artifactory/maven-nightlies/org/scala-sbt/util-position_2.12/1.11.0/util-position_2.12-1.11.0.pom
2025.10.16 21:27:44 INFO  BSP server: Downloaded https://repo.scala-lang.org/artifactory/maven-nightlies/com/outr/perfolation_2.12/1.2.8/perfolation_2.12-1.2.8.pom
2025.10.16 21:27:44 INFO  BSP server: Downloading https://central.sonatype.com/repository/maven-snapshots/com/outr/moduload_2.12/1.1.5/moduload_2.12-1.1.5.pom.sha1
2025.10.16 21:27:44 INFO  BSP server: Downloaded https://central.sonatype.com/repository/maven-snapshots/org/scala-sbt/util-relation_2.12/1.10.7/util-relation_2.12-1.10.7.pom.sha1
2025.10.16 21:27:44 INFO  BSP server: Downloading https://repo.scala-lang.org/artifactory/maven-nightlies/com/github/mwiede/jsch/0.2.23/jsch-0.2.23.pom.sha1
2025.10.16 21:27:44 INFO  BSP server: Downloaded https://repo.scala-lang.org/artifactory/maven-nightlies/org/scala-sbt/util-position_2.12/1.11.0/util-position_2.12-1.11.0.pom
2025.10.16 21:27:44 INFO  BSP server: Downloading https://repo.scala-lang.org/artifactory/maven-nightlies/com/google/errorprone/error_prone_annotations/2.38.0/error_prone_annotations-2.38.0.pom.sha1
2025.10.16 21:27:44 INFO  BSP server: Downloaded https://repo.scala-lang.org/artifactory/maven-nightlies/org/scala-sbt/zinc-apiinfo_2.12/1.10.8/zinc-apiinfo_2.12-1.10.8.pom
2025.10.16 21:27:44 INFO  BSP server: Downloading https://repo.scala-lang.org/artifactory/maven-nightlies/org/scalameta/common_2.12/4.13.8/common_2.12-4.13.8.pom
2025.10.16 21:27:44 INFO  BSP server: Downloaded https://repo.scala-lang.org/artifactory/maven-nightlies/com/google/errorprone/error_prone_annotations/2.38.0/error_prone_annotations-2.38.0.pom.sha1
2025.10.16 21:27:44 INFO  BSP server: Downloading https://repo.scala-lang.org/artifactory/maven-nightlies/com/eed3si9n/gigahorse-apache-http_2.12/0.9.3/gigahorse-apache-http_2.12-0.9.3.pom.sha1
2025.10.16 21:27:45 INFO  BSP server: Downloaded https://repo.scala-lang.org/artifactory/maven-nightlies/com/eed3si9n/gigahorse-apache-http_2.12/0.9.3/gigahorse-apache-http_2.12-0.9.3.pom.sha1
2025.10.16 21:27:45 INFO  BSP server: Downloading https://repo.scala-lang.org/artifactory/maven-nightlies/org/scala-sbt/compiler-interface/1.10.8/compiler-interface-1.10.8.pom
2025.10.16 21:27:45 INFO  BSP server: Downloaded https://repo.scala-lang.org/artifactory/maven-nightlies/com/github/mwiede/jsch/0.2.23/jsch-0.2.23.pom.sha1
2025.10.16 21:27:45 INFO  BSP server: Downloading https://repo.scala-lang.org/artifactory/maven-nightlies/org/scala-sbt/io_2.12/1.10.5/io_2.12-1.10.5.pom
2025.10.16 21:27:45 INFO  BSP server: Downloaded https://central.sonatype.com/repository/maven-snapshots/org/scala-sbt/zinc-classpath_2.12/1.10.8/zinc-classpath_2.12-1.10.8.pom.sha1
2025.10.16 21:27:45 INFO  BSP server: Downloading https://repo.scala-lang.org/artifactory/maven-nightlies/org/scala-sbt/sbinary_2.12/0.5.1/sbinary_2.12-0.5.1.pom
2025.10.16 21:27:45 INFO  BSP server: Downloaded https://repo.scala-lang.org/artifactory/maven-nightlies/org/scalameta/common_2.12/4.13.8/common_2.12-4.13.8.pom
2025.10.16 21:27:45 INFO  BSP server: Downloading https://central.sonatype.com/repository/maven-snapshots/org/typelevel/cats-core_2.12/2.1.1/cats-core_2.12-2.1.1.pom.sha1
2025.10.16 21:27:45 INFO  BSP server: Downloaded https://central.sonatype.com/repository/maven-snapshots/com/outr/moduload_2.12/1.1.5/moduload_2.12-1.1.5.pom.sha1
2025.10.16 21:27:45 INFO  BSP server: Downloading https://repo.scala-lang.org/artifactory/maven-nightlies/org/scala-lang/modules/scala-parser-combinators_2.12/1.1.2/scala-parser-combinators_2.12-1.1.2.pom.sha1
2025.10.16 21:27:45 INFO  BSP server: Downloaded https://repo.scala-lang.org/artifactory/maven-nightlies/org/scala-sbt/io_2.12/1.10.5/io_2.12-1.10.5.pom
2025.10.16 21:27:45 INFO  BSP server: Downloading https://repo.scala-lang.org/artifactory/maven-nightlies/org/scala-sbt/launcher-interface/1.4.4/launcher-interface-1.4.4.pom
2025.10.16 21:27:45 INFO  BSP server: Downloaded https://repo.scala-lang.org/artifactory/maven-nightlies/org/scala-sbt/sbinary_2.12/0.5.1/sbinary_2.12-0.5.1.pom
2025.10.16 21:27:45 INFO  BSP server: Downloading https://repo.scala-lang.org/artifactory/maven-nightlies/org/scala-sbt/zinc-persist-core-assembly/1.10.8/zinc-persist-core-assembly-1.10.8.pom.sha1
2025.10.16 21:27:45 INFO  BSP server: Downloaded https://repo.scala-lang.org/artifactory/maven-nightlies/org/scala-sbt/compiler-interface/1.10.8/compiler-interface-1.10.8.pom
2025.10.16 21:27:45 INFO  BSP server: Downloading https://repo.scala-lang.org/artifactory/maven-nightlies/org/scala-sbt/util-logging_2.12/1.11.0/util-logging_2.12-1.11.0.pom.sha1
2025.10.16 21:27:45 INFO  BSP server: Downloaded https://central.sonatype.com/repository/maven-snapshots/org/scala-sbt/util-cache_2.12/1.11.0/util-cache_2.12-1.11.0.pom.sha1
2025.10.16 21:27:45 INFO  BSP server: Downloading https://repo.scala-lang.org/artifactory/maven-nightlies/org/scalameta/io_2.12/4.13.8/io_2.12-4.13.8.pom.sha1
2025.10.16 21:27:45 INFO  BSP server: Downloaded https://repo.scala-lang.org/artifactory/maven-nightlies/org/scala-sbt/launcher-interface/1.4.4/launcher-interface-1.4.4.pom
2025.10.16 21:27:45 INFO  BSP server: Downloading https://repo.scala-lang.org/artifactory/maven-nightlies/org/scala-lang/scala-compiler/2.12.20/scala-compiler-2.12.20.pom.sha1
2025.10.16 21:27:45 INFO  BSP server: Downloaded https://repo.scala-lang.org/artifactory/maven-nightlies/org/scala-lang/modules/scala-parser-combinators_2.12/1.1.2/scala-parser-combinators_2.12-1.1.2.pom.sha1
2025.10.16 21:27:45 INFO  BSP server: Downloading https://repo.scala-lang.org/artifactory/maven-nightlies/org/scala-sbt/util-control_2.12/1.10.7/util-control_2.12-1.10.7.pom.sha1
2025.10.16 21:27:45 INFO  BSP server: Downloaded https://repo.scala-lang.org/artifactory/maven-nightlies/org/scala-sbt/util-control_2.12/1.10.7/util-control_2.12-1.10.7.pom.sha1
2025.10.16 21:27:45 INFO  BSP server: Downloading https://repo.scala-lang.org/artifactory/maven-nightlies/com/outr/perfolation_2.12/1.2.8/perfolation_2.12-1.2.8.pom.sha1
2025.10.16 21:27:45 INFO  BSP server: Downloaded https://repo.scala-lang.org/artifactory/maven-nightlies/org/scala-sbt/util-logging_2.12/1.11.0/util-logging_2.12-1.11.0.pom.sha1
2025.10.16 21:27:45 INFO  BSP server: Downloading https://repo.scala-lang.org/artifactory/maven-nightlies/org/scala-sbt/util-position_2.12/1.11.0/util-position_2.12-1.11.0.pom.sha1
2025.10.16 21:27:45 INFO  BSP server: Downloaded https://repo.scala-lang.org/artifactory/maven-nightlies/org/scalameta/io_2.12/4.13.8/io_2.12-4.13.8.pom.sha1
2025.10.16 21:27:45 INFO  BSP server: Downloading https://repo.scala-lang.org/artifactory/maven-nightlies/org/scala-sbt/zinc-apiinfo_2.12/1.10.8/zinc-apiinfo_2.12-1.10.8.pom.sha1
2025.10.16 21:27:45 INFO  BSP server: Downloaded https://repo.scala-lang.org/artifactory/maven-nightlies/org/scala-lang/scala-compiler/2.12.20/scala-compiler-2.12.20.pom.sha1
2025.10.16 21:27:45 INFO  BSP server: Downloading https://repo.scala-lang.org/artifactory/maven-nightlies/org/scalameta/common_2.12/4.13.8/common_2.12-4.13.8.pom.sha1
2025.10.16 21:27:45 INFO  BSP server: Downloaded https://repo.scala-lang.org/artifactory/maven-nightlies/org/scala-sbt/zinc-apiinfo_2.12/1.10.8/zinc-apiinfo_2.12-1.10.8.pom.sha1
2025.10.16 21:27:45 INFO  BSP server: Downloading https://repo.scala-lang.org/artifactory/maven-nightlies/org/scala-lang/modules/scala-xml_2.12/2.3.0/scala-xml_2.12-2.3.0.pom
2025.10.16 21:27:45 INFO  BSP server: Downloaded https://repo.scala-lang.org/artifactory/maven-nightlies/org/scala-sbt/util-position_2.12/1.11.0/util-position_2.12-1.11.0.pom.sha1
2025.10.16 21:27:45 INFO  BSP server: Downloaded https://repo.scala-lang.org/artifactory/maven-nightlies/org/scalameta/common_2.12/4.13.8/common_2.12-4.13.8.pom.sha1
2025.10.16 21:27:45 INFO  BSP server: Downloading https://repo.scala-lang.org/artifactory/maven-nightlies/org/scala-sbt/io_2.12/1.10.5/io_2.12-1.10.5.pom.sha1
2025.10.16 21:27:45 INFO  BSP server: Downloading https://repo.scala-lang.org/artifactory/maven-nightlies/org/scala-sbt/compiler-interface/1.10.8/compiler-interface-1.10.8.pom.sha1
2025.10.16 21:27:45 INFO  BSP server: Downloaded https://central.sonatype.com/repository/maven-snapshots/org/typelevel/cats-core_2.12/2.1.1/cats-core_2.12-2.1.1.pom.sha1
2025.10.16 21:27:45 INFO  BSP server: Downloading https://repo.scala-lang.org/artifactory/maven-nightlies/org/scala-sbt/util-relation_2.12/1.10.7/util-relation_2.12-1.10.7.pom
2025.10.16 21:27:45 INFO  BSP server: Downloaded https://repo.scala-lang.org/artifactory/maven-nightlies/com/outr/perfolation_2.12/1.2.8/perfolation_2.12-1.2.8.pom.sha1
2025.10.16 21:27:45 INFO  BSP server: Downloading https://repo.scala-lang.org/artifactory/maven-nightlies/org/scala-sbt/launcher-interface/1.4.4/launcher-interface-1.4.4.pom.sha1
2025.10.16 21:27:45 INFO  BSP server: Downloaded https://repo.scala-lang.org/artifactory/maven-nightlies/org/scala-lang/modules/scala-xml_2.12/2.3.0/scala-xml_2.12-2.3.0.pom
2025.10.16 21:27:45 INFO  BSP server: Downloaded https://repo.scala-lang.org/artifactory/maven-nightlies/org/scala-sbt/compiler-interface/1.10.8/compiler-interface-1.10.8.pom.sha1
2025.10.16 21:27:45 INFO  BSP server: Downloading https://repo.scala-lang.org/artifactory/maven-nightlies/org/scala-sbt/zinc-classpath_2.12/1.10.8/zinc-classpath_2.12-1.10.8.pom
2025.10.16 21:27:45 INFO  BSP server: Downloading https://repo.scala-lang.org/artifactory/maven-nightlies/com/outr/moduload_2.12/1.1.5/moduload_2.12-1.1.5.pom
2025.10.16 21:27:45 INFO  BSP server: Downloaded https://repo.scala-lang.org/artifactory/maven-nightlies/org/scala-sbt/launcher-interface/1.4.4/launcher-interface-1.4.4.pom.sha1
2025.10.16 21:27:45 INFO  BSP server: Downloading https://repo.scala-lang.org/artifactory/maven-nightlies/org/scala-sbt/util-cache_2.12/1.11.0/util-cache_2.12-1.11.0.pom
2025.10.16 21:27:45 INFO  BSP server: Downloaded https://repo.scala-lang.org/artifactory/maven-nightlies/org/scala-sbt/zinc-persist-core-assembly/1.10.8/zinc-persist-core-assembly-1.10.8.pom.sha1
2025.10.16 21:27:45 INFO  BSP server: Downloading https://repo.scala-lang.org/artifactory/maven-nightlies/org/scala-lang/modules/scala-xml_2.12/2.3.0/scala-xml_2.12-2.3.0.pom.sha1
2025.10.16 21:27:45 INFO  BSP server: Downloaded https://repo.scala-lang.org/artifactory/maven-nightlies/org/scala-sbt/util-relation_2.12/1.10.7/util-relation_2.12-1.10.7.pom
2025.10.16 21:27:45 INFO  BSP server: Downloading https://repo.scala-lang.org/artifactory/maven-nightlies/org/typelevel/cats-core_2.12/2.1.1/cats-core_2.12-2.1.1.pom
2025.10.16 21:27:45 INFO  BSP server: Downloaded https://repo.scala-lang.org/artifactory/maven-nightlies/com/outr/moduload_2.12/1.1.5/moduload_2.12-1.1.5.pom
2025.10.16 21:27:45 INFO  BSP server: Downloading https://repo.scala-lang.org/artifactory/maven-nightlies/org/scala-sbt/util-relation_2.12/1.10.7/util-relation_2.12-1.10.7.pom.sha1
2025.10.16 21:27:45 INFO  BSP server: Downloaded https://repo.scala-lang.org/artifactory/maven-nightlies/org/scala-sbt/zinc-classpath_2.12/1.10.8/zinc-classpath_2.12-1.10.8.pom
2025.10.16 21:27:45 INFO  BSP server: Downloading https://repo.scala-lang.org/artifactory/maven-nightlies/com/outr/moduload_2.12/1.1.5/moduload_2.12-1.1.5.pom.sha1
2025.10.16 21:27:45 INFO  BSP server: Downloaded https://repo.scala-lang.org/artifactory/maven-nightlies/org/scala-sbt/io_2.12/1.10.5/io_2.12-1.10.5.pom.sha1
2025.10.16 21:27:45 INFO  BSP server: Downloading https://repo.scala-lang.org/artifactory/maven-nightlies/org/scala-sbt/zinc-classpath_2.12/1.10.8/zinc-classpath_2.12-1.10.8.pom.sha1
2025.10.16 21:27:45 INFO  BSP server: Downloaded https://repo.scala-lang.org/artifactory/maven-nightlies/org/scala-lang/modules/scala-xml_2.12/2.3.0/scala-xml_2.12-2.3.0.pom.sha1
2025.10.16 21:27:46 INFO  BSP server: Downloaded https://repo.scala-lang.org/artifactory/maven-nightlies/org/scala-sbt/util-relation_2.12/1.10.7/util-relation_2.12-1.10.7.pom.sha1
2025.10.16 21:27:46 INFO  BSP server: Downloaded https://repo.scala-lang.org/artifactory/maven-nightlies/com/outr/moduload_2.12/1.1.5/moduload_2.12-1.1.5.pom.sha1
2025.10.16 21:27:46 INFO  BSP server: Downloaded https://repo.scala-lang.org/artifactory/maven-nightlies/org/scala-sbt/util-cache_2.12/1.11.0/util-cache_2.12-1.11.0.pom
2025.10.16 21:27:46 INFO  BSP server: Downloading https://repo.scala-lang.org/artifactory/maven-nightlies/org/scala-sbt/util-cache_2.12/1.11.0/util-cache_2.12-1.11.0.pom.sha1
2025.10.16 21:27:46 INFO  BSP server: Downloaded https://repo.scala-lang.org/artifactory/maven-nightlies/org/typelevel/cats-core_2.12/2.1.1/cats-core_2.12-2.1.1.pom
2025.10.16 21:27:46 INFO  BSP server: Downloading https://repo.scala-lang.org/artifactory/maven-nightlies/org/typelevel/cats-core_2.12/2.1.1/cats-core_2.12-2.1.1.pom.sha1
2025.10.16 21:27:46 INFO  BSP server: Downloaded https://repo.scala-lang.org/artifactory/maven-nightlies/org/scala-sbt/util-cache_2.12/1.11.0/util-cache_2.12-1.11.0.pom.sha1
2025.10.16 21:27:46 INFO  BSP server: Downloaded https://repo.scala-lang.org/artifactory/maven-nightlies/org/scala-sbt/zinc-classpath_2.12/1.10.8/zinc-classpath_2.12-1.10.8.pom.sha1
2025.10.16 21:27:46 INFO  BSP server: Downloaded https://repo.scala-lang.org/artifactory/maven-nightlies/org/typelevel/cats-core_2.12/2.1.1/cats-core_2.12-2.1.1.pom.sha1
2025.10.16 21:27:46 INFO  BSP server: Downloading https://oss.sonatype.org/content/repositories/snapshots/net/openhft/java-parent-pom/1.1.28/java-parent-pom-1.1.28.pom
2025.10.16 21:27:46 INFO  BSP server: Downloading https://oss.sonatype.org/content/repositories/snapshots/com/google/errorprone/error_prone_parent/2.38.0/error_prone_parent-2.38.0.pom
2025.10.16 21:27:46 INFO  BSP server: Downloaded https://oss.sonatype.org/content/repositories/snapshots/com/google/errorprone/error_prone_parent/2.38.0/error_prone_parent-2.38.0.pom
2025.10.16 21:27:46 INFO  BSP server: Downloading https://oss.sonatype.org/content/repositories/snapshots/com/google/errorprone/error_prone_parent/2.38.0/error_prone_parent-2.38.0.pom.sha1
2025.10.16 21:27:46 INFO  BSP server: Downloaded https://oss.sonatype.org/content/repositories/snapshots/net/openhft/java-parent-pom/1.1.28/java-parent-pom-1.1.28.pom
2025.10.16 21:27:46 INFO  BSP server: Downloading https://oss.sonatype.org/content/repositories/snapshots/net/openhft/java-parent-pom/1.1.28/java-parent-pom-1.1.28.pom.sha1
2025.10.16 21:27:46 INFO  BSP server: Downloaded https://oss.sonatype.org/content/repositories/snapshots/com/google/errorprone/error_prone_parent/2.38.0/error_prone_parent-2.38.0.pom.sha1
2025.10.16 21:27:46 INFO  BSP server: Downloading https://s01.oss.sonatype.org/content/repositories/snapshots/com/google/errorprone/error_prone_parent/2.38.0/error_prone_parent-2.38.0.pom
2025.10.16 21:27:46 INFO  BSP server: Downloaded https://oss.sonatype.org/content/repositories/snapshots/net/openhft/java-parent-pom/1.1.28/java-parent-pom-1.1.28.pom.sha1
2025.10.16 21:27:46 INFO  BSP server: Downloading https://s01.oss.sonatype.org/content/repositories/snapshots/net/openhft/java-parent-pom/1.1.28/java-parent-pom-1.1.28.pom
2025.10.16 21:27:47 INFO  BSP server: Downloaded https://s01.oss.sonatype.org/content/repositories/snapshots/com/google/errorprone/error_prone_parent/2.38.0/error_prone_parent-2.38.0.pom
2025.10.16 21:27:47 INFO  BSP server: Downloading https://s01.oss.sonatype.org/content/repositories/snapshots/com/google/errorprone/error_prone_parent/2.38.0/error_prone_parent-2.38.0.pom.sha1
2025.10.16 21:27:47 INFO  BSP server: Downloaded https://s01.oss.sonatype.org/content/repositories/snapshots/com/google/errorprone/error_prone_parent/2.38.0/error_prone_parent-2.38.0.pom.sha1
2025.10.16 21:27:47 INFO  BSP server: Downloading https://central.sonatype.com/repository/maven-snapshots/com/google/errorprone/error_prone_parent/2.38.0/error_prone_parent-2.38.0.pom
2025.10.16 21:27:47 INFO  BSP server: Downloaded https://central.sonatype.com/repository/maven-snapshots/com/google/errorprone/error_prone_parent/2.38.0/error_prone_parent-2.38.0.pom
2025.10.16 21:27:47 INFO  BSP server: Downloading https://central.sonatype.com/repository/maven-snapshots/com/google/errorprone/error_prone_parent/2.38.0/error_prone_parent-2.38.0.pom.sha1
2025.10.16 21:27:47 INFO  BSP server: Downloaded https://s01.oss.sonatype.org/content/repositories/snapshots/net/openhft/java-parent-pom/1.1.28/java-parent-pom-1.1.28.pom
2025.10.16 21:27:47 INFO  BSP server: Downloading https://s01.oss.sonatype.org/content/repositories/snapshots/net/openhft/java-parent-pom/1.1.28/java-parent-pom-1.1.28.pom.sha1
2025.10.16 21:27:48 INFO  BSP server: Downloaded https://s01.oss.sonatype.org/content/repositories/snapshots/net/openhft/java-parent-pom/1.1.28/java-parent-pom-1.1.28.pom.sha1
2025.10.16 21:27:48 INFO  BSP server: Downloading https://central.sonatype.com/repository/maven-snapshots/net/openhft/java-parent-pom/1.1.28/java-parent-pom-1.1.28.pom
2025.10.16 21:27:48 INFO  BSP server: Downloaded https://central.sonatype.com/repository/maven-snapshots/com/google/errorprone/error_prone_parent/2.38.0/error_prone_parent-2.38.0.pom.sha1
2025.10.16 21:27:48 INFO  BSP server: Downloading https://repo.scala-lang.org/artifactory/maven-nightlies/com/google/errorprone/error_prone_parent/2.38.0/error_prone_parent-2.38.0.pom
2025.10.16 21:27:48 INFO  BSP server: Downloaded https://repo.scala-lang.org/artifactory/maven-nightlies/com/google/errorprone/error_prone_parent/2.38.0/error_prone_parent-2.38.0.pom
2025.10.16 21:27:48 INFO  BSP server: Downloading https://repo.scala-lang.org/artifactory/maven-nightlies/com/google/errorprone/error_prone_parent/2.38.0/error_prone_parent-2.38.0.pom.sha1
2025.10.16 21:27:48 INFO  BSP server: Downloaded https://central.sonatype.com/repository/maven-snapshots/net/openhft/java-parent-pom/1.1.28/java-parent-pom-1.1.28.pom
2025.10.16 21:27:48 INFO  BSP server: Downloading https://central.sonatype.com/repository/maven-snapshots/net/openhft/java-parent-pom/1.1.28/java-parent-pom-1.1.28.pom.sha1
2025.10.16 21:27:48 INFO  BSP server: Downloaded https://repo.scala-lang.org/artifactory/maven-nightlies/com/google/errorprone/error_prone_parent/2.38.0/error_prone_parent-2.38.0.pom.sha1
2025.10.16 21:27:50 INFO  BSP server: Downloaded https://central.sonatype.com/repository/maven-snapshots/net/openhft/java-parent-pom/1.1.28/java-parent-pom-1.1.28.pom.sha1
2025.10.16 21:27:50 INFO  BSP server: Downloading https://repo.scala-lang.org/artifactory/maven-nightlies/net/openhft/java-parent-pom/1.1.28/java-parent-pom-1.1.28.pom
2025.10.16 21:27:50 INFO  BSP server: Downloaded https://repo.scala-lang.org/artifactory/maven-nightlies/net/openhft/java-parent-pom/1.1.28/java-parent-pom-1.1.28.pom
2025.10.16 21:27:50 INFO  BSP server: Downloading https://repo.scala-lang.org/artifactory/maven-nightlies/net/openhft/java-parent-pom/1.1.28/java-parent-pom-1.1.28.pom.sha1
2025.10.16 21:27:50 INFO  BSP server: Downloaded https://repo.scala-lang.org/artifactory/maven-nightlies/net/openhft/java-parent-pom/1.1.28/java-parent-pom-1.1.28.pom.sha1
2025.10.16 21:27:50 INFO  BSP server: Downloading https://oss.sonatype.org/content/repositories/snapshots/net/openhft/root-parent-pom/1.2.12/root-parent-pom-1.2.12.pom
2025.10.16 21:27:50 INFO  BSP server: Downloaded https://oss.sonatype.org/content/repositories/snapshots/net/openhft/root-parent-pom/1.2.12/root-parent-pom-1.2.12.pom
2025.10.16 21:27:50 INFO  BSP server: Downloading https://oss.sonatype.org/content/repositories/snapshots/net/openhft/root-parent-pom/1.2.12/root-parent-pom-1.2.12.pom.sha1
2025.10.16 21:27:50 INFO  BSP server: Downloaded https://oss.sonatype.org/content/repositories/snapshots/net/openhft/root-parent-pom/1.2.12/root-parent-pom-1.2.12.pom.sha1
2025.10.16 21:27:50 INFO  BSP server: Downloading https://s01.oss.sonatype.org/content/repositories/snapshots/net/openhft/root-parent-pom/1.2.12/root-parent-pom-1.2.12.pom
2025.10.16 21:27:50 INFO  BSP server: Downloaded https://s01.oss.sonatype.org/content/repositories/snapshots/net/openhft/root-parent-pom/1.2.12/root-parent-pom-1.2.12.pom
2025.10.16 21:27:50 INFO  BSP server: Downloading https://s01.oss.sonatype.org/content/repositories/snapshots/net/openhft/root-parent-pom/1.2.12/root-parent-pom-1.2.12.pom.sha1
2025.10.16 21:27:52 INFO  BSP server: Downloaded https://s01.oss.sonatype.org/content/repositories/snapshots/net/openhft/root-parent-pom/1.2.12/root-parent-pom-1.2.12.pom.sha1
2025.10.16 21:27:52 INFO  BSP server: Downloading https://central.sonatype.com/repository/maven-snapshots/net/openhft/root-parent-pom/1.2.12/root-parent-pom-1.2.12.pom
2025.10.16 21:27:52 INFO  BSP server: Downloaded https://central.sonatype.com/repository/maven-snapshots/net/openhft/root-parent-pom/1.2.12/root-parent-pom-1.2.12.pom
2025.10.16 21:27:52 INFO  BSP server: Downloading https://central.sonatype.com/repository/maven-snapshots/net/openhft/root-parent-pom/1.2.12/root-parent-pom-1.2.12.pom.sha1
2025.10.16 21:27:53 INFO  BSP server: Downloaded https://central.sonatype.com/repository/maven-snapshots/net/openhft/root-parent-pom/1.2.12/root-parent-pom-1.2.12.pom.sha1
2025.10.16 21:27:53 INFO  BSP server: Downloading https://repo.scala-lang.org/artifactory/maven-nightlies/net/openhft/root-parent-pom/1.2.12/root-parent-pom-1.2.12.pom
2025.10.16 21:27:53 INFO  BSP server: Downloaded https://repo.scala-lang.org/artifactory/maven-nightlies/net/openhft/root-parent-pom/1.2.12/root-parent-pom-1.2.12.pom
2025.10.16 21:27:53 INFO  BSP server: Downloading https://oss.sonatype.org/content/repositories/snapshots/org/typelevel/cats-macros_2.12/2.1.1/cats-macros_2.12-2.1.1.pom
2025.10.16 21:27:53 INFO  BSP server: Downloading https://oss.sonatype.org/content/repositories/snapshots/com/eed3si9n/gigahorse-core_2.12/0.9.3/gigahorse-core_2.12-0.9.3.pom
2025.10.16 21:27:53 INFO  BSP server: Downloading https://oss.sonatype.org/content/repositories/snapshots/org/typelevel/cats-kernel_2.12/2.1.1/cats-kernel_2.12-2.1.1.pom
2025.10.16 21:27:53 INFO  BSP server: Downloading https://oss.sonatype.org/content/repositories/snapshots/org/scala-sbt/util-interface/1.11.0/util-interface-1.11.0.pom
2025.10.16 21:27:53 INFO  BSP server: Downloading https://oss.sonatype.org/content/repositories/snapshots/org/scala-sbt/core-macros_2.12/1.11.0/core-macros_2.12-1.11.0.pom
2025.10.16 21:27:53 INFO  BSP server: Downloading https://oss.sonatype.org/content/repositories/snapshots/org/scala-sbt/compiler-bridge_2.12/1.10.8/compiler-bridge_2.12-1.10.8.pom
2025.10.16 21:27:53 INFO  BSP server: Downloaded https://oss.sonatype.org/content/repositories/snapshots/org/typelevel/cats-macros_2.12/2.1.1/cats-macros_2.12-2.1.1.pom
2025.10.16 21:27:53 INFO  BSP server: Downloading https://oss.sonatype.org/content/repositories/snapshots/com/eed3si9n/sjson-new-scalajson_2.12/0.10.1/sjson-new-scalajson_2.12-0.10.1.pom
2025.10.16 21:27:53 INFO  BSP server: Downloaded https://oss.sonatype.org/content/repositories/snapshots/com/eed3si9n/sjson-new-scalajson_2.12/0.10.1/sjson-new-scalajson_2.12-0.10.1.pom
2025.10.16 21:27:53 INFO  BSP server: Downloading https://oss.sonatype.org/content/repositories/snapshots/org/scala-sbt/collections_2.12/1.11.0/collections_2.12-1.11.0.pom
2025.10.16 21:27:53 INFO  BSP server: Downloaded https://oss.sonatype.org/content/repositories/snapshots/org/scala-sbt/collections_2.12/1.11.0/collections_2.12-1.11.0.pom
2025.10.16 21:27:53 INFO  BSP server: Downloading https://oss.sonatype.org/content/repositories/snapshots/com/eed3si9n/sjson-new-murmurhash_2.12/0.10.1/sjson-new-murmurhash_2.12-0.10.1.pom
2025.10.16 21:27:53 INFO  BSP server: Downloaded https://oss.sonatype.org/content/repositories/snapshots/com/eed3si9n/gigahorse-core_2.12/0.9.3/gigahorse-core_2.12-0.9.3.pom
2025.10.16 21:27:53 INFO  BSP server: Downloading https://oss.sonatype.org/content/repositories/snapshots/org/scala-sbt/jline/jline/2.14.7-sbt-9a88bc413e2b34a4580c001c654d1a7f4f65bf18/jline-2.14.7-sbt-9a88bc413e2b34a4580c001c654d1a7f4f65bf18.pom
2025.10.16 21:27:53 INFO  BSP server: Downloaded https://oss.sonatype.org/content/repositories/snapshots/org/scala-sbt/compiler-bridge_2.12/1.10.8/compiler-bridge_2.12-1.10.8.pom
2025.10.16 21:27:53 INFO  BSP server: Downloading https://oss.sonatype.org/content/repositories/snapshots/org/typelevel/cats-macros_2.12/2.1.1/cats-macros_2.12-2.1.1.pom.sha1
2025.10.16 21:27:53 INFO  BSP server: Downloaded https://oss.sonatype.org/content/repositories/snapshots/org/typelevel/cats-kernel_2.12/2.1.1/cats-kernel_2.12-2.1.1.pom
2025.10.16 21:27:53 INFO  BSP server: Downloaded https://oss.sonatype.org/content/repositories/snapshots/org/scala-sbt/core-macros_2.12/1.11.0/core-macros_2.12-1.11.0.pom
2025.10.16 21:27:53 INFO  BSP server: Downloading https://oss.sonatype.org/content/repositories/snapshots/com/eed3si9n/sjson-new-scalajson_2.12/0.10.1/sjson-new-scalajson_2.12-0.10.1.pom.sha1
2025.10.16 21:27:53 INFO  BSP server: Downloading https://oss.sonatype.org/content/repositories/snapshots/org/scala-sbt/collections_2.12/1.11.0/collections_2.12-1.11.0.pom.sha1
2025.10.16 21:27:53 INFO  BSP server: Downloaded https://oss.sonatype.org/content/repositories/snapshots/org/scala-sbt/util-interface/1.11.0/util-interface-1.11.0.pom
2025.10.16 21:27:53 INFO  BSP server: Downloading https://oss.sonatype.org/content/repositories/snapshots/com/lmax/disruptor/3.4.2/disruptor-3.4.2.pom
2025.10.16 21:27:53 INFO  BSP server: Downloaded https://oss.sonatype.org/content/repositories/snapshots/com/eed3si9n/sjson-new-murmurhash_2.12/0.10.1/sjson-new-murmurhash_2.12-0.10.1.pom
2025.10.16 21:27:53 INFO  BSP server: Downloading https://oss.sonatype.org/content/repositories/snapshots/com/eed3si9n/gigahorse-core_2.12/0.9.3/gigahorse-core_2.12-0.9.3.pom.sha1
2025.10.16 21:27:53 INFO  BSP server: Downloaded https://oss.sonatype.org/content/repositories/snapshots/org/scala-sbt/jline/jline/2.14.7-sbt-9a88bc413e2b34a4580c001c654d1a7f4f65bf18/jline-2.14.7-sbt-9a88bc413e2b34a4580c001c654d1a7f4f65bf18.pom
2025.10.16 21:27:53 INFO  BSP server: Downloading https://oss.sonatype.org/content/repositories/snapshots/org/scala-sbt/compiler-bridge_2.12/1.10.8/compiler-bridge_2.12-1.10.8.pom.sha1
2025.10.16 21:27:53 INFO  BSP server: Downloaded https://oss.sonatype.org/content/repositories/snapshots/org/typelevel/cats-macros_2.12/2.1.1/cats-macros_2.12-2.1.1.pom.sha1
2025.10.16 21:27:53 INFO  BSP server: Downloading https://oss.sonatype.org/content/repositories/snapshots/org/typelevel/cats-kernel_2.12/2.1.1/cats-kernel_2.12-2.1.1.pom.sha1
2025.10.16 21:27:53 INFO  BSP server: Downloaded https://oss.sonatype.org/content/repositories/snapshots/com/eed3si9n/sjson-new-scalajson_2.12/0.10.1/sjson-new-scalajson_2.12-0.10.1.pom.sha1
2025.10.16 21:27:53 INFO  BSP server: Downloading https://oss.sonatype.org/content/repositories/snapshots/org/scala-sbt/core-macros_2.12/1.11.0/core-macros_2.12-1.11.0.pom.sha1
2025.10.16 21:27:53 INFO  BSP server: Downloaded https://oss.sonatype.org/content/repositories/snapshots/org/scala-sbt/collections_2.12/1.11.0/collections_2.12-1.11.0.pom.sha1
2025.10.16 21:27:53 INFO  BSP server: Downloading https://oss.sonatype.org/content/repositories/snapshots/com/eed3si9n/shaded-apache-httpclient5/0.9.3/shaded-apache-httpclient5-0.9.3.pom
2025.10.16 21:27:53 INFO  BSP server: Downloaded https://oss.sonatype.org/content/repositories/snapshots/com/lmax/disruptor/3.4.2/disruptor-3.4.2.pom
2025.10.16 21:27:53 INFO  BSP server: Downloading https://oss.sonatype.org/content/repositories/snapshots/org/scala-sbt/util-interface/1.11.0/util-interface-1.11.0.pom.sha1
2025.10.16 21:27:53 INFO  BSP server: Downloaded https://oss.sonatype.org/content/repositories/snapshots/com/eed3si9n/gigahorse-core_2.12/0.9.3/gigahorse-core_2.12-0.9.3.pom.sha1
2025.10.16 21:27:53 INFO  BSP server: Downloading https://oss.sonatype.org/content/repositories/snapshots/com/eed3si9n/sjson-new-murmurhash_2.12/0.10.1/sjson-new-murmurhash_2.12-0.10.1.pom.sha1
2025.10.16 21:27:53 INFO  BSP server: Downloaded https://oss.sonatype.org/content/repositories/snapshots/org/scala-sbt/compiler-bridge_2.12/1.10.8/compiler-bridge_2.12-1.10.8.pom.sha1
2025.10.16 21:27:53 INFO  BSP server: Downloading https://oss.sonatype.org/content/repositories/snapshots/org/scala-sbt/jline/jline/2.14.7-sbt-9a88bc413e2b34a4580c001c654d1a7f4f65bf18/jline-2.14.7-sbt-9a88bc413e2b34a4580c001c654d1a7f4f65bf18.pom.sha1
2025.10.16 21:27:53 INFO  BSP server: Downloaded https://oss.sonatype.org/content/repositories/snapshots/org/typelevel/cats-kernel_2.12/2.1.1/cats-kernel_2.12-2.1.1.pom.sha1
2025.10.16 21:27:53 INFO  BSP server: Downloading https://oss.sonatype.org/content/repositories/snapshots/com/lmax/disruptor/3.4.2/disruptor-3.4.2.pom.sha1
2025.10.16 21:27:53 INFO  BSP server: Downloaded https://oss.sonatype.org/content/repositories/snapshots/org/scala-sbt/core-macros_2.12/1.11.0/core-macros_2.12-1.11.0.pom.sha1
2025.10.16 21:27:53 INFO  BSP server: Downloaded https://oss.sonatype.org/content/repositories/snapshots/com/eed3si9n/shaded-apache-httpclient5/0.9.3/shaded-apache-httpclient5-0.9.3.pom
2025.10.16 21:27:53 INFO  BSP server: Downloading https://s01.oss.sonatype.org/content/repositories/snapshots/com/eed3si9n/sjson-new-scalajson_2.12/0.10.1/sjson-new-scalajson_2.12-0.10.1.pom
2025.10.16 21:27:53 INFO  BSP server: Downloading https://s01.oss.sonatype.org/content/repositories/snapshots/org/typelevel/cats-macros_2.12/2.1.1/cats-macros_2.12-2.1.1.pom
2025.10.16 21:27:53 INFO  BSP server: Downloaded https://oss.sonatype.org/content/repositories/snapshots/org/scala-sbt/util-interface/1.11.0/util-interface-1.11.0.pom.sha1
2025.10.16 21:27:53 INFO  BSP server: Downloading https://s01.oss.sonatype.org/content/repositories/snapshots/org/scala-sbt/collections_2.12/1.11.0/collections_2.12-1.11.0.pom
2025.10.16 21:27:53 INFO  BSP server: Downloaded https://oss.sonatype.org/content/repositories/snapshots/com/eed3si9n/sjson-new-murmurhash_2.12/0.10.1/sjson-new-murmurhash_2.12-0.10.1.pom.sha1
2025.10.16 21:27:53 INFO  BSP server: Downloading https://s01.oss.sonatype.org/content/repositories/snapshots/com/eed3si9n/gigahorse-core_2.12/0.9.3/gigahorse-core_2.12-0.9.3.pom
2025.10.16 21:27:53 INFO  BSP server: Downloaded https://oss.sonatype.org/content/repositories/snapshots/org/scala-sbt/jline/jline/2.14.7-sbt-9a88bc413e2b34a4580c001c654d1a7f4f65bf18/jline-2.14.7-sbt-9a88bc413e2b34a4580c001c654d1a7f4f65bf18.pom.sha1
2025.10.16 21:27:53 INFO  BSP server: Downloading https://s01.oss.sonatype.org/content/repositories/snapshots/org/scala-sbt/compiler-bridge_2.12/1.10.8/compiler-bridge_2.12-1.10.8.pom
2025.10.16 21:27:53 INFO  BSP server: Downloaded https://oss.sonatype.org/content/repositories/snapshots/com/lmax/disruptor/3.4.2/disruptor-3.4.2.pom.sha1
2025.10.16 21:27:53 INFO  BSP server: Downloading https://s01.oss.sonatype.org/content/repositories/snapshots/org/typelevel/cats-kernel_2.12/2.1.1/cats-kernel_2.12-2.1.1.pom
2025.10.16 21:27:53 INFO  BSP server: Downloaded https://s01.oss.sonatype.org/content/repositories/snapshots/org/scala-sbt/collections_2.12/1.11.0/collections_2.12-1.11.0.pom
2025.10.16 21:27:53 INFO  BSP server: Downloading https://oss.sonatype.org/content/repositories/snapshots/com/eed3si9n/shaded-apache-httpclient5/0.9.3/shaded-apache-httpclient5-0.9.3.pom.sha1
2025.10.16 21:27:53 INFO  BSP server: Downloaded https://s01.oss.sonatype.org/content/repositories/snapshots/com/eed3si9n/gigahorse-core_2.12/0.9.3/gigahorse-core_2.12-0.9.3.pom
2025.10.16 21:27:53 INFO  BSP server: Downloading https://s01.oss.sonatype.org/content/repositories/snapshots/org/scala-sbt/core-macros_2.12/1.11.0/core-macros_2.12-1.11.0.pom
2025.10.16 21:27:54 INFO  BSP server: Downloaded https://s01.oss.sonatype.org/content/repositories/snapshots/org/typelevel/cats-kernel_2.12/2.1.1/cats-kernel_2.12-2.1.1.pom
2025.10.16 21:27:54 INFO  BSP server: Downloading https://s01.oss.sonatype.org/content/repositories/snapshots/org/scala-sbt/collections_2.12/1.11.0/collections_2.12-1.11.0.pom.sha1
2025.10.16 21:27:54 INFO  BSP server: Downloaded https://oss.sonatype.org/content/repositories/snapshots/com/eed3si9n/shaded-apache-httpclient5/0.9.3/shaded-apache-httpclient5-0.9.3.pom.sha1
2025.10.16 21:27:54 INFO  BSP server: Downloading https://s01.oss.sonatype.org/content/repositories/snapshots/com/eed3si9n/gigahorse-core_2.12/0.9.3/gigahorse-core_2.12-0.9.3.pom.sha1
2025.10.16 21:27:54 INFO  BSP server: Downloaded https://s01.oss.sonatype.org/content/repositories/snapshots/org/scala-sbt/compiler-bridge_2.12/1.10.8/compiler-bridge_2.12-1.10.8.pom
2025.10.16 21:27:54 INFO  BSP server: Downloading https://s01.oss.sonatype.org/content/repositories/snapshots/org/typelevel/cats-kernel_2.12/2.1.1/cats-kernel_2.12-2.1.1.pom.sha1
2025.10.16 21:27:54 INFO  BSP server: Downloaded https://s01.oss.sonatype.org/content/repositories/snapshots/org/typelevel/cats-macros_2.12/2.1.1/cats-macros_2.12-2.1.1.pom
2025.10.16 21:27:54 INFO  BSP server: Downloading https://s01.oss.sonatype.org/content/repositories/snapshots/org/scala-sbt/util-interface/1.11.0/util-interface-1.11.0.pom
2025.10.16 21:27:54 INFO  BSP server: Downloaded https://s01.oss.sonatype.org/content/repositories/snapshots/org/scala-sbt/collections_2.12/1.11.0/collections_2.12-1.11.0.pom.sha1
2025.10.16 21:27:54 INFO  BSP server: Downloading https://s01.oss.sonatype.org/content/repositories/snapshots/com/eed3si9n/sjson-new-murmurhash_2.12/0.10.1/sjson-new-murmurhash_2.12-0.10.1.pom
2025.10.16 21:27:54 INFO  BSP server: Downloaded https://s01.oss.sonatype.org/content/repositories/snapshots/com/eed3si9n/gigahorse-core_2.12/0.9.3/gigahorse-core_2.12-0.9.3.pom.sha1
2025.10.16 21:27:54 INFO  BSP server: Downloading https://s01.oss.sonatype.org/content/repositories/snapshots/org/scala-sbt/jline/jline/2.14.7-sbt-9a88bc413e2b34a4580c001c654d1a7f4f65bf18/jline-2.14.7-sbt-9a88bc413e2b34a4580c001c654d1a7f4f65bf18.pom
2025.10.16 21:27:54 INFO  BSP server: Downloaded https://s01.oss.sonatype.org/content/repositories/snapshots/org/typelevel/cats-kernel_2.12/2.1.1/cats-kernel_2.12-2.1.1.pom.sha1
2025.10.16 21:27:54 INFO  BSP server: Downloading https://s01.oss.sonatype.org/content/repositories/snapshots/com/lmax/disruptor/3.4.2/disruptor-3.4.2.pom
2025.10.16 21:27:54 INFO  BSP server: Downloaded https://s01.oss.sonatype.org/content/repositories/snapshots/org/scala-sbt/core-macros_2.12/1.11.0/core-macros_2.12-1.11.0.pom
2025.10.16 21:27:54 INFO  BSP server: Downloading https://s01.oss.sonatype.org/content/repositories/snapshots/org/scala-sbt/compiler-bridge_2.12/1.10.8/compiler-bridge_2.12-1.10.8.pom.sha1
2025.10.16 21:27:54 INFO  BSP server: Downloaded https://s01.oss.sonatype.org/content/repositories/snapshots/org/scala-sbt/util-interface/1.11.0/util-interface-1.11.0.pom
2025.10.16 21:27:54 INFO  BSP server: Downloading https://s01.oss.sonatype.org/content/repositories/snapshots/org/typelevel/cats-macros_2.12/2.1.1/cats-macros_2.12-2.1.1.pom.sha1
2025.10.16 21:27:54 INFO  BSP server: Downloaded https://s01.oss.sonatype.org/content/repositories/snapshots/com/eed3si9n/sjson-new-murmurhash_2.12/0.10.1/sjson-new-murmurhash_2.12-0.10.1.pom
2025.10.16 21:27:54 INFO  BSP server: Downloading https://s01.oss.sonatype.org/content/repositories/snapshots/org/scala-sbt/core-macros_2.12/1.11.0/core-macros_2.12-1.11.0.pom.sha1
2025.10.16 21:27:54 INFO  BSP server: Downloaded https://s01.oss.sonatype.org/content/repositories/snapshots/com/lmax/disruptor/3.4.2/disruptor-3.4.2.pom
2025.10.16 21:27:54 INFO  BSP server: Downloading https://s01.oss.sonatype.org/content/repositories/snapshots/org/scala-sbt/util-interface/1.11.0/util-interface-1.11.0.pom.sha1
2025.10.16 21:27:54 INFO  BSP server: Downloaded https://s01.oss.sonatype.org/content/repositories/snapshots/org/scala-sbt/compiler-bridge_2.12/1.10.8/compiler-bridge_2.12-1.10.8.pom.sha1
2025.10.16 21:27:54 INFO  BSP server: Downloading https://s01.oss.sonatype.org/content/repositories/snapshots/com/eed3si9n/shaded-apache-httpclient5/0.9.3/shaded-apache-httpclient5-0.9.3.pom
2025.10.16 21:27:54 INFO  BSP server: Downloaded https://s01.oss.sonatype.org/content/repositories/snapshots/org/scala-sbt/jline/jline/2.14.7-sbt-9a88bc413e2b34a4580c001c654d1a7f4f65bf18/jline-2.14.7-sbt-9a88bc413e2b34a4580c001c654d1a7f4f65bf18.pom
2025.10.16 21:27:54 INFO  BSP server: Downloading https://s01.oss.sonatype.org/content/repositories/snapshots/com/eed3si9n/sjson-new-murmurhash_2.12/0.10.1/sjson-new-murmurhash_2.12-0.10.1.pom.sha1
2025.10.16 21:27:54 INFO  BSP server: Downloaded https://s01.oss.sonatype.org/content/repositories/snapshots/org/scala-sbt/util-interface/1.11.0/util-interface-1.11.0.pom.sha1
2025.10.16 21:27:54 INFO  BSP server: Downloading https://central.sonatype.com/repository/maven-snapshots/org/scala-sbt/collections_2.12/1.11.0/collections_2.12-1.11.0.pom
2025.10.16 21:27:54 INFO  BSP server: Downloaded https://s01.oss.sonatype.org/content/repositories/snapshots/com/eed3si9n/shaded-apache-httpclient5/0.9.3/shaded-apache-httpclient5-0.9.3.pom
2025.10.16 21:27:54 INFO  BSP server: Downloading https://s01.oss.sonatype.org/content/repositories/snapshots/com/lmax/disruptor/3.4.2/disruptor-3.4.2.pom.sha1
2025.10.16 21:27:54 INFO  BSP server: Downloaded https://s01.oss.sonatype.org/content/repositories/snapshots/com/eed3si9n/sjson-new-murmurhash_2.12/0.10.1/sjson-new-murmurhash_2.12-0.10.1.pom.sha1
2025.10.16 21:27:54 INFO  BSP server: Downloading https://central.sonatype.com/repository/maven-snapshots/com/eed3si9n/gigahorse-core_2.12/0.9.3/gigahorse-core_2.12-0.9.3.pom
2025.10.16 21:27:54 INFO  BSP server: Downloaded https://s01.oss.sonatype.org/content/repositories/snapshots/org/scala-sbt/core-macros_2.12/1.11.0/core-macros_2.12-1.11.0.pom.sha1
2025.10.16 21:27:54 INFO  BSP server: Downloading https://central.sonatype.com/repository/maven-snapshots/org/typelevel/cats-kernel_2.12/2.1.1/cats-kernel_2.12-2.1.1.pom
2025.10.16 21:27:54 INFO  BSP server: Downloaded https://s01.oss.sonatype.org/content/repositories/snapshots/com/eed3si9n/sjson-new-scalajson_2.12/0.10.1/sjson-new-scalajson_2.12-0.10.1.pom
2025.10.16 21:27:54 INFO  BSP server: Downloading https://s01.oss.sonatype.org/content/repositories/snapshots/org/scala-sbt/jline/jline/2.14.7-sbt-9a88bc413e2b34a4580c001c654d1a7f4f65bf18/jline-2.14.7-sbt-9a88bc413e2b34a4580c001c654d1a7f4f65bf18.pom.sha1
2025.10.16 21:27:55 INFO  BSP server: Downloaded https://s01.oss.sonatype.org/content/repositories/snapshots/com/lmax/disruptor/3.4.2/disruptor-3.4.2.pom.sha1
2025.10.16 21:27:55 INFO  BSP server: Downloading https://s01.oss.sonatype.org/content/repositories/snapshots/com/eed3si9n/shaded-apache-httpclient5/0.9.3/shaded-apache-httpclient5-0.9.3.pom.sha1
2025.10.16 21:27:55 INFO  BSP server: Downloaded https://s01.oss.sonatype.org/content/repositories/snapshots/org/scala-sbt/jline/jline/2.14.7-sbt-9a88bc413e2b34a4580c001c654d1a7f4f65bf18/jline-2.14.7-sbt-9a88bc413e2b34a4580c001c654d1a7f4f65bf18.pom.sha1
2025.10.16 21:27:55 INFO  BSP server: Downloading https://s01.oss.sonatype.org/content/repositories/snapshots/com/eed3si9n/sjson-new-scalajson_2.12/0.10.1/sjson-new-scalajson_2.12-0.10.1.pom.sha1
2025.10.16 21:27:55 INFO  BSP server: Downloaded https://s01.oss.sonatype.org/content/repositories/snapshots/com/eed3si9n/shaded-apache-httpclient5/0.9.3/shaded-apache-httpclient5-0.9.3.pom.sha1
2025.10.16 21:27:55 INFO  BSP server: Downloading https://central.sonatype.com/repository/maven-snapshots/org/scala-sbt/compiler-bridge_2.12/1.10.8/compiler-bridge_2.12-1.10.8.pom
2025.10.16 21:27:55 INFO  BSP server: Downloaded https://central.sonatype.com/repository/maven-snapshots/org/scala-sbt/collections_2.12/1.11.0/collections_2.12-1.11.0.pom
2025.10.16 21:27:55 INFO  BSP server: Downloading https://central.sonatype.com/repository/maven-snapshots/org/scala-sbt/util-interface/1.11.0/util-interface-1.11.0.pom
2025.10.16 21:27:55 INFO  BSP server: Downloaded https://central.sonatype.com/repository/maven-snapshots/com/eed3si9n/gigahorse-core_2.12/0.9.3/gigahorse-core_2.12-0.9.3.pom
2025.10.16 21:27:55 INFO  BSP server: Downloading https://central.sonatype.com/repository/maven-snapshots/com/eed3si9n/sjson-new-murmurhash_2.12/0.10.1/sjson-new-murmurhash_2.12-0.10.1.pom
2025.10.16 21:27:55 INFO  BSP server: Downloaded https://s01.oss.sonatype.org/content/repositories/snapshots/com/eed3si9n/sjson-new-scalajson_2.12/0.10.1/sjson-new-scalajson_2.12-0.10.1.pom.sha1
2025.10.16 21:27:55 INFO  BSP server: Downloading https://central.sonatype.com/repository/maven-snapshots/org/scala-sbt/collections_2.12/1.11.0/collections_2.12-1.11.0.pom.sha1
2025.10.16 21:27:55 INFO  BSP server: Downloaded https://central.sonatype.com/repository/maven-snapshots/org/typelevel/cats-kernel_2.12/2.1.1/cats-kernel_2.12-2.1.1.pom
2025.10.16 21:27:55 INFO  BSP server: Downloading https://central.sonatype.com/repository/maven-snapshots/org/scala-sbt/core-macros_2.12/1.11.0/core-macros_2.12-1.11.0.pom
2025.10.16 21:27:55 INFO  BSP server: Downloaded https://central.sonatype.com/repository/maven-snapshots/org/scala-sbt/compiler-bridge_2.12/1.10.8/compiler-bridge_2.12-1.10.8.pom
2025.10.16 21:27:55 INFO  BSP server: Downloading https://central.sonatype.com/repository/maven-snapshots/com/lmax/disruptor/3.4.2/disruptor-3.4.2.pom
2025.10.16 21:27:55 INFO  BSP server: Downloaded https://central.sonatype.com/repository/maven-snapshots/org/scala-sbt/util-interface/1.11.0/util-interface-1.11.0.pom
2025.10.16 21:27:55 INFO  BSP server: Downloading https://central.sonatype.com/repository/maven-snapshots/com/eed3si9n/gigahorse-core_2.12/0.9.3/gigahorse-core_2.12-0.9.3.pom.sha1
2025.10.16 21:27:55 INFO  BSP server: Downloaded https://central.sonatype.com/repository/maven-snapshots/com/eed3si9n/sjson-new-murmurhash_2.12/0.10.1/sjson-new-murmurhash_2.12-0.10.1.pom
2025.10.16 21:27:55 INFO  BSP server: Downloading https://central.sonatype.com/repository/maven-snapshots/org/scala-sbt/jline/jline/2.14.7-sbt-9a88bc413e2b34a4580c001c654d1a7f4f65bf18/jline-2.14.7-sbt-9a88bc413e2b34a4580c001c654d1a7f4f65bf18.pom
2025.10.16 21:27:55 INFO  BSP server: Downloaded https://central.sonatype.com/repository/maven-snapshots/org/scala-sbt/collections_2.12/1.11.0/collections_2.12-1.11.0.pom.sha1
2025.10.16 21:27:55 INFO  BSP server: Downloading https://central.sonatype.com/repository/maven-snapshots/org/typelevel/cats-kernel_2.12/2.1.1/cats-kernel_2.12-2.1.1.pom.sha1
2025.10.16 21:27:55 INFO  BSP server: Downloaded https://central.sonatype.com/repository/maven-snapshots/org/scala-sbt/core-macros_2.12/1.11.0/core-macros_2.12-1.11.0.pom
2025.10.16 21:27:55 INFO  BSP server: Downloading https://central.sonatype.com/repository/maven-snapshots/org/scala-sbt/compiler-bridge_2.12/1.10.8/compiler-bridge_2.12-1.10.8.pom.sha1
2025.10.16 21:27:56 INFO  BSP server: Downloaded https://central.sonatype.com/repository/maven-snapshots/com/lmax/disruptor/3.4.2/disruptor-3.4.2.pom
2025.10.16 21:27:56 INFO  BSP server: Downloading https://central.sonatype.com/repository/maven-snapshots/com/eed3si9n/shaded-apache-httpclient5/0.9.3/shaded-apache-httpclient5-0.9.3.pom
2025.10.16 21:27:56 INFO  BSP server: Downloaded https://central.sonatype.com/repository/maven-snapshots/com/eed3si9n/gigahorse-core_2.12/0.9.3/gigahorse-core_2.12-0.9.3.pom.sha1
2025.10.16 21:27:56 INFO  BSP server: Downloading https://central.sonatype.com/repository/maven-snapshots/org/scala-sbt/util-interface/1.11.0/util-interface-1.11.0.pom.sha1
2025.10.16 21:27:56 INFO  BSP server: Downloaded https://central.sonatype.com/repository/maven-snapshots/org/scala-sbt/jline/jline/2.14.7-sbt-9a88bc413e2b34a4580c001c654d1a7f4f65bf18/jline-2.14.7-sbt-9a88bc413e2b34a4580c001c654d1a7f4f65bf18.pom
2025.10.16 21:27:56 INFO  BSP server: Downloading https://central.sonatype.com/repository/maven-snapshots/com/eed3si9n/sjson-new-murmurhash_2.12/0.10.1/sjson-new-murmurhash_2.12-0.10.1.pom.sha1
2025.10.16 21:27:56 INFO  BSP server: Downloaded https://central.sonatype.com/repository/maven-snapshots/org/scala-sbt/compiler-bridge_2.12/1.10.8/compiler-bridge_2.12-1.10.8.pom.sha1
2025.10.16 21:27:56 INFO  BSP server: Downloading https://central.sonatype.com/repository/maven-snapshots/org/scala-sbt/core-macros_2.12/1.11.0/core-macros_2.12-1.11.0.pom.sha1
2025.10.16 21:27:56 INFO  BSP server: Downloaded https://central.sonatype.com/repository/maven-snapshots/com/eed3si9n/shaded-apache-httpclient5/0.9.3/shaded-apache-httpclient5-0.9.3.pom
2025.10.16 21:27:56 INFO  BSP server: Downloading https://central.sonatype.com/repository/maven-snapshots/com/lmax/disruptor/3.4.2/disruptor-3.4.2.pom.sha1
2025.10.16 21:27:56 INFO  BSP server: Downloaded https://central.sonatype.com/repository/maven-snapshots/org/scala-sbt/util-interface/1.11.0/util-interface-1.11.0.pom.sha1
2025.10.16 21:27:56 INFO  BSP server: Downloading https://central.sonatype.com/repository/maven-snapshots/org/scala-sbt/jline/jline/2.14.7-sbt-9a88bc413e2b34a4580c001c654d1a7f4f65bf18/jline-2.14.7-sbt-9a88bc413e2b34a4580c001c654d1a7f4f65bf18.pom.sha1
2025.10.16 21:27:56 INFO  BSP server: Downloaded https://central.sonatype.com/repository/maven-snapshots/com/eed3si9n/sjson-new-murmurhash_2.12/0.10.1/sjson-new-murmurhash_2.12-0.10.1.pom.sha1
2025.10.16 21:27:56 INFO  BSP server: Downloading https://central.sonatype.com/repository/maven-snapshots/com/eed3si9n/sjson-new-scalajson_2.12/0.10.1/sjson-new-scalajson_2.12-0.10.1.pom
2025.10.16 21:27:56 INFO  BSP server: Downloaded https://central.sonatype.com/repository/maven-snapshots/org/scala-sbt/core-macros_2.12/1.11.0/core-macros_2.12-1.11.0.pom.sha1
2025.10.16 21:27:56 INFO  BSP server: Downloading https://central.sonatype.com/repository/maven-snapshots/com/eed3si9n/shaded-apache-httpclient5/0.9.3/shaded-apache-httpclient5-0.9.3.pom.sha1
2025.10.16 21:27:58 INFO  BSP server: Downloaded https://central.sonatype.com/repository/maven-snapshots/org/typelevel/cats-kernel_2.12/2.1.1/cats-kernel_2.12-2.1.1.pom.sha1
2025.10.16 21:27:58 INFO  BSP server: Downloading https://repo.scala-lang.org/artifactory/maven-nightlies/org/scala-sbt/collections_2.12/1.11.0/collections_2.12-1.11.0.pom
2025.10.16 21:27:58 INFO  BSP server: Downloaded https://central.sonatype.com/repository/maven-snapshots/com/lmax/disruptor/3.4.2/disruptor-3.4.2.pom.sha1
2025.10.16 21:27:58 INFO  BSP server: Downloading https://repo.scala-lang.org/artifactory/maven-nightlies/com/eed3si9n/gigahorse-core_2.12/0.9.3/gigahorse-core_2.12-0.9.3.pom
2025.10.16 21:27:58 INFO  BSP server: Downloaded https://s01.oss.sonatype.org/content/repositories/snapshots/org/typelevel/cats-macros_2.12/2.1.1/cats-macros_2.12-2.1.1.pom.sha1
2025.10.16 21:27:58 INFO  BSP server: Downloading https://repo.scala-lang.org/artifactory/maven-nightlies/org/scala-sbt/compiler-bridge_2.12/1.10.8/compiler-bridge_2.12-1.10.8.pom
2025.10.16 21:27:58 INFO  BSP server: Downloaded https://central.sonatype.com/repository/maven-snapshots/org/scala-sbt/jline/jline/2.14.7-sbt-9a88bc413e2b34a4580c001c654d1a7f4f65bf18/jline-2.14.7-sbt-9a88bc413e2b34a4580c001c654d1a7f4f65bf18.pom.sha1
2025.10.16 21:27:58 INFO  BSP server: Downloading https://repo.scala-lang.org/artifactory/maven-nightlies/org/scala-sbt/util-interface/1.11.0/util-interface-1.11.0.pom
2025.10.16 21:27:58 INFO  BSP server: Downloaded https://central.sonatype.com/repository/maven-snapshots/com/eed3si9n/sjson-new-scalajson_2.12/0.10.1/sjson-new-scalajson_2.12-0.10.1.pom
2025.10.16 21:27:58 INFO  BSP server: Downloading https://repo.scala-lang.org/artifactory/maven-nightlies/com/eed3si9n/sjson-new-murmurhash_2.12/0.10.1/sjson-new-murmurhash_2.12-0.10.1.pom
2025.10.16 21:27:58 INFO  BSP server: Downloaded https://repo.scala-lang.org/artifactory/maven-nightlies/org/scala-sbt/collections_2.12/1.11.0/collections_2.12-1.11.0.pom
2025.10.16 21:27:58 INFO  BSP server: Downloading https://repo.scala-lang.org/artifactory/maven-nightlies/org/scala-sbt/core-macros_2.12/1.11.0/core-macros_2.12-1.11.0.pom
2025.10.16 21:27:58 INFO  BSP server: Downloaded https://central.sonatype.com/repository/maven-snapshots/com/eed3si9n/shaded-apache-httpclient5/0.9.3/shaded-apache-httpclient5-0.9.3.pom.sha1
2025.10.16 21:27:58 INFO  BSP server: Downloading https://repo.scala-lang.org/artifactory/maven-nightlies/org/typelevel/cats-kernel_2.12/2.1.1/cats-kernel_2.12-2.1.1.pom
2025.10.16 21:27:58 INFO  BSP server: Downloaded https://repo.scala-lang.org/artifactory/maven-nightlies/com/eed3si9n/gigahorse-core_2.12/0.9.3/gigahorse-core_2.12-0.9.3.pom
2025.10.16 21:27:58 INFO  BSP server: Downloading https://repo.scala-lang.org/artifactory/maven-nightlies/com/lmax/disruptor/3.4.2/disruptor-3.4.2.pom
2025.10.16 21:27:58 INFO  BSP server: Downloaded https://repo.scala-lang.org/artifactory/maven-nightlies/org/scala-sbt/compiler-bridge_2.12/1.10.8/compiler-bridge_2.12-1.10.8.pom
2025.10.16 21:27:58 INFO  BSP server: Downloading https://central.sonatype.com/repository/maven-snapshots/com/eed3si9n/sjson-new-scalajson_2.12/0.10.1/sjson-new-scalajson_2.12-0.10.1.pom.sha1
2025.10.16 21:27:58 INFO  BSP server: Downloaded https://repo.scala-lang.org/artifactory/maven-nightlies/org/scala-sbt/util-interface/1.11.0/util-interface-1.11.0.pom
2025.10.16 21:27:58 INFO  BSP server: Downloaded https://repo.scala-lang.org/artifactory/maven-nightlies/org/scala-sbt/core-macros_2.12/1.11.0/core-macros_2.12-1.11.0.pom
2025.10.16 21:27:58 INFO  BSP server: Downloading https://central.sonatype.com/repository/maven-snapshots/org/typelevel/cats-macros_2.12/2.1.1/cats-macros_2.12-2.1.1.pom
2025.10.16 21:27:58 INFO  BSP server: Downloading https://repo.scala-lang.org/artifactory/maven-nightlies/org/scala-sbt/collections_2.12/1.11.0/collections_2.12-1.11.0.pom.sha1
2025.10.16 21:27:58 INFO  BSP server: Downloaded https://repo.scala-lang.org/artifactory/maven-nightlies/com/eed3si9n/sjson-new-murmurhash_2.12/0.10.1/sjson-new-murmurhash_2.12-0.10.1.pom
2025.10.16 21:27:58 INFO  BSP server: Downloading https://repo.scala-lang.org/artifactory/maven-nightlies/org/scala-sbt/jline/jline/2.14.7-sbt-9a88bc413e2b34a4580c001c654d1a7f4f65bf18/jline-2.14.7-sbt-9a88bc413e2b34a4580c001c654d1a7f4f65bf18.pom
2025.10.16 21:27:58 INFO  BSP server: Downloaded https://repo.scala-lang.org/artifactory/maven-nightlies/org/typelevel/cats-kernel_2.12/2.1.1/cats-kernel_2.12-2.1.1.pom
2025.10.16 21:27:58 INFO  BSP server: Downloading https://repo.scala-lang.org/artifactory/maven-nightlies/com/eed3si9n/gigahorse-core_2.12/0.9.3/gigahorse-core_2.12-0.9.3.pom.sha1
2025.10.16 21:27:58 INFO  BSP server: Downloaded https://repo.scala-lang.org/artifactory/maven-nightlies/com/lmax/disruptor/3.4.2/disruptor-3.4.2.pom
2025.10.16 21:27:58 INFO  BSP server: Downloading https://repo.scala-lang.org/artifactory/maven-nightlies/org/scala-sbt/compiler-bridge_2.12/1.10.8/compiler-bridge_2.12-1.10.8.pom.sha1
2025.10.16 21:27:58 INFO  BSP server: Downloaded https://repo.scala-lang.org/artifactory/maven-nightlies/org/scala-sbt/collections_2.12/1.11.0/collections_2.12-1.11.0.pom.sha1
2025.10.16 21:27:58 INFO  BSP server: Downloading https://repo.scala-lang.org/artifactory/maven-nightlies/com/eed3si9n/shaded-apache-httpclient5/0.9.3/shaded-apache-httpclient5-0.9.3.pom
2025.10.16 21:27:58 INFO  BSP server: Downloaded https://repo.scala-lang.org/artifactory/maven-nightlies/org/scala-sbt/jline/jline/2.14.7-sbt-9a88bc413e2b34a4580c001c654d1a7f4f65bf18/jline-2.14.7-sbt-9a88bc413e2b34a4580c001c654d1a7f4f65bf18.pom
2025.10.16 21:27:58 INFO  BSP server: Downloading https://repo.scala-lang.org/artifactory/maven-nightlies/org/scala-sbt/util-interface/1.11.0/util-interface-1.11.0.pom.sha1
2025.10.16 21:27:58 INFO  BSP server: Downloaded https://repo.scala-lang.org/artifactory/maven-nightlies/com/eed3si9n/gigahorse-core_2.12/0.9.3/gigahorse-core_2.12-0.9.3.pom.sha1
2025.10.16 21:27:58 INFO  BSP server: Downloading https://repo.scala-lang.org/artifactory/maven-nightlies/org/scala-sbt/core-macros_2.12/1.11.0/core-macros_2.12-1.11.0.pom.sha1
2025.10.16 21:27:58 INFO  BSP server: Downloaded https://repo.scala-lang.org/artifactory/maven-nightlies/org/scala-sbt/compiler-bridge_2.12/1.10.8/compiler-bridge_2.12-1.10.8.pom.sha1
2025.10.16 21:27:58 INFO  BSP server: Downloading https://repo.scala-lang.org/artifactory/maven-nightlies/com/eed3si9n/sjson-new-murmurhash_2.12/0.10.1/sjson-new-murmurhash_2.12-0.10.1.pom.sha1
2025.10.16 21:27:58 INFO  BSP server: Downloaded https://repo.scala-lang.org/artifactory/maven-nightlies/com/eed3si9n/shaded-apache-httpclient5/0.9.3/shaded-apache-httpclient5-0.9.3.pom
2025.10.16 21:27:58 INFO  BSP server: Downloaded https://repo.scala-lang.org/artifactory/maven-nightlies/org/scala-sbt/util-interface/1.11.0/util-interface-1.11.0.pom.sha1
2025.10.16 21:27:58 INFO  BSP server: Downloading https://repo.scala-lang.org/artifactory/maven-nightlies/org/typelevel/cats-kernel_2.12/2.1.1/cats-kernel_2.12-2.1.1.pom.sha1
2025.10.16 21:27:58 INFO  BSP server: Downloading https://repo.scala-lang.org/artifactory/maven-nightlies/com/lmax/disruptor/3.4.2/disruptor-3.4.2.pom.sha1
2025.10.16 21:27:58 INFO  BSP server: Downloaded https://repo.scala-lang.org/artifactory/maven-nightlies/org/typelevel/cats-kernel_2.12/2.1.1/cats-kernel_2.12-2.1.1.pom.sha1
2025.10.16 21:27:58 INFO  BSP server: Downloaded https://repo.scala-lang.org/artifactory/maven-nightlies/org/scala-sbt/core-macros_2.12/1.11.0/core-macros_2.12-1.11.0.pom.sha1
2025.10.16 21:27:58 INFO  BSP server: Downloading https://repo.scala-lang.org/artifactory/maven-nightlies/org/scala-sbt/jline/jline/2.14.7-sbt-9a88bc413e2b34a4580c001c654d1a7f4f65bf18/jline-2.14.7-sbt-9a88bc413e2b34a4580c001c654d1a7f4f65bf18.pom.sha1
2025.10.16 21:27:58 INFO  BSP server: Downloading https://repo.scala-lang.org/artifactory/maven-nightlies/com/eed3si9n/shaded-apache-httpclient5/0.9.3/shaded-apache-httpclient5-0.9.3.pom.sha1
2025.10.16 21:27:58 INFO  BSP server: Downloaded https://repo.scala-lang.org/artifactory/maven-nightlies/com/lmax/disruptor/3.4.2/disruptor-3.4.2.pom.sha1
2025.10.16 21:27:58 INFO  BSP server: Downloaded https://repo.scala-lang.org/artifactory/maven-nightlies/com/eed3si9n/sjson-new-murmurhash_2.12/0.10.1/sjson-new-murmurhash_2.12-0.10.1.pom.sha1
2025.10.16 21:27:58 INFO  BSP server: Downloaded https://central.sonatype.com/repository/maven-snapshots/com/eed3si9n/sjson-new-scalajson_2.12/0.10.1/sjson-new-scalajson_2.12-0.10.1.pom.sha1
2025.10.16 21:27:58 INFO  BSP server: Downloading https://repo.scala-lang.org/artifactory/maven-nightlies/com/eed3si9n/sjson-new-scalajson_2.12/0.10.1/sjson-new-scalajson_2.12-0.10.1.pom
2025.10.16 21:27:58 INFO  BSP server: Downloaded https://repo.scala-lang.org/artifactory/maven-nightlies/com/eed3si9n/shaded-apache-httpclient5/0.9.3/shaded-apache-httpclient5-0.9.3.pom.sha1
2025.10.16 21:27:58 INFO  BSP server: Downloaded https://central.sonatype.com/repository/maven-snapshots/org/typelevel/cats-macros_2.12/2.1.1/cats-macros_2.12-2.1.1.pom
2025.10.16 21:27:58 INFO  BSP server: Downloading https://central.sonatype.com/repository/maven-snapshots/org/typelevel/cats-macros_2.12/2.1.1/cats-macros_2.12-2.1.1.pom.sha1
2025.10.16 21:27:59 INFO  BSP server: Downloaded https://repo.scala-lang.org/artifactory/maven-nightlies/org/scala-sbt/jline/jline/2.14.7-sbt-9a88bc413e2b34a4580c001c654d1a7f4f65bf18/jline-2.14.7-sbt-9a88bc413e2b34a4580c001c654d1a7f4f65bf18.pom.sha1
2025.10.16 21:27:59 INFO  BSP server: Downloaded https://repo.scala-lang.org/artifactory/maven-nightlies/com/eed3si9n/sjson-new-scalajson_2.12/0.10.1/sjson-new-scalajson_2.12-0.10.1.pom
2025.10.16 21:27:59 INFO  BSP server: Downloading https://repo.scala-lang.org/artifactory/maven-nightlies/com/eed3si9n/sjson-new-scalajson_2.12/0.10.1/sjson-new-scalajson_2.12-0.10.1.pom.sha1
2025.10.16 21:27:59 INFO  BSP server: Downloaded https://repo.scala-lang.org/artifactory/maven-nightlies/com/eed3si9n/sjson-new-scalajson_2.12/0.10.1/sjson-new-scalajson_2.12-0.10.1.pom.sha1
2025.10.16 21:27:59 INFO  BSP server: Downloaded https://central.sonatype.com/repository/maven-snapshots/org/typelevel/cats-macros_2.12/2.1.1/cats-macros_2.12-2.1.1.pom.sha1
2025.10.16 21:27:59 INFO  BSP server: Downloading https://repo.scala-lang.org/artifactory/maven-nightlies/org/typelevel/cats-macros_2.12/2.1.1/cats-macros_2.12-2.1.1.pom
2025.10.16 21:27:59 INFO  BSP server: Downloaded https://repo.scala-lang.org/artifactory/maven-nightlies/org/typelevel/cats-macros_2.12/2.1.1/cats-macros_2.12-2.1.1.pom
2025.10.16 21:27:59 INFO  BSP server: Downloading https://repo.scala-lang.org/artifactory/maven-nightlies/org/typelevel/cats-macros_2.12/2.1.1/cats-macros_2.12-2.1.1.pom.sha1
2025.10.16 21:28:00 INFO  BSP server: Downloaded https://repo.scala-lang.org/artifactory/maven-nightlies/org/typelevel/cats-macros_2.12/2.1.1/cats-macros_2.12-2.1.1.pom.sha1
2025.10.16 21:28:00 INFO  BSP server: Downloading https://oss.sonatype.org/content/repositories/snapshots/com/eed3si9n/shaded-scalajson_2.12/1.0.0-M4/shaded-scalajson_2.12-1.0.0-M4.pom
2025.10.16 21:28:00 INFO  BSP server: Downloading https://oss.sonatype.org/content/repositories/snapshots/com/eed3si9n/shaded-jawn-parser_2.12/1.3.2/shaded-jawn-parser_2.12-1.3.2.pom
2025.10.16 21:28:00 INFO  BSP server: Downloading https://oss.sonatype.org/content/repositories/snapshots/com/typesafe/ssl-config-core_2.12/0.6.1/ssl-config-core_2.12-0.6.1.pom
2025.10.16 21:28:00 INFO  BSP server: Downloaded https://oss.sonatype.org/content/repositories/snapshots/com/eed3si9n/shaded-jawn-parser_2.12/1.3.2/shaded-jawn-parser_2.12-1.3.2.pom
2025.10.16 21:28:00 INFO  BSP server: Downloading https://oss.sonatype.org/content/repositories/snapshots/com/eed3si9n/shaded-jawn-parser_2.12/1.3.2/shaded-jawn-parser_2.12-1.3.2.pom.sha1
2025.10.16 21:28:00 INFO  BSP server: Downloaded https://oss.sonatype.org/content/repositories/snapshots/com/eed3si9n/shaded-jawn-parser_2.12/1.3.2/shaded-jawn-parser_2.12-1.3.2.pom.sha1
2025.10.16 21:28:00 INFO  BSP server: Downloading https://s01.oss.sonatype.org/content/repositories/snapshots/com/eed3si9n/shaded-jawn-parser_2.12/1.3.2/shaded-jawn-parser_2.12-1.3.2.pom
2025.10.16 21:28:00 INFO  BSP server: Downloaded https://s01.oss.sonatype.org/content/repositories/snapshots/com/eed3si9n/shaded-jawn-parser_2.12/1.3.2/shaded-jawn-parser_2.12-1.3.2.pom
2025.10.16 21:28:00 INFO  BSP server: Downloading https://s01.oss.sonatype.org/content/repositories/snapshots/com/eed3si9n/shaded-jawn-parser_2.12/1.3.2/shaded-jawn-parser_2.12-1.3.2.pom.sha1
2025.10.16 21:28:01 INFO  BSP server: Downloaded https://s01.oss.sonatype.org/content/repositories/snapshots/com/eed3si9n/shaded-jawn-parser_2.12/1.3.2/shaded-jawn-parser_2.12-1.3.2.pom.sha1
2025.10.16 21:28:01 INFO  BSP server: Downloading https://central.sonatype.com/repository/maven-snapshots/com/eed3si9n/shaded-jawn-parser_2.12/1.3.2/shaded-jawn-parser_2.12-1.3.2.pom
2025.10.16 21:28:01 INFO  BSP server: Downloaded https://oss.sonatype.org/content/repositories/snapshots/com/typesafe/ssl-config-core_2.12/0.6.1/ssl-config-core_2.12-0.6.1.pom
2025.10.16 21:28:01 INFO  BSP server: Downloading https://oss.sonatype.org/content/repositories/snapshots/com/typesafe/ssl-config-core_2.12/0.6.1/ssl-config-core_2.12-0.6.1.pom.sha1
2025.10.16 21:28:01 INFO  BSP server: Downloaded https://oss.sonatype.org/content/repositories/snapshots/com/eed3si9n/shaded-scalajson_2.12/1.0.0-M4/shaded-scalajson_2.12-1.0.0-M4.pom
2025.10.16 21:28:01 INFO  BSP server: Downloading https://oss.sonatype.org/content/repositories/snapshots/com/eed3si9n/shaded-scalajson_2.12/1.0.0-M4/shaded-scalajson_2.12-1.0.0-M4.pom.sha1
2025.10.16 21:28:01 INFO  BSP server: Downloaded https://oss.sonatype.org/content/repositories/snapshots/com/eed3si9n/shaded-scalajson_2.12/1.0.0-M4/shaded-scalajson_2.12-1.0.0-M4.pom.sha1
2025.10.16 21:28:01 INFO  BSP server: Downloading https://s01.oss.sonatype.org/content/repositories/snapshots/com/eed3si9n/shaded-scalajson_2.12/1.0.0-M4/shaded-scalajson_2.12-1.0.0-M4.pom
2025.10.16 21:28:01 INFO  BSP server: Downloaded https://oss.sonatype.org/content/repositories/snapshots/com/typesafe/ssl-config-core_2.12/0.6.1/ssl-config-core_2.12-0.6.1.pom.sha1
2025.10.16 21:28:01 INFO  BSP server: Downloading https://s01.oss.sonatype.org/content/repositories/snapshots/com/typesafe/ssl-config-core_2.12/0.6.1/ssl-config-core_2.12-0.6.1.pom
2025.10.16 21:28:01 INFO  BSP server: Downloaded https://central.sonatype.com/repository/maven-snapshots/com/eed3si9n/shaded-jawn-parser_2.12/1.3.2/shaded-jawn-parser_2.12-1.3.2.pom
2025.10.16 21:28:01 INFO  BSP server: Downloading https://central.sonatype.com/repository/maven-snapshots/com/eed3si9n/shaded-jawn-parser_2.12/1.3.2/shaded-jawn-parser_2.12-1.3.2.pom.sha1
2025.10.16 21:28:01 INFO  BSP server: Downloaded https://s01.oss.sonatype.org/content/repositories/snapshots/com/eed3si9n/shaded-scalajson_2.12/1.0.0-M4/shaded-scalajson_2.12-1.0.0-M4.pom
2025.10.16 21:28:01 INFO  BSP server: Downloading https://s01.oss.sonatype.org/content/repositories/snapshots/com/eed3si9n/shaded-scalajson_2.12/1.0.0-M4/shaded-scalajson_2.12-1.0.0-M4.pom.sha1
2025.10.16 21:28:01 INFO  BSP server: Downloaded https://s01.oss.sonatype.org/content/repositories/snapshots/com/typesafe/ssl-config-core_2.12/0.6.1/ssl-config-core_2.12-0.6.1.pom
2025.10.16 21:28:01 INFO  BSP server: Downloading https://s01.oss.sonatype.org/content/repositories/snapshots/com/typesafe/ssl-config-core_2.12/0.6.1/ssl-config-core_2.12-0.6.1.pom.sha1
2025.10.16 21:28:01 INFO  BSP server: Downloaded https://s01.oss.sonatype.org/content/repositories/snapshots/com/eed3si9n/shaded-scalajson_2.12/1.0.0-M4/shaded-scalajson_2.12-1.0.0-M4.pom.sha1
2025.10.16 21:28:01 INFO  BSP server: Downloading https://central.sonatype.com/repository/maven-snapshots/com/eed3si9n/shaded-scalajson_2.12/1.0.0-M4/shaded-scalajson_2.12-1.0.0-M4.pom
2025.10.16 21:28:02 INFO  BSP server: Downloaded https://central.sonatype.com/repository/maven-snapshots/com/eed3si9n/shaded-jawn-parser_2.12/1.3.2/shaded-jawn-parser_2.12-1.3.2.pom.sha1
2025.10.16 21:28:02 INFO  BSP server: Downloaded https://s01.oss.sonatype.org/content/repositories/snapshots/com/typesafe/ssl-config-core_2.12/0.6.1/ssl-config-core_2.12-0.6.1.pom.sha1
2025.10.16 21:28:02 INFO  BSP server: Downloading https://repo.scala-lang.org/artifactory/maven-nightlies/com/eed3si9n/shaded-jawn-parser_2.12/1.3.2/shaded-jawn-parser_2.12-1.3.2.pom
2025.10.16 21:28:02 INFO  BSP server: Downloading https://central.sonatype.com/repository/maven-snapshots/com/typesafe/ssl-config-core_2.12/0.6.1/ssl-config-core_2.12-0.6.1.pom
2025.10.16 21:28:02 INFO  BSP server: Downloaded https://repo.scala-lang.org/artifactory/maven-nightlies/com/eed3si9n/shaded-jawn-parser_2.12/1.3.2/shaded-jawn-parser_2.12-1.3.2.pom
2025.10.16 21:28:02 INFO  BSP server: Downloading https://repo.scala-lang.org/artifactory/maven-nightlies/com/eed3si9n/shaded-jawn-parser_2.12/1.3.2/shaded-jawn-parser_2.12-1.3.2.pom.sha1
2025.10.16 21:28:02 INFO  BSP server: Downloaded https://central.sonatype.com/repository/maven-snapshots/com/eed3si9n/shaded-scalajson_2.12/1.0.0-M4/shaded-scalajson_2.12-1.0.0-M4.pom
2025.10.16 21:28:02 INFO  BSP server: Downloading https://central.sonatype.com/repository/maven-snapshots/com/eed3si9n/shaded-scalajson_2.12/1.0.0-M4/shaded-scalajson_2.12-1.0.0-M4.pom.sha1
2025.10.16 21:28:02 INFO  BSP server: Downloaded https://repo.scala-lang.org/artifactory/maven-nightlies/com/eed3si9n/shaded-jawn-parser_2.12/1.3.2/shaded-jawn-parser_2.12-1.3.2.pom.sha1
2025.10.16 21:28:02 INFO  BSP server: Downloaded https://central.sonatype.com/repository/maven-snapshots/com/typesafe/ssl-config-core_2.12/0.6.1/ssl-config-core_2.12-0.6.1.pom
2025.10.16 21:28:02 INFO  BSP server: Downloading https://central.sonatype.com/repository/maven-snapshots/com/typesafe/ssl-config-core_2.12/0.6.1/ssl-config-core_2.12-0.6.1.pom.sha1
2025.10.16 21:28:03 INFO  BSP server: Downloaded https://central.sonatype.com/repository/maven-snapshots/com/typesafe/ssl-config-core_2.12/0.6.1/ssl-config-core_2.12-0.6.1.pom.sha1
2025.10.16 21:28:03 INFO  BSP server: Downloading https://repo.scala-lang.org/artifactory/maven-nightlies/com/typesafe/ssl-config-core_2.12/0.6.1/ssl-config-core_2.12-0.6.1.pom
2025.10.16 21:28:03 INFO  BSP server: Downloaded https://repo.scala-lang.org/artifactory/maven-nightlies/com/typesafe/ssl-config-core_2.12/0.6.1/ssl-config-core_2.12-0.6.1.pom
2025.10.16 21:28:03 INFO  BSP server: Downloading https://repo.scala-lang.org/artifactory/maven-nightlies/com/typesafe/ssl-config-core_2.12/0.6.1/ssl-config-core_2.12-0.6.1.pom.sha1
2025.10.16 21:28:03 INFO  BSP server: Downloaded https://repo.scala-lang.org/artifactory/maven-nightlies/com/typesafe/ssl-config-core_2.12/0.6.1/ssl-config-core_2.12-0.6.1.pom.sha1
2025.10.16 21:28:03 INFO  BSP server: Downloaded https://central.sonatype.com/repository/maven-snapshots/com/eed3si9n/shaded-scalajson_2.12/1.0.0-M4/shaded-scalajson_2.12-1.0.0-M4.pom.sha1
2025.10.16 21:28:03 INFO  BSP server: Downloading https://repo.scala-lang.org/artifactory/maven-nightlies/com/eed3si9n/shaded-scalajson_2.12/1.0.0-M4/shaded-scalajson_2.12-1.0.0-M4.pom
2025.10.16 21:28:04 INFO  BSP server: Downloaded https://repo.scala-lang.org/artifactory/maven-nightlies/com/eed3si9n/shaded-scalajson_2.12/1.0.0-M4/shaded-scalajson_2.12-1.0.0-M4.pom
2025.10.16 21:28:04 INFO  BSP server: Downloading https://repo.scala-lang.org/artifactory/maven-nightlies/com/eed3si9n/shaded-scalajson_2.12/1.0.0-M4/shaded-scalajson_2.12-1.0.0-M4.pom.sha1
2025.10.16 21:28:04 INFO  BSP server: Downloaded https://repo.scala-lang.org/artifactory/maven-nightlies/com/eed3si9n/shaded-scalajson_2.12/1.0.0-M4/shaded-scalajson_2.12-1.0.0-M4.pom.sha1
2025.10.16 21:28:04 INFO  BSP server: Downloading https://repo.scala-lang.org/artifactory/maven-nightlies/io/monix/monix-tail_2.12/3.2.0/monix-tail_2.12-3.2.0.jar
2025.10.16 21:28:04 INFO  BSP server: Downloading https://repo.scala-lang.org/artifactory/maven-nightlies/org/scala-sbt/io_2.12/1.10.5/io_2.12-1.10.5.jar
2025.10.16 21:28:04 INFO  BSP server: Downloading https://repo.scala-lang.org/artifactory/maven-nightlies/org/scala-sbt/zinc-classpath_2.12/1.10.8/zinc-classpath_2.12-1.10.8.jar
2025.10.16 21:28:04 INFO  BSP server: Downloading https://repo.scala-lang.org/artifactory/maven-nightlies/io/zipkin/zipkin2/zipkin/2.27.0/zipkin-2.27.0.jar
2025.10.16 21:28:04 INFO  BSP server: Downloading https://repo.scala-lang.org/artifactory/maven-nightlies/io/monix/monix-java_2.12/3.2.0/monix-java_2.12-3.2.0.jar
2025.10.16 21:28:04 INFO  BSP server: Downloading https://repo.scala-lang.org/artifactory/maven-nightlies/org/scala-sbt/util-control_2.12/1.10.7/util-control_2.12-1.10.7.jar
2025.10.16 21:28:04 INFO  BSP server: Downloaded https://repo.scala-lang.org/artifactory/maven-nightlies/org/scala-sbt/util-control_2.12/1.10.7/util-control_2.12-1.10.7.jar
2025.10.16 21:28:04 INFO  BSP server: Downloading https://repo.scala-lang.org/artifactory/maven-nightlies/org/scala-sbt/util-interface/1.11.0/util-interface-1.11.0.jar
2025.10.16 21:28:04 INFO  BSP server: Downloaded https://repo.scala-lang.org/artifactory/maven-nightlies/org/scala-sbt/zinc-classpath_2.12/1.10.8/zinc-classpath_2.12-1.10.8.jar
2025.10.16 21:28:04 INFO  BSP server: Downloading https://repo.scala-lang.org/artifactory/maven-nightlies/com/lihaoyi/sourcecode_2.12/0.4.2/sourcecode_2.12-0.4.2.jar
2025.10.16 21:28:04 INFO  BSP server: Downloaded https://repo.scala-lang.org/artifactory/maven-nightlies/io/monix/monix-java_2.12/3.2.0/monix-java_2.12-3.2.0.jar
2025.10.16 21:28:04 INFO  BSP server: Downloading https://repo.scala-lang.org/artifactory/maven-nightlies/net/java/dev/jna/jna-platform/4.4.0/jna-platform-4.4.0.jar
2025.10.16 21:28:04 INFO  BSP server: Downloaded https://repo.scala-lang.org/artifactory/maven-nightlies/io/monix/monix-tail_2.12/3.2.0/monix-tail_2.12-3.2.0.jar
2025.10.16 21:28:04 INFO  BSP server: Downloading https://repo.scala-lang.org/artifactory/maven-nightlies/org/scala-lang/modules/scala-parser-combinators_2.12/1.1.2/scala-parser-combinators_2.12-1.1.2.jar
2025.10.16 21:28:04 INFO  BSP server: Downloaded https://repo.scala-lang.org/artifactory/maven-nightlies/org/scala-sbt/io_2.12/1.10.5/io_2.12-1.10.5.jar
2025.10.16 21:28:04 INFO  BSP server: Downloading https://repo.scala-lang.org/artifactory/maven-nightlies/org/scala-lang/scala-library/2.12.20/scala-library-2.12.20.jar
2025.10.16 21:28:04 INFO  BSP server: Downloaded https://repo.scala-lang.org/artifactory/maven-nightlies/io/zipkin/zipkin2/zipkin/2.27.0/zipkin-2.27.0.jar
2025.10.16 21:28:04 INFO  BSP server: Downloading https://repo.scala-lang.org/artifactory/maven-nightlies/io/monix/monix-execution_2.12/3.2.0/monix-execution_2.12-3.2.0.jar
2025.10.16 21:28:04 INFO  BSP server: Downloaded https://repo.scala-lang.org/artifactory/maven-nightlies/org/scala-sbt/util-interface/1.11.0/util-interface-1.11.0.jar
2025.10.16 21:28:04 INFO  BSP server: Downloading https://repo.scala-lang.org/artifactory/maven-nightlies/com/eed3si9n/sjson-new-core_2.12/0.10.1/sjson-new-core_2.12-0.10.1.jar
2025.10.16 21:28:04 INFO  BSP server: Downloaded https://repo.scala-lang.org/artifactory/maven-nightlies/org/scala-lang/modules/scala-parser-combinators_2.12/1.1.2/scala-parser-combinators_2.12-1.1.2.jar
2025.10.16 21:28:04 INFO  BSP server: Downloading https://repo.scala-lang.org/artifactory/maven-nightlies/org/jctools/jctools-core/2.1.2/jctools-core-2.1.2.jar
2025.10.16 21:28:04 INFO  BSP server: Downloaded https://repo.scala-lang.org/artifactory/maven-nightlies/org/scala-lang/scala-library/2.12.20/scala-library-2.12.20.jar
2025.10.16 21:28:04 INFO  BSP server: Downloading https://repo.scala-lang.org/artifactory/maven-nightlies/net/jpountz/lz4/lz4/1.3.0/lz4-1.3.0.jar
2025.10.16 21:28:04 INFO  BSP server: Downloaded https://repo.scala-lang.org/artifactory/maven-nightlies/com/lihaoyi/sourcecode_2.12/0.4.2/sourcecode_2.12-0.4.2.jar
2025.10.16 21:28:04 INFO  BSP server: Downloading https://repo.scala-lang.org/artifactory/maven-nightlies/com/outr/scribe_2.12/3.5.5/scribe_2.12-3.5.5.jar
2025.10.16 21:28:04 INFO  BSP server: Downloaded https://repo.scala-lang.org/artifactory/maven-nightlies/net/java/dev/jna/jna-platform/4.4.0/jna-platform-4.4.0.jar
2025.10.16 21:28:04 INFO  BSP server: Downloading https://repo.scala-lang.org/artifactory/maven-nightlies/io/zipkin/reporter2/zipkin-reporter/2.17.2/zipkin-reporter-2.17.2.jar
2025.10.16 21:28:04 INFO  BSP server: Downloaded https://repo.scala-lang.org/artifactory/maven-nightlies/io/monix/monix-execution_2.12/3.2.0/monix-execution_2.12-3.2.0.jar
2025.10.16 21:28:04 INFO  BSP server: Downloading https://repo.scala-lang.org/artifactory/maven-nightlies/com/github/alexarchambault/case-app-annotations_2.12/2.0.6/case-app-annotations_2.12-2.0.6.jar
2025.10.16 21:28:04 INFO  BSP server: Downloaded https://repo.scala-lang.org/artifactory/maven-nightlies/com/eed3si9n/sjson-new-core_2.12/0.10.1/sjson-new-core_2.12-0.10.1.jar
2025.10.16 21:28:04 INFO  BSP server: Downloading https://repo.scala-lang.org/artifactory/maven-nightlies/io/github/alexarchambault/bleep/nailgun-server/1.0.7/nailgun-server-1.0.7.jar
2025.10.16 21:28:04 INFO  BSP server: Downloaded https://repo.scala-lang.org/artifactory/maven-nightlies/io/zipkin/reporter2/zipkin-reporter/2.17.2/zipkin-reporter-2.17.2.jar
2025.10.16 21:28:04 INFO  BSP server: Downloading https://repo.scala-lang.org/artifactory/maven-nightlies/org/scalaz/scalaz-core_2.12/7.3.8/scalaz-core_2.12-7.3.8.jar
2025.10.16 21:28:04 INFO  BSP server: Downloaded https://repo.scala-lang.org/artifactory/maven-nightlies/org/jctools/jctools-core/2.1.2/jctools-core-2.1.2.jar
2025.10.16 21:28:04 INFO  BSP server: Downloading https://repo.scala-lang.org/artifactory/maven-nightlies/org/typelevel/cats-effect_2.12/2.1.3/cats-effect_2.12-2.1.3.jar
2025.10.16 21:28:05 INFO  BSP server: Downloaded https://repo.scala-lang.org/artifactory/maven-nightlies/net/jpountz/lz4/lz4/1.3.0/lz4-1.3.0.jar
2025.10.16 21:28:05 INFO  BSP server: Downloading https://repo.scala-lang.org/artifactory/maven-nightlies/ch/epfl/scala/bloop-backend_2.12/2.0.13/bloop-backend_2.12-2.0.13.jar
2025.10.16 21:28:05 INFO  BSP server: Downloaded https://repo.scala-lang.org/artifactory/maven-nightlies/org/typelevel/cats-effect_2.12/2.1.3/cats-effect_2.12-2.1.3.jar
2025.10.16 21:28:05 INFO  BSP server: Downloading https://repo.scala-lang.org/artifactory/maven-nightlies/com/github/alexarchambault/case-app-util_2.12/2.0.6/case-app-util_2.12-2.0.6.jar
2025.10.16 21:28:05 INFO  BSP server: Downloaded https://repo.scala-lang.org/artifactory/maven-nightlies/io/github/alexarchambault/bleep/nailgun-server/1.0.7/nailgun-server-1.0.7.jar
2025.10.16 21:28:05 INFO  BSP server: Downloading https://repo.scala-lang.org/artifactory/maven-nightlies/ch/epfl/scala/bsp4s_2.12/2.1.1/bsp4s_2.12-2.1.1.jar
2025.10.16 21:28:05 INFO  BSP server: Downloaded https://repo.scala-lang.org/artifactory/maven-nightlies/ch/epfl/scala/bloop-backend_2.12/2.0.13/bloop-backend_2.12-2.0.13.jar
2025.10.16 21:28:05 INFO  BSP server: Downloading https://repo.scala-lang.org/artifactory/maven-nightlies/org/scala-sbt/util-position_2.12/1.11.0/util-position_2.12-1.11.0.jar
2025.10.16 21:28:05 INFO  BSP server: Downloaded https://repo.scala-lang.org/artifactory/maven-nightlies/com/github/alexarchambault/case-app-annotations_2.12/2.0.6/case-app-annotations_2.12-2.0.6.jar
2025.10.16 21:28:05 INFO  BSP server: Downloading https://repo.scala-lang.org/artifactory/maven-nightlies/org/zeroturnaround/zt-zip/1.17/zt-zip-1.17.jar
2025.10.16 21:28:05 INFO  BSP server: Downloaded https://repo.scala-lang.org/artifactory/maven-nightlies/com/outr/scribe_2.12/3.5.5/scribe_2.12-3.5.5.jar
2025.10.16 21:28:05 INFO  BSP server: Downloading https://repo.scala-lang.org/artifactory/maven-nightlies/com/lmax/disruptor/3.4.2/disruptor-3.4.2.jar
2025.10.16 21:28:05 INFO  BSP server: Downloaded https://repo.scala-lang.org/artifactory/maven-nightlies/ch/epfl/scala/bsp4s_2.12/2.1.1/bsp4s_2.12-2.1.1.jar
2025.10.16 21:28:05 INFO  BSP server: Downloading https://repo.scala-lang.org/artifactory/maven-nightlies/org/scala-sbt/zinc-apiinfo_2.12/1.10.8/zinc-apiinfo_2.12-1.10.8.jar
2025.10.16 21:28:05 INFO  BSP server: Downloaded https://repo.scala-lang.org/artifactory/maven-nightlies/com/github/alexarchambault/case-app-util_2.12/2.0.6/case-app-util_2.12-2.0.6.jar
2025.10.16 21:28:05 INFO  BSP server: Downloading https://repo.scala-lang.org/artifactory/maven-nightlies/com/eed3si9n/shaded-apache-httpclient5/0.9.3/shaded-apache-httpclient5-0.9.3.jar
2025.10.16 21:28:05 INFO  BSP server: Downloaded https://repo.scala-lang.org/artifactory/maven-nightlies/org/scala-sbt/util-position_2.12/1.11.0/util-position_2.12-1.11.0.jar
2025.10.16 21:28:05 INFO  BSP server: Downloading https://repo.scala-lang.org/artifactory/maven-nightlies/org/typelevel/cats-core_2.12/2.1.1/cats-core_2.12-2.1.1.jar
2025.10.16 21:28:05 INFO  BSP server: Downloaded https://repo.scala-lang.org/artifactory/maven-nightlies/org/zeroturnaround/zt-zip/1.17/zt-zip-1.17.jar
2025.10.16 21:28:05 INFO  BSP server: Downloading https://repo.scala-lang.org/artifactory/maven-nightlies/ch/epfl/scala/bloop-shared_2.12/2.0.13/bloop-shared_2.12-2.0.13.jar
2025.10.16 21:28:05 INFO  BSP server: Downloaded https://repo.scala-lang.org/artifactory/maven-nightlies/com/lmax/disruptor/3.4.2/disruptor-3.4.2.jar
2025.10.16 21:28:05 INFO  BSP server: Downloading https://repo.scala-lang.org/artifactory/maven-nightlies/org/scala-sbt/zinc-persist_2.12/1.10.8/zinc-persist_2.12-1.10.8.jar
2025.10.16 21:28:05 INFO  BSP server: Downloaded https://repo.scala-lang.org/artifactory/maven-nightlies/org/scalaz/scalaz-core_2.12/7.3.8/scalaz-core_2.12-7.3.8.jar
2025.10.16 21:28:05 INFO  BSP server: Downloading https://repo.scala-lang.org/artifactory/maven-nightlies/org/scala-lang/scala-reflect/2.12.20/scala-reflect-2.12.20.jar
2025.10.16 21:28:05 INFO  BSP server: Downloaded https://repo.scala-lang.org/artifactory/maven-nightlies/com/eed3si9n/shaded-apache-httpclient5/0.9.3/shaded-apache-httpclient5-0.9.3.jar
2025.10.16 21:28:05 INFO  BSP server: Downloading https://repo.scala-lang.org/artifactory/maven-nightlies/com/github/plokhotnyuk/jsoniter-scala/jsoniter-scala-macros_2.12/2.13.3.2/jsoniter-scala-macros_2.12-2.13.3.2.jar
2025.10.16 21:28:05 INFO  BSP server: Downloaded https://repo.scala-lang.org/artifactory/maven-nightlies/ch/epfl/scala/bloop-shared_2.12/2.0.13/bloop-shared_2.12-2.0.13.jar
2025.10.16 21:28:05 INFO  BSP server: Downloading https://repo.scala-lang.org/artifactory/maven-nightlies/org/scala-sbt/zinc-compile-core_2.12/1.10.8/zinc-compile-core_2.12-1.10.8.jar
2025.10.16 21:28:05 INFO  BSP server: Downloaded https://repo.scala-lang.org/artifactory/maven-nightlies/org/typelevel/cats-core_2.12/2.1.1/cats-core_2.12-2.1.1.jar
2025.10.16 21:28:05 INFO  BSP server: Downloading https://repo.scala-lang.org/artifactory/maven-nightlies/net/openhft/zero-allocation-hashing/0.16/zero-allocation-hashing-0.16.jar
2025.10.16 21:28:05 INFO  BSP server: Downloaded https://repo.scala-lang.org/artifactory/maven-nightlies/org/scala-sbt/zinc-apiinfo_2.12/1.10.8/zinc-apiinfo_2.12-1.10.8.jar
2025.10.16 21:28:05 INFO  BSP server: Downloading https://repo.scala-lang.org/artifactory/maven-nightlies/org/scala-sbt/sbinary_2.12/0.5.1/sbinary_2.12-0.5.1.jar
2025.10.16 21:28:05 INFO  BSP server: Downloaded https://repo.scala-lang.org/artifactory/maven-nightlies/com/github/plokhotnyuk/jsoniter-scala/jsoniter-scala-macros_2.12/2.13.3.2/jsoniter-scala-macros_2.12-2.13.3.2.jar
2025.10.16 21:28:05 INFO  BSP server: Downloading https://repo.scala-lang.org/artifactory/maven-nightlies/ch/epfl/scala/bloop-config_2.12/2.3.2/bloop-config_2.12-2.3.2.jar
2025.10.16 21:28:05 INFO  BSP server: Downloaded https://repo.scala-lang.org/artifactory/maven-nightlies/org/scala-lang/scala-reflect/2.12.20/scala-reflect-2.12.20.jar
2025.10.16 21:28:05 INFO  BSP server: Downloading https://repo.scala-lang.org/artifactory/maven-nightlies/com/eed3si9n/sjson-new-murmurhash_2.12/0.10.1/sjson-new-murmurhash_2.12-0.10.1.jar
2025.10.16 21:28:05 INFO  BSP server: Downloaded https://repo.scala-lang.org/artifactory/maven-nightlies/org/scala-sbt/zinc-persist_2.12/1.10.8/zinc-persist_2.12-1.10.8.jar
2025.10.16 21:28:05 INFO  BSP server: Downloading https://repo.scala-lang.org/artifactory/maven-nightlies/com/outr/perfolation_2.12/1.2.8/perfolation_2.12-1.2.8.jar
2025.10.16 21:28:05 INFO  BSP server: Downloaded https://repo.scala-lang.org/artifactory/maven-nightlies/org/scala-sbt/zinc-compile-core_2.12/1.10.8/zinc-compile-core_2.12-1.10.8.jar
2025.10.16 21:28:05 INFO  BSP server: Downloading https://repo.scala-lang.org/artifactory/maven-nightlies/io/monix/implicitbox_2.12/0.2.0/implicitbox_2.12-0.2.0.jar
2025.10.16 21:28:05 INFO  BSP server: Downloaded https://repo.scala-lang.org/artifactory/maven-nightlies/net/openhft/zero-allocation-hashing/0.16/zero-allocation-hashing-0.16.jar
2025.10.16 21:28:05 INFO  BSP server: Downloading https://repo.scala-lang.org/artifactory/maven-nightlies/org/scala-sbt/util-logging_2.12/1.11.0/util-logging_2.12-1.11.0.jar
2025.10.16 21:28:05 INFO  BSP server: Downloaded https://repo.scala-lang.org/artifactory/maven-nightlies/com/eed3si9n/sjson-new-murmurhash_2.12/0.10.1/sjson-new-murmurhash_2.12-0.10.1.jar
2025.10.16 21:28:05 INFO  BSP server: Downloading https://repo.scala-lang.org/artifactory/maven-nightlies/com/outr/moduload_2.12/1.1.5/moduload_2.12-1.1.5.jar
2025.10.16 21:28:05 INFO  BSP server: Downloaded https://repo.scala-lang.org/artifactory/maven-nightlies/org/scala-sbt/sbinary_2.12/0.5.1/sbinary_2.12-0.5.1.jar
2025.10.16 21:28:05 INFO  BSP server: Downloading https://repo.scala-lang.org/artifactory/maven-nightlies/com/github/plokhotnyuk/jsoniter-scala/jsoniter-scala-core_2.12/2.13.5.2/jsoniter-scala-core_2.12-2.13.5.2.jar
2025.10.16 21:28:05 INFO  BSP server: Downloaded https://repo.scala-lang.org/artifactory/maven-nightlies/com/outr/perfolation_2.12/1.2.8/perfolation_2.12-1.2.8.jar
2025.10.16 21:28:05 INFO  BSP server: Downloading https://repo.scala-lang.org/artifactory/maven-nightlies/com/lihaoyi/fansi_2.12/0.5.0/fansi_2.12-0.5.0.jar
2025.10.16 21:28:05 INFO  BSP server: Downloaded https://repo.scala-lang.org/artifactory/maven-nightlies/ch/epfl/scala/bloop-config_2.12/2.3.2/bloop-config_2.12-2.3.2.jar
2025.10.16 21:28:05 INFO  BSP server: Downloading https://repo.scala-lang.org/artifactory/maven-nightlies/org/scala-sbt/compiler-interface/1.10.8/compiler-interface-1.10.8.jar
2025.10.16 21:28:05 INFO  BSP server: Downloaded https://repo.scala-lang.org/artifactory/maven-nightlies/org/scala-sbt/util-logging_2.12/1.11.0/util-logging_2.12-1.11.0.jar
2025.10.16 21:28:05 INFO  BSP server: Downloading https://repo.scala-lang.org/artifactory/maven-nightlies/io/zipkin/reporter2/zipkin-sender-urlconnection/2.17.2/zipkin-sender-urlconnection-2.17.2.jar
2025.10.16 21:28:05 INFO  BSP server: Downloaded https://repo.scala-lang.org/artifactory/maven-nightlies/com/outr/moduload_2.12/1.1.5/moduload_2.12-1.1.5.jar
2025.10.16 21:28:05 INFO  BSP server: Downloading https://repo.scala-lang.org/artifactory/maven-nightlies/org/scala-sbt/ivy/ivy/2.3.0-sbt-77cc781d727b367d3761f097d89f5a4762771d41/ivy-2.3.0-sbt-77cc781d727b367d3761f097d89f5a4762771d41.jar
2025.10.16 21:28:05 INFO  BSP server: Downloaded https://repo.scala-lang.org/artifactory/maven-nightlies/io/monix/implicitbox_2.12/0.2.0/implicitbox_2.12-0.2.0.jar
2025.10.16 21:28:05 INFO  BSP server: Downloading https://repo.scala-lang.org/artifactory/maven-nightlies/org/scalameta/trees_2.12/4.13.8/trees_2.12-4.13.8.jar
2025.10.16 21:28:05 INFO  BSP server: Downloaded https://repo.scala-lang.org/artifactory/maven-nightlies/com/lihaoyi/fansi_2.12/0.5.0/fansi_2.12-0.5.0.jar
2025.10.16 21:28:05 INFO  BSP server: Downloading https://repo.scala-lang.org/artifactory/maven-nightlies/org/scala-lang/scala-compiler/2.12.20/scala-compiler-2.12.20.jar
2025.10.16 21:28:05 INFO  BSP server: Downloaded https://repo.scala-lang.org/artifactory/maven-nightlies/org/scala-sbt/compiler-interface/1.10.8/compiler-interface-1.10.8.jar
2025.10.16 21:28:05 INFO  BSP server: Downloading https://repo.scala-lang.org/artifactory/maven-nightlies/com/eed3si9n/gigahorse-core_2.12/0.9.3/gigahorse-core_2.12-0.9.3.jar
2025.10.16 21:28:05 INFO  BSP server: Downloaded https://repo.scala-lang.org/artifactory/maven-nightlies/org/scala-sbt/ivy/ivy/2.3.0-sbt-77cc781d727b367d3761f097d89f5a4762771d41/ivy-2.3.0-sbt-77cc781d727b367d3761f097d89f5a4762771d41.jar
2025.10.16 21:28:05 INFO  BSP server: Downloading https://repo.scala-lang.org/artifactory/maven-nightlies/org/scala-sbt/core-macros_2.12/1.11.0/core-macros_2.12-1.11.0.jar
2025.10.16 21:28:05 INFO  BSP server: Downloaded https://repo.scala-lang.org/artifactory/maven-nightlies/com/github/plokhotnyuk/jsoniter-scala/jsoniter-scala-core_2.12/2.13.5.2/jsoniter-scala-core_2.12-2.13.5.2.jar
2025.10.16 21:28:05 INFO  BSP server: Downloading https://repo.scala-lang.org/artifactory/maven-nightlies/org/typelevel/cats-macros_2.12/2.1.1/cats-macros_2.12-2.1.1.jar
2025.10.16 21:28:05 INFO  BSP server: Downloaded https://repo.scala-lang.org/artifactory/maven-nightlies/io/zipkin/reporter2/zipkin-sender-urlconnection/2.17.2/zipkin-sender-urlconnection-2.17.2.jar
2025.10.16 21:28:05 INFO  BSP server: Downloading https://repo.scala-lang.org/artifactory/maven-nightlies/com/lihaoyi/pprint_2.12/0.9.0/pprint_2.12-0.9.0.jar
2025.10.16 21:28:06 INFO  BSP server: Downloaded https://repo.scala-lang.org/artifactory/maven-nightlies/com/eed3si9n/gigahorse-core_2.12/0.9.3/gigahorse-core_2.12-0.9.3.jar
2025.10.16 21:28:06 INFO  BSP server: Downloading https://repo.scala-lang.org/artifactory/maven-nightlies/org/scala-lang/modules/scala-collection-compat_2.12/2.13.0/scala-collection-compat_2.12-2.13.0.jar
2025.10.16 21:28:06 INFO  BSP server: Downloaded https://repo.scala-lang.org/artifactory/maven-nightlies/com/lihaoyi/pprint_2.12/0.9.0/pprint_2.12-0.9.0.jar
2025.10.16 21:28:06 INFO  BSP server: Downloading https://repo.scala-lang.org/artifactory/maven-nightlies/org/scalameta/io_2.12/4.13.8/io_2.12-4.13.8.jar
2025.10.16 21:28:06 INFO  BSP server: Downloaded https://repo.scala-lang.org/artifactory/maven-nightlies/org/scala-lang/modules/scala-collection-compat_2.12/2.13.0/scala-collection-compat_2.12-2.13.0.jar
2025.10.16 21:28:06 INFO  BSP server: Downloading https://repo.scala-lang.org/artifactory/maven-nightlies/org/scala-sbt/jline/jline/2.14.7-sbt-9a88bc413e2b34a4580c001c654d1a7f4f65bf18/jline-2.14.7-sbt-9a88bc413e2b34a4580c001c654d1a7f4f65bf18.jar
2025.10.16 21:28:06 INFO  BSP server: Downloaded https://repo.scala-lang.org/artifactory/maven-nightlies/org/typelevel/cats-macros_2.12/2.1.1/cats-macros_2.12-2.1.1.jar
2025.10.16 21:28:06 INFO  BSP server: Downloading https://repo.scala-lang.org/artifactory/maven-nightlies/com/lihaoyi/unroll-annotation_2.12/0.1.12/unroll-annotation_2.12-0.1.12.jar
2025.10.16 21:28:06 INFO  BSP server: Downloaded https://repo.scala-lang.org/artifactory/maven-nightlies/org/scala-sbt/core-macros_2.12/1.11.0/core-macros_2.12-1.11.0.jar
2025.10.16 21:28:06 INFO  BSP server: Downloading https://repo.scala-lang.org/artifactory/maven-nightlies/org/scala-sbt/zinc-core_2.12/1.10.8/zinc-core_2.12-1.10.8.jar
2025.10.16 21:28:06 INFO  BSP server: Downloaded https://repo.scala-lang.org/artifactory/maven-nightlies/org/scalameta/io_2.12/4.13.8/io_2.12-4.13.8.jar
2025.10.16 21:28:06 INFO  BSP server: Downloading https://repo.scala-lang.org/artifactory/maven-nightlies/io/monix/monix-eval_2.12/3.2.0/monix-eval_2.12-3.2.0.jar
2025.10.16 21:28:06 INFO  BSP server: Downloaded https://repo.scala-lang.org/artifactory/maven-nightlies/com/lihaoyi/unroll-annotation_2.12/0.1.12/unroll-annotation_2.12-0.1.12.jar
2025.10.16 21:28:06 INFO  BSP server: Downloading https://repo.scala-lang.org/artifactory/maven-nightlies/org/scala-sbt/librarymanagement-ivy_2.12/1.11.2/librarymanagement-ivy_2.12-1.11.2.jar
2025.10.16 21:28:06 INFO  BSP server: Downloaded https://repo.scala-lang.org/artifactory/maven-nightlies/org/scala-sbt/zinc-core_2.12/1.10.8/zinc-core_2.12-1.10.8.jar
2025.10.16 21:28:06 INFO  BSP server: Downloading https://repo.scala-lang.org/artifactory/maven-nightlies/io/monix/monix-reactive_2.12/3.2.0/monix-reactive_2.12-3.2.0.jar
2025.10.16 21:28:06 INFO  BSP server: Downloaded https://repo.scala-lang.org/artifactory/maven-nightlies/org/scala-sbt/jline/jline/2.14.7-sbt-9a88bc413e2b34a4580c001c654d1a7f4f65bf18/jline-2.14.7-sbt-9a88bc413e2b34a4580c001c654d1a7f4f65bf18.jar
2025.10.16 21:28:06 INFO  BSP server: Downloading https://repo.scala-lang.org/artifactory/maven-nightlies/org/scala-sbt/util-relation_2.12/1.10.7/util-relation_2.12-1.10.7.jar
2025.10.16 21:28:06 INFO  BSP server: Downloaded https://repo.scala-lang.org/artifactory/maven-nightlies/io/monix/monix-eval_2.12/3.2.0/monix-eval_2.12-3.2.0.jar
2025.10.16 21:28:06 INFO  BSP server: Downloading https://repo.scala-lang.org/artifactory/maven-nightlies/com/eed3si9n/gigahorse-apache-http_2.12/0.9.3/gigahorse-apache-http_2.12-0.9.3.jar
2025.10.16 21:28:06 INFO  BSP server: Downloaded https://repo.scala-lang.org/artifactory/maven-nightlies/com/eed3si9n/gigahorse-apache-http_2.12/0.9.3/gigahorse-apache-http_2.12-0.9.3.jar
2025.10.16 21:28:06 INFO  BSP server: Downloading https://repo.scala-lang.org/artifactory/maven-nightlies/ch/qos/logback/logback-core/1.5.18/logback-core-1.5.18.jar
2025.10.16 21:28:06 INFO  BSP server: Downloaded https://repo.scala-lang.org/artifactory/maven-nightlies/io/monix/monix-reactive_2.12/3.2.0/monix-reactive_2.12-3.2.0.jar
2025.10.16 21:28:06 INFO  BSP server: Downloading https://repo.scala-lang.org/artifactory/maven-nightlies/io/zipkin/brave/brave/5.18.1/brave-5.18.1.jar
2025.10.16 21:28:06 INFO  BSP server: Downloaded https://repo.scala-lang.org/artifactory/maven-nightlies/org/scala-sbt/util-relation_2.12/1.10.7/util-relation_2.12-1.10.7.jar
2025.10.16 21:28:06 INFO  BSP server: Downloading https://repo.scala-lang.org/artifactory/maven-nightlies/ch/qos/logback/logback-classic/1.5.18/logback-classic-1.5.18.jar
2025.10.16 21:28:06 INFO  BSP server: Downloaded https://repo.scala-lang.org/artifactory/maven-nightlies/org/scala-sbt/librarymanagement-ivy_2.12/1.11.2/librarymanagement-ivy_2.12-1.11.2.jar
2025.10.16 21:28:06 INFO  BSP server: Downloading https://repo.scala-lang.org/artifactory/maven-nightlies/org/scala-lang/modules/scala-xml_2.12/2.3.0/scala-xml_2.12-2.3.0.jar
2025.10.16 21:28:06 INFO  BSP server: Downloaded https://repo.scala-lang.org/artifactory/maven-nightlies/ch/qos/logback/logback-core/1.5.18/logback-core-1.5.18.jar
2025.10.16 21:28:06 INFO  BSP server: Downloading https://repo.scala-lang.org/artifactory/maven-nightlies/org/typelevel/macro-compat_2.12/1.1.1/macro-compat_2.12-1.1.1.jar
2025.10.16 21:28:06 INFO  BSP server: Downloaded https://repo.scala-lang.org/artifactory/maven-nightlies/org/scalameta/trees_2.12/4.13.8/trees_2.12-4.13.8.jar
2025.10.16 21:28:06 INFO  BSP server: Downloading https://repo.scala-lang.org/artifactory/maven-nightlies/org/scala-sbt/zinc-persist-core-assembly/1.10.8/zinc-persist-core-assembly-1.10.8.jar
2025.10.16 21:28:06 INFO  BSP server: Downloaded https://repo.scala-lang.org/artifactory/maven-nightlies/org/scala-lang/modules/scala-xml_2.12/2.3.0/scala-xml_2.12-2.3.0.jar
2025.10.16 21:28:06 INFO  BSP server: Downloading https://repo.scala-lang.org/artifactory/maven-nightlies/ch/epfl/scala/bloop-frontend_2.12/2.0.13/bloop-frontend_2.12-2.0.13.jar
2025.10.16 21:28:06 INFO  BSP server: Downloaded https://repo.scala-lang.org/artifactory/maven-nightlies/ch/qos/logback/logback-classic/1.5.18/logback-classic-1.5.18.jar
2025.10.16 21:28:06 INFO  BSP server: Downloading https://repo.scala-lang.org/artifactory/maven-nightlies/ch/epfl/scala/scala-debug-adapter_2.12/4.2.8/scala-debug-adapter_2.12-4.2.8.jar
2025.10.16 21:28:06 INFO  BSP server: Downloaded https://repo.scala-lang.org/artifactory/maven-nightlies/io/zipkin/brave/brave/5.18.1/brave-5.18.1.jar
2025.10.16 21:28:06 INFO  BSP server: Downloading https://repo.scala-lang.org/artifactory/maven-nightlies/org/scala-sbt/launcher-interface/1.4.4/launcher-interface-1.4.4.jar
2025.10.16 21:28:06 INFO  BSP server: Downloaded https://repo.scala-lang.org/artifactory/maven-nightlies/org/typelevel/macro-compat_2.12/1.1.1/macro-compat_2.12-1.1.1.jar
2025.10.16 21:28:06 INFO  BSP server: Downloading https://repo.scala-lang.org/artifactory/maven-nightlies/org/scala-sbt/collections_2.12/1.11.0/collections_2.12-1.11.0.jar
2025.10.16 21:28:06 INFO  BSP server: Downloaded https://repo.scala-lang.org/artifactory/maven-nightlies/ch/epfl/scala/bloop-frontend_2.12/2.0.13/bloop-frontend_2.12-2.0.13.jar
2025.10.16 21:28:06 INFO  BSP server: Downloading https://repo.scala-lang.org/artifactory/maven-nightlies/com/chuusai/shapeless_2.12/2.3.3/shapeless_2.12-2.3.3.jar
2025.10.16 21:28:06 INFO  BSP server: Downloaded https://repo.scala-lang.org/artifactory/maven-nightlies/ch/epfl/scala/scala-debug-adapter_2.12/4.2.8/scala-debug-adapter_2.12-4.2.8.jar
2025.10.16 21:28:06 INFO  BSP server: Downloading https://repo.scala-lang.org/artifactory/maven-nightlies/org/scala-sbt/zinc_2.12/1.10.8/zinc_2.12-1.10.8.jar
2025.10.16 21:28:06 INFO  BSP server: Downloaded https://repo.scala-lang.org/artifactory/maven-nightlies/org/scala-sbt/launcher-interface/1.4.4/launcher-interface-1.4.4.jar
2025.10.16 21:28:06 INFO  BSP server: Downloading https://repo.scala-lang.org/artifactory/maven-nightlies/com/github/alexarchambault/case-app_2.12/2.0.6/case-app_2.12-2.0.6.jar
2025.10.16 21:28:07 INFO  BSP server: Downloaded https://repo.scala-lang.org/artifactory/maven-nightlies/com/github/alexarchambault/case-app_2.12/2.0.6/case-app_2.12-2.0.6.jar
2025.10.16 21:28:07 INFO  BSP server: Downloading https://repo.scala-lang.org/artifactory/maven-nightlies/org/scala-sbt/util-cache_2.12/1.11.0/util-cache_2.12-1.11.0.jar
2025.10.16 21:28:07 INFO  BSP server: Downloaded https://repo.scala-lang.org/artifactory/maven-nightlies/org/scala-sbt/zinc_2.12/1.10.8/zinc_2.12-1.10.8.jar
2025.10.16 21:28:07 INFO  BSP server: Downloading https://repo.scala-lang.org/artifactory/maven-nightlies/com/typesafe/ssl-config-core_2.12/0.6.1/ssl-config-core_2.12-0.6.1.jar
2025.10.16 21:28:07 INFO  BSP server: Downloaded https://repo.scala-lang.org/artifactory/maven-nightlies/com/chuusai/shapeless_2.12/2.3.3/shapeless_2.12-2.3.3.jar
2025.10.16 21:28:07 INFO  BSP server: Downloading https://repo.scala-lang.org/artifactory/maven-nightlies/io/get-coursier/util/directories-jni/0.1.2/directories-jni-0.1.2.jar
2025.10.16 21:28:07 INFO  BSP server: Downloaded https://repo.scala-lang.org/artifactory/maven-nightlies/org/scala-lang/scala-compiler/2.12.20/scala-compiler-2.12.20.jar
2025.10.16 21:28:07 INFO  BSP server: Downloading https://repo.scala-lang.org/artifactory/maven-nightlies/io/github/alexarchambault/bleep/jsonrpc4s_2.12/0.1.1/jsonrpc4s_2.12-0.1.1.jar
2025.10.16 21:28:07 INFO  BSP server: Downloaded https://repo.scala-lang.org/artifactory/maven-nightlies/com/typesafe/ssl-config-core_2.12/0.6.1/ssl-config-core_2.12-0.6.1.jar
2025.10.16 21:28:07 INFO  BSP server: Downloading https://repo.scala-lang.org/artifactory/maven-nightlies/io/get-coursier/util/directories/0.1.2/directories-0.1.2.jar
2025.10.16 21:28:07 INFO  BSP server: Downloaded https://repo.scala-lang.org/artifactory/maven-nightlies/org/scala-sbt/util-cache_2.12/1.11.0/util-cache_2.12-1.11.0.jar
2025.10.16 21:28:07 INFO  BSP server: Downloading https://repo.scala-lang.org/artifactory/maven-nightlies/org/scalameta/common_2.12/4.13.8/common_2.12-4.13.8.jar
2025.10.16 21:28:07 INFO  BSP server: Downloaded https://repo.scala-lang.org/artifactory/maven-nightlies/org/scala-sbt/collections_2.12/1.11.0/collections_2.12-1.11.0.jar
2025.10.16 21:28:07 INFO  BSP server: Downloading https://repo.scala-lang.org/artifactory/maven-nightlies/com/eed3si9n/sjson-new-scalajson_2.12/0.10.1/sjson-new-scalajson_2.12-0.10.1.jar
2025.10.16 21:28:07 INFO  BSP server: Downloaded https://repo.scala-lang.org/artifactory/maven-nightlies/io/github/alexarchambault/bleep/jsonrpc4s_2.12/0.1.1/jsonrpc4s_2.12-0.1.1.jar
2025.10.16 21:28:07 INFO  BSP server: Downloading https://repo.scala-lang.org/artifactory/maven-nightlies/io/zipkin/reporter2/zipkin-reporter-brave/2.17.2/zipkin-reporter-brave-2.17.2.jar
2025.10.16 21:28:07 INFO  BSP server: Downloaded https://repo.scala-lang.org/artifactory/maven-nightlies/io/get-coursier/util/directories/0.1.2/directories-0.1.2.jar
2025.10.16 21:28:07 INFO  BSP server: Downloading https://repo.scala-lang.org/artifactory/maven-nightlies/org/scalameta/parsers_2.12/4.13.8/parsers_2.12-4.13.8.jar
2025.10.16 21:28:07 INFO  BSP server: Downloaded https://repo.scala-lang.org/artifactory/maven-nightlies/org/scala-sbt/zinc-persist-core-assembly/1.10.8/zinc-persist-core-assembly-1.10.8.jar
2025.10.16 21:28:07 INFO  BSP server: Downloading https://repo.scala-lang.org/artifactory/maven-nightlies/org/scala-sbt/compiler-bridge_2.12/1.10.8/compiler-bridge_2.12-1.10.8.jar
2025.10.16 21:28:07 INFO  BSP server: Downloaded https://repo.scala-lang.org/artifactory/maven-nightlies/org/scalameta/common_2.12/4.13.8/common_2.12-4.13.8.jar
2025.10.16 21:28:07 INFO  BSP server: Downloading https://repo.scala-lang.org/artifactory/maven-nightlies/io/monix/monix-catnap_2.12/3.2.0/monix-catnap_2.12-3.2.0.jar
2025.10.16 21:28:07 INFO  BSP server: Downloaded https://repo.scala-lang.org/artifactory/maven-nightlies/io/zipkin/reporter2/zipkin-reporter-brave/2.17.2/zipkin-reporter-brave-2.17.2.jar
2025.10.16 21:28:07 INFO  BSP server: Downloading https://repo.scala-lang.org/artifactory/maven-nightlies/org/scala-sbt/librarymanagement-core_2.12/1.11.2/librarymanagement-core_2.12-1.11.2.jar
2025.10.16 21:28:07 INFO  BSP server: Downloaded https://repo.scala-lang.org/artifactory/maven-nightlies/org/scalameta/parsers_2.12/4.13.8/parsers_2.12-4.13.8.jar
2025.10.16 21:28:07 INFO  BSP server: Downloading https://repo.scala-lang.org/artifactory/maven-nightlies/ch/epfl/scala/libdaemon_2.12/0.0.12/libdaemon_2.12-0.0.12.jar
2025.10.16 21:28:07 INFO  BSP server: Downloaded https://repo.scala-lang.org/artifactory/maven-nightlies/com/eed3si9n/sjson-new-scalajson_2.12/0.10.1/sjson-new-scalajson_2.12-0.10.1.jar
2025.10.16 21:28:07 INFO  BSP server: Downloading https://repo.scala-lang.org/artifactory/maven-nightlies/com/github/mwiede/jsch/0.2.23/jsch-0.2.23.jar
2025.10.16 21:28:07 INFO  BSP server: Downloaded https://repo.scala-lang.org/artifactory/maven-nightlies/io/monix/monix-catnap_2.12/3.2.0/monix-catnap_2.12-3.2.0.jar
2025.10.16 21:28:07 INFO  BSP server: Downloading https://repo.scala-lang.org/artifactory/maven-nightlies/com/google/errorprone/error_prone_annotations/2.38.0/error_prone_annotations-2.38.0.jar
2025.10.16 21:28:07 INFO  BSP server: Downloaded https://repo.scala-lang.org/artifactory/maven-nightlies/org/scala-sbt/compiler-bridge_2.12/1.10.8/compiler-bridge_2.12-1.10.8.jar
2025.10.16 21:28:07 INFO  BSP server: Downloading https://repo.scala-lang.org/artifactory/maven-nightlies/org/typelevel/cats-kernel_2.12/2.1.1/cats-kernel_2.12-2.1.1.jar
2025.10.16 21:28:07 INFO  BSP server: Downloaded https://repo.scala-lang.org/artifactory/maven-nightlies/org/scala-sbt/librarymanagement-core_2.12/1.11.2/librarymanagement-core_2.12-1.11.2.jar
2025.10.16 21:28:07 INFO  BSP server: Downloading https://repo.scala-lang.org/artifactory/maven-nightlies/org/apache/logging/log4j/log4j-api/2.23.0/log4j-api-2.23.0.jar
2025.10.16 21:28:07 INFO  BSP server: Downloaded https://repo.scala-lang.org/artifactory/maven-nightlies/io/get-coursier/util/directories-jni/0.1.2/directories-jni-0.1.2.jar
2025.10.16 21:28:07 INFO  BSP server: Downloading https://repo.scala-lang.org/artifactory/maven-nightlies/ch/epfl/scala/directory-watcher/0.8.0+6-f651bd93/directory-watcher-0.8.0+6-f651bd93.jar
2025.10.16 21:28:07 INFO  BSP server: Downloaded https://repo.scala-lang.org/artifactory/maven-nightlies/ch/epfl/scala/libdaemon_2.12/0.0.12/libdaemon_2.12-0.0.12.jar
2025.10.16 21:28:07 INFO  BSP server: Downloading https://repo.scala-lang.org/artifactory/maven-nightlies/org/scala-sbt/zinc-classfile_2.12/1.10.8/zinc-classfile_2.12-1.10.8.jar
2025.10.16 21:28:07 INFO  BSP server: Downloaded https://repo.scala-lang.org/artifactory/maven-nightlies/com/github/mwiede/jsch/0.2.23/jsch-0.2.23.jar
2025.10.16 21:28:07 INFO  BSP server: Downloading https://repo.scala-lang.org/artifactory/maven-nightlies/org/apache/logging/log4j/log4j-core/2.23.0/log4j-core-2.23.0.jar
2025.10.16 21:28:07 INFO  BSP server: Downloaded https://repo.scala-lang.org/artifactory/maven-nightlies/com/google/errorprone/error_prone_annotations/2.38.0/error_prone_annotations-2.38.0.jar
2025.10.16 21:28:07 INFO  BSP server: Downloading https://repo.scala-lang.org/artifactory/maven-nightlies/io/monix/monix_2.12/3.2.0/monix_2.12-3.2.0.jar
2025.10.16 21:28:07 INFO  BSP server: Downloaded https://repo.scala-lang.org/artifactory/maven-nightlies/org/apache/logging/log4j/log4j-api/2.23.0/log4j-api-2.23.0.jar
2025.10.16 21:28:07 INFO  BSP server: Downloading https://repo.scala-lang.org/artifactory/maven-nightlies/com/eed3si9n/shaded-jawn-parser_2.12/1.3.2/shaded-jawn-parser_2.12-1.3.2.jar
2025.10.16 21:28:07 INFO  BSP server: Downloaded https://repo.scala-lang.org/artifactory/maven-nightlies/ch/epfl/scala/directory-watcher/0.8.0+6-f651bd93/directory-watcher-0.8.0+6-f651bd93.jar
2025.10.16 21:28:07 INFO  BSP server: Downloading https://repo.scala-lang.org/artifactory/maven-nightlies/com/eed3si9n/shaded-scalajson_2.12/1.0.0-M4/shaded-scalajson_2.12-1.0.0-M4.jar
2025.10.16 21:28:07 INFO  BSP server: Downloaded https://repo.scala-lang.org/artifactory/maven-nightlies/io/monix/monix_2.12/3.2.0/monix_2.12-3.2.0.jar
2025.10.16 21:28:07 INFO  BSP server: Downloading https://repo.scala-lang.org/artifactory/maven-nightlies/org/scala-sbt/util-control_2.12/1.10.7/util-control_2.12-1.10.7.jar.sha1
2025.10.16 21:28:07 INFO  BSP server: Downloaded https://repo.scala-lang.org/artifactory/maven-nightlies/com/eed3si9n/shaded-jawn-parser_2.12/1.3.2/shaded-jawn-parser_2.12-1.3.2.jar
2025.10.16 21:28:07 INFO  BSP server: Downloading https://repo.scala-lang.org/artifactory/maven-nightlies/org/scala-sbt/zinc-classpath_2.12/1.10.8/zinc-classpath_2.12-1.10.8.jar.sha1
2025.10.16 21:28:07 INFO  BSP server: Downloaded https://repo.scala-lang.org/artifactory/maven-nightlies/org/scala-sbt/zinc-classfile_2.12/1.10.8/zinc-classfile_2.12-1.10.8.jar
2025.10.16 21:28:07 INFO  BSP server: Downloading https://repo.scala-lang.org/artifactory/maven-nightlies/io/monix/monix-java_2.12/3.2.0/monix-java_2.12-3.2.0.jar.sha1
2025.10.16 21:28:07 INFO  BSP server: Downloaded https://repo.scala-lang.org/artifactory/maven-nightlies/org/typelevel/cats-kernel_2.12/2.1.1/cats-kernel_2.12-2.1.1.jar
2025.10.16 21:28:07 INFO  BSP server: Downloading https://repo.scala-lang.org/artifactory/maven-nightlies/io/monix/monix-tail_2.12/3.2.0/monix-tail_2.12-3.2.0.jar.sha1
2025.10.16 21:28:07 INFO  BSP server: Downloaded https://repo.scala-lang.org/artifactory/maven-nightlies/org/apache/logging/log4j/log4j-core/2.23.0/log4j-core-2.23.0.jar
2025.10.16 21:28:07 INFO  BSP server: Downloading https://repo.scala-lang.org/artifactory/maven-nightlies/org/scala-sbt/io_2.12/1.10.5/io_2.12-1.10.5.jar.sha1
2025.10.16 21:28:07 INFO  BSP server: Downloaded https://repo.scala-lang.org/artifactory/maven-nightlies/com/eed3si9n/shaded-scalajson_2.12/1.0.0-M4/shaded-scalajson_2.12-1.0.0-M4.jar
2025.10.16 21:28:07 INFO  BSP server: Downloading https://repo.scala-lang.org/artifactory/maven-nightlies/io/zipkin/zipkin2/zipkin/2.27.0/zipkin-2.27.0.jar.sha1
2025.10.16 21:28:07 INFO  BSP server: Downloaded https://repo.scala-lang.org/artifactory/maven-nightlies/io/monix/monix-java_2.12/3.2.0/monix-java_2.12-3.2.0.jar.sha1
2025.10.16 21:28:07 INFO  BSP server: Downloading https://repo.scala-lang.org/artifactory/maven-nightlies/org/scala-sbt/util-interface/1.11.0/util-interface-1.11.0.jar.sha1
2025.10.16 21:28:07 INFO  BSP server: Downloaded https://repo.scala-lang.org/artifactory/maven-nightlies/org/scala-sbt/util-control_2.12/1.10.7/util-control_2.12-1.10.7.jar.sha1
2025.10.16 21:28:07 INFO  BSP server: Downloading https://repo.scala-lang.org/artifactory/maven-nightlies/org/scala-lang/modules/scala-parser-combinators_2.12/1.1.2/scala-parser-combinators_2.12-1.1.2.jar.sha1
2025.10.16 21:28:07 INFO  BSP server: Downloaded https://repo.scala-lang.org/artifactory/maven-nightlies/org/scala-sbt/zinc-classpath_2.12/1.10.8/zinc-classpath_2.12-1.10.8.jar.sha1
2025.10.16 21:28:07 INFO  BSP server: Downloading https://repo.scala-lang.org/artifactory/maven-nightlies/org/scala-lang/scala-library/2.12.20/scala-library-2.12.20.jar.sha1
2025.10.16 21:28:07 INFO  BSP server: Downloaded https://repo.scala-lang.org/artifactory/maven-nightlies/io/zipkin/zipkin2/zipkin/2.27.0/zipkin-2.27.0.jar.sha1
2025.10.16 21:28:07 INFO  BSP server: Downloading https://repo.scala-lang.org/artifactory/maven-nightlies/com/lihaoyi/sourcecode_2.12/0.4.2/sourcecode_2.12-0.4.2.jar.sha1
2025.10.16 21:28:07 INFO  BSP server: Downloaded https://repo.scala-lang.org/artifactory/maven-nightlies/io/monix/monix-tail_2.12/3.2.0/monix-tail_2.12-3.2.0.jar.sha1
2025.10.16 21:28:07 INFO  BSP server: Downloading https://repo.scala-lang.org/artifactory/maven-nightlies/net/java/dev/jna/jna-platform/4.4.0/jna-platform-4.4.0.jar.sha1
2025.10.16 21:28:07 INFO  BSP server: Downloaded https://repo.scala-lang.org/artifactory/maven-nightlies/org/scala-sbt/io_2.12/1.10.5/io_2.12-1.10.5.jar.sha1
2025.10.16 21:28:07 INFO  BSP server: Downloading https://repo.scala-lang.org/artifactory/maven-nightlies/io/monix/monix-execution_2.12/3.2.0/monix-execution_2.12-3.2.0.jar.sha1
2025.10.16 21:28:07 INFO  BSP server: Downloaded https://repo.scala-lang.org/artifactory/maven-nightlies/org/scala-lang/modules/scala-parser-combinators_2.12/1.1.2/scala-parser-combinators_2.12-1.1.2.jar.sha1
2025.10.16 21:28:07 INFO  BSP server: Downloading https://repo.scala-lang.org/artifactory/maven-nightlies/com/eed3si9n/sjson-new-core_2.12/0.10.1/sjson-new-core_2.12-0.10.1.jar.sha1
2025.10.16 21:28:07 INFO  BSP server: Downloaded https://repo.scala-lang.org/artifactory/maven-nightlies/com/lihaoyi/sourcecode_2.12/0.4.2/sourcecode_2.12-0.4.2.jar.sha1
2025.10.16 21:28:07 INFO  BSP server: Downloading https://repo.scala-lang.org/artifactory/maven-nightlies/io/zipkin/reporter2/zipkin-reporter/2.17.2/zipkin-reporter-2.17.2.jar.sha1
2025.10.16 21:28:07 INFO  BSP server: Downloaded https://repo.scala-lang.org/artifactory/maven-nightlies/org/scala-lang/scala-library/2.12.20/scala-library-2.12.20.jar.sha1
2025.10.16 21:28:07 INFO  BSP server: Downloading https://repo.scala-lang.org/artifactory/maven-nightlies/org/jctools/jctools-core/2.1.2/jctools-core-2.1.2.jar.sha1
2025.10.16 21:28:07 INFO  BSP server: Downloaded https://repo.scala-lang.org/artifactory/maven-nightlies/io/monix/monix-execution_2.12/3.2.0/monix-execution_2.12-3.2.0.jar.sha1
2025.10.16 21:28:07 INFO  BSP server: Downloading https://repo.scala-lang.org/artifactory/maven-nightlies/net/jpountz/lz4/lz4/1.3.0/lz4-1.3.0.jar.sha1
2025.10.16 21:28:08 INFO  BSP server: Downloaded https://repo.scala-lang.org/artifactory/maven-nightlies/net/java/dev/jna/jna-platform/4.4.0/jna-platform-4.4.0.jar.sha1
2025.10.16 21:28:08 INFO  BSP server: Downloading https://repo.scala-lang.org/artifactory/maven-nightlies/org/typelevel/cats-effect_2.12/2.1.3/cats-effect_2.12-2.1.3.jar.sha1
2025.10.16 21:28:08 INFO  BSP server: Downloaded https://repo.scala-lang.org/artifactory/maven-nightlies/org/jctools/jctools-core/2.1.2/jctools-core-2.1.2.jar.sha1
2025.10.16 21:28:08 INFO  BSP server: Downloading https://repo.scala-lang.org/artifactory/maven-nightlies/io/github/alexarchambault/bleep/nailgun-server/1.0.7/nailgun-server-1.0.7.jar.sha1
2025.10.16 21:28:08 INFO  BSP server: Downloaded https://repo.scala-lang.org/artifactory/maven-nightlies/io/zipkin/reporter2/zipkin-reporter/2.17.2/zipkin-reporter-2.17.2.jar.sha1
2025.10.16 21:28:08 INFO  BSP server: Downloading https://repo.scala-lang.org/artifactory/maven-nightlies/ch/epfl/scala/bloop-backend_2.12/2.0.13/bloop-backend_2.12-2.0.13.jar.sha1
2025.10.16 21:28:08 INFO  BSP server: Downloaded https://repo.scala-lang.org/artifactory/maven-nightlies/org/scala-sbt/util-interface/1.11.0/util-interface-1.11.0.jar.sha1
2025.10.16 21:28:08 INFO  BSP server: Downloading https://repo.scala-lang.org/artifactory/maven-nightlies/com/github/alexarchambault/case-app-annotations_2.12/2.0.6/case-app-annotations_2.12-2.0.6.jar.sha1
2025.10.16 21:28:08 INFO  BSP server: Downloaded https://repo.scala-lang.org/artifactory/maven-nightlies/com/eed3si9n/sjson-new-core_2.12/0.10.1/sjson-new-core_2.12-0.10.1.jar.sha1
2025.10.16 21:28:08 INFO  BSP server: Downloading https://repo.scala-lang.org/artifactory/maven-nightlies/com/outr/scribe_2.12/3.5.5/scribe_2.12-3.5.5.jar.sha1
2025.10.16 21:28:08 INFO  BSP server: Downloaded https://repo.scala-lang.org/artifactory/maven-nightlies/net/jpountz/lz4/lz4/1.3.0/lz4-1.3.0.jar.sha1
2025.10.16 21:28:08 INFO  BSP server: Downloading https://repo.scala-lang.org/artifactory/maven-nightlies/ch/epfl/scala/bsp4s_2.12/2.1.1/bsp4s_2.12-2.1.1.jar.sha1
2025.10.16 21:28:08 INFO  BSP server: Downloaded https://repo.scala-lang.org/artifactory/maven-nightlies/ch/epfl/scala/bloop-backend_2.12/2.0.13/bloop-backend_2.12-2.0.13.jar.sha1
2025.10.16 21:28:08 INFO  BSP server: Downloading https://repo.scala-lang.org/artifactory/maven-nightlies/com/github/alexarchambault/case-app-util_2.12/2.0.6/case-app-util_2.12-2.0.6.jar.sha1
2025.10.16 21:28:08 INFO  BSP server: Downloaded https://repo.scala-lang.org/artifactory/maven-nightlies/com/github/alexarchambault/case-app-annotations_2.12/2.0.6/case-app-annotations_2.12-2.0.6.jar.sha1
2025.10.16 21:28:08 INFO  BSP server: Downloading https://repo.scala-lang.org/artifactory/maven-nightlies/org/scala-sbt/util-position_2.12/1.11.0/util-position_2.12-1.11.0.jar.sha1
2025.10.16 21:28:08 INFO  BSP server: Downloaded https://repo.scala-lang.org/artifactory/maven-nightlies/io/github/alexarchambault/bleep/nailgun-server/1.0.7/nailgun-server-1.0.7.jar.sha1
2025.10.16 21:28:08 INFO  BSP server: Downloading https://repo.scala-lang.org/artifactory/maven-nightlies/org/zeroturnaround/zt-zip/1.17/zt-zip-1.17.jar.sha1
2025.10.16 21:28:08 INFO  BSP server: Downloaded https://repo.scala-lang.org/artifactory/maven-nightlies/org/typelevel/cats-effect_2.12/2.1.3/cats-effect_2.12-2.1.3.jar.sha1
2025.10.16 21:28:08 INFO  BSP server: Downloading https://repo.scala-lang.org/artifactory/maven-nightlies/com/lmax/disruptor/3.4.2/disruptor-3.4.2.jar.sha1
2025.10.16 21:28:08 INFO  BSP server: Downloaded https://repo.scala-lang.org/artifactory/maven-nightlies/com/outr/scribe_2.12/3.5.5/scribe_2.12-3.5.5.jar.sha1
2025.10.16 21:28:08 INFO  BSP server: Downloading https://repo.scala-lang.org/artifactory/maven-nightlies/org/scalaz/scalaz-core_2.12/7.3.8/scalaz-core_2.12-7.3.8.jar.sha1
2025.10.16 21:28:08 INFO  BSP server: Downloaded https://repo.scala-lang.org/artifactory/maven-nightlies/com/github/alexarchambault/case-app-util_2.12/2.0.6/case-app-util_2.12-2.0.6.jar.sha1
2025.10.16 21:28:08 INFO  BSP server: Downloading https://repo.scala-lang.org/artifactory/maven-nightlies/com/eed3si9n/shaded-apache-httpclient5/0.9.3/shaded-apache-httpclient5-0.9.3.jar.sha1
2025.10.16 21:28:08 INFO  BSP server: Downloaded https://repo.scala-lang.org/artifactory/maven-nightlies/org/scala-sbt/util-position_2.12/1.11.0/util-position_2.12-1.11.0.jar.sha1
2025.10.16 21:28:08 INFO  BSP server: Downloading https://repo.scala-lang.org/artifactory/maven-nightlies/ch/epfl/scala/bloop-shared_2.12/2.0.13/bloop-shared_2.12-2.0.13.jar.sha1
2025.10.16 21:28:08 INFO  BSP server: Downloaded https://repo.scala-lang.org/artifactory/maven-nightlies/ch/epfl/scala/bsp4s_2.12/2.1.1/bsp4s_2.12-2.1.1.jar.sha1
2025.10.16 21:28:08 INFO  BSP server: Downloading https://repo.scala-lang.org/artifactory/maven-nightlies/org/typelevel/cats-core_2.12/2.1.1/cats-core_2.12-2.1.1.jar.sha1
2025.10.16 21:28:08 INFO  BSP server: Downloaded https://repo.scala-lang.org/artifactory/maven-nightlies/org/scalaz/scalaz-core_2.12/7.3.8/scalaz-core_2.12-7.3.8.jar.sha1
2025.10.16 21:28:08 INFO  BSP server: Downloading https://repo.scala-lang.org/artifactory/maven-nightlies/org/scala-sbt/zinc-apiinfo_2.12/1.10.8/zinc-apiinfo_2.12-1.10.8.jar.sha1
2025.10.16 21:28:08 INFO  BSP server: Downloaded https://repo.scala-lang.org/artifactory/maven-nightlies/ch/epfl/scala/bloop-shared_2.12/2.0.13/bloop-shared_2.12-2.0.13.jar.sha1
2025.10.16 21:28:08 INFO  BSP server: Downloading https://repo.scala-lang.org/artifactory/maven-nightlies/com/github/plokhotnyuk/jsoniter-scala/jsoniter-scala-macros_2.12/2.13.3.2/jsoniter-scala-macros_2.12-2.13.3.2.jar.sha1
2025.10.16 21:28:08 INFO  BSP server: Downloaded https://repo.scala-lang.org/artifactory/maven-nightlies/com/lmax/disruptor/3.4.2/disruptor-3.4.2.jar.sha1
2025.10.16 21:28:08 INFO  BSP server: Downloading https://repo.scala-lang.org/artifactory/maven-nightlies/org/scala-lang/scala-reflect/2.12.20/scala-reflect-2.12.20.jar.sha1
2025.10.16 21:28:08 INFO  BSP server: Downloaded https://repo.scala-lang.org/artifactory/maven-nightlies/org/zeroturnaround/zt-zip/1.17/zt-zip-1.17.jar.sha1
2025.10.16 21:28:08 INFO  BSP server: Downloading https://repo.scala-lang.org/artifactory/maven-nightlies/org/scala-sbt/zinc-persist_2.12/1.10.8/zinc-persist_2.12-1.10.8.jar.sha1
2025.10.16 21:28:08 INFO  BSP server: Downloaded https://repo.scala-lang.org/artifactory/maven-nightlies/com/eed3si9n/shaded-apache-httpclient5/0.9.3/shaded-apache-httpclient5-0.9.3.jar.sha1
2025.10.16 21:28:08 INFO  BSP server: Downloading https://repo.scala-lang.org/artifactory/maven-nightlies/org/scala-sbt/zinc-compile-core_2.12/1.10.8/zinc-compile-core_2.12-1.10.8.jar.sha1
2025.10.16 21:28:08 INFO  BSP server: Downloaded https://repo.scala-lang.org/artifactory/maven-nightlies/org/typelevel/cats-core_2.12/2.1.1/cats-core_2.12-2.1.1.jar.sha1
2025.10.16 21:28:08 INFO  BSP server: Downloading https://repo.scala-lang.org/artifactory/maven-nightlies/net/openhft/zero-allocation-hashing/0.16/zero-allocation-hashing-0.16.jar.sha1
2025.10.16 21:28:08 INFO  BSP server: Downloaded https://repo.scala-lang.org/artifactory/maven-nightlies/org/scala-sbt/zinc-apiinfo_2.12/1.10.8/zinc-apiinfo_2.12-1.10.8.jar.sha1
2025.10.16 21:28:08 INFO  BSP server: Downloading https://repo.scala-lang.org/artifactory/maven-nightlies/com/eed3si9n/sjson-new-murmurhash_2.12/0.10.1/sjson-new-murmurhash_2.12-0.10.1.jar.sha1
2025.10.16 21:28:08 INFO  BSP server: Downloaded https://repo.scala-lang.org/artifactory/maven-nightlies/net/openhft/zero-allocation-hashing/0.16/zero-allocation-hashing-0.16.jar.sha1
2025.10.16 21:28:08 INFO  BSP server: Downloading https://repo.scala-lang.org/artifactory/maven-nightlies/org/scala-sbt/sbinary_2.12/0.5.1/sbinary_2.12-0.5.1.jar.sha1
2025.10.16 21:28:08 INFO  BSP server: Downloaded https://repo.scala-lang.org/artifactory/maven-nightlies/org/scala-sbt/zinc-compile-core_2.12/1.10.8/zinc-compile-core_2.12-1.10.8.jar.sha1
2025.10.16 21:28:08 INFO  BSP server: Downloading https://repo.scala-lang.org/artifactory/maven-nightlies/com/outr/perfolation_2.12/1.2.8/perfolation_2.12-1.2.8.jar.sha1
2025.10.16 21:28:08 INFO  BSP server: Downloaded https://repo.scala-lang.org/artifactory/maven-nightlies/com/github/plokhotnyuk/jsoniter-scala/jsoniter-scala-macros_2.12/2.13.3.2/jsoniter-scala-macros_2.12-2.13.3.2.jar.sha1
2025.10.16 21:28:08 INFO  BSP server: Downloading https://repo.scala-lang.org/artifactory/maven-nightlies/ch/epfl/scala/bloop-config_2.12/2.3.2/bloop-config_2.12-2.3.2.jar.sha1
2025.10.16 21:28:08 INFO  BSP server: Downloaded https://repo.scala-lang.org/artifactory/maven-nightlies/org/scala-sbt/zinc-persist_2.12/1.10.8/zinc-persist_2.12-1.10.8.jar.sha1
2025.10.16 21:28:08 INFO  BSP server: Downloading https://repo.scala-lang.org/artifactory/maven-nightlies/org/scala-sbt/util-logging_2.12/1.11.0/util-logging_2.12-1.11.0.jar.sha1
2025.10.16 21:28:08 INFO  BSP server: Downloaded https://repo.scala-lang.org/artifactory/maven-nightlies/org/scala-lang/scala-reflect/2.12.20/scala-reflect-2.12.20.jar.sha1
2025.10.16 21:28:08 INFO  BSP server: Downloading https://repo.scala-lang.org/artifactory/maven-nightlies/com/outr/moduload_2.12/1.1.5/moduload_2.12-1.1.5.jar.sha1
2025.10.16 21:28:08 INFO  BSP server: Downloaded https://repo.scala-lang.org/artifactory/maven-nightlies/com/eed3si9n/sjson-new-murmurhash_2.12/0.10.1/sjson-new-murmurhash_2.12-0.10.1.jar.sha1
2025.10.16 21:28:08 INFO  BSP server: Downloading https://repo.scala-lang.org/artifactory/maven-nightlies/io/monix/implicitbox_2.12/0.2.0/implicitbox_2.12-0.2.0.jar.sha1
2025.10.16 21:28:08 INFO  BSP server: Downloaded https://repo.scala-lang.org/artifactory/maven-nightlies/com/outr/perfolation_2.12/1.2.8/perfolation_2.12-1.2.8.jar.sha1
2025.10.16 21:28:08 INFO  BSP server: Downloading https://repo.scala-lang.org/artifactory/maven-nightlies/com/lihaoyi/fansi_2.12/0.5.0/fansi_2.12-0.5.0.jar.sha1
2025.10.16 21:28:08 INFO  BSP server: Downloaded https://repo.scala-lang.org/artifactory/maven-nightlies/io/monix/implicitbox_2.12/0.2.0/implicitbox_2.12-0.2.0.jar.sha1
2025.10.16 21:28:08 INFO  BSP server: Downloading https://repo.scala-lang.org/artifactory/maven-nightlies/org/scala-sbt/compiler-interface/1.10.8/compiler-interface-1.10.8.jar.sha1
2025.10.16 21:28:08 INFO  BSP server: Downloaded https://repo.scala-lang.org/artifactory/maven-nightlies/org/scala-sbt/sbinary_2.12/0.5.1/sbinary_2.12-0.5.1.jar.sha1
2025.10.16 21:28:08 INFO  BSP server: Downloading https://repo.scala-lang.org/artifactory/maven-nightlies/org/scala-sbt/ivy/ivy/2.3.0-sbt-77cc781d727b367d3761f097d89f5a4762771d41/ivy-2.3.0-sbt-77cc781d727b367d3761f097d89f5a4762771d41.jar.sha1
2025.10.16 21:28:08 INFO  BSP server: Downloaded https://repo.scala-lang.org/artifactory/maven-nightlies/ch/epfl/scala/bloop-config_2.12/2.3.2/bloop-config_2.12-2.3.2.jar.sha1
2025.10.16 21:28:08 INFO  BSP server: Downloading https://repo.scala-lang.org/artifactory/maven-nightlies/com/github/plokhotnyuk/jsoniter-scala/jsoniter-scala-core_2.12/2.13.5.2/jsoniter-scala-core_2.12-2.13.5.2.jar.sha1
2025.10.16 21:28:08 INFO  BSP server: Downloaded https://repo.scala-lang.org/artifactory/maven-nightlies/org/scala-sbt/util-logging_2.12/1.11.0/util-logging_2.12-1.11.0.jar.sha1
2025.10.16 21:28:08 INFO  BSP server: Downloading https://repo.scala-lang.org/artifactory/maven-nightlies/io/zipkin/reporter2/zipkin-sender-urlconnection/2.17.2/zipkin-sender-urlconnection-2.17.2.jar.sha1
2025.10.16 21:28:08 INFO  BSP server: Downloaded https://repo.scala-lang.org/artifactory/maven-nightlies/com/outr/moduload_2.12/1.1.5/moduload_2.12-1.1.5.jar.sha1
2025.10.16 21:28:08 INFO  BSP server: Downloading https://repo.scala-lang.org/artifactory/maven-nightlies/com/eed3si9n/gigahorse-core_2.12/0.9.3/gigahorse-core_2.12-0.9.3.jar.sha1
2025.10.16 21:28:08 INFO  BSP server: Downloaded https://repo.scala-lang.org/artifactory/maven-nightlies/com/github/plokhotnyuk/jsoniter-scala/jsoniter-scala-core_2.12/2.13.5.2/jsoniter-scala-core_2.12-2.13.5.2.jar.sha1
2025.10.16 21:28:08 INFO  BSP server: Downloading https://repo.scala-lang.org/artifactory/maven-nightlies/com/lihaoyi/pprint_2.12/0.9.0/pprint_2.12-0.9.0.jar.sha1
2025.10.16 21:28:08 INFO  BSP server: Downloaded https://repo.scala-lang.org/artifactory/maven-nightlies/io/zipkin/reporter2/zipkin-sender-urlconnection/2.17.2/zipkin-sender-urlconnection-2.17.2.jar.sha1
2025.10.16 21:28:08 INFO  BSP server: Downloading https://repo.scala-lang.org/artifactory/maven-nightlies/org/scala-lang/modules/scala-collection-compat_2.12/2.13.0/scala-collection-compat_2.12-2.13.0.jar.sha1
2025.10.16 21:28:08 INFO  BSP server: Downloaded https://repo.scala-lang.org/artifactory/maven-nightlies/org/scala-sbt/ivy/ivy/2.3.0-sbt-77cc781d727b367d3761f097d89f5a4762771d41/ivy-2.3.0-sbt-77cc781d727b367d3761f097d89f5a4762771d41.jar.sha1
2025.10.16 21:28:08 INFO  BSP server: Downloading https://repo.scala-lang.org/artifactory/maven-nightlies/org/typelevel/cats-macros_2.12/2.1.1/cats-macros_2.12-2.1.1.jar.sha1
2025.10.16 21:28:08 INFO  BSP server: Downloaded https://repo.scala-lang.org/artifactory/maven-nightlies/com/lihaoyi/fansi_2.12/0.5.0/fansi_2.12-0.5.0.jar.sha1
2025.10.16 21:28:08 INFO  BSP server: Downloading https://repo.scala-lang.org/artifactory/maven-nightlies/org/scala-sbt/core-macros_2.12/1.11.0/core-macros_2.12-1.11.0.jar.sha1
2025.10.16 21:28:08 INFO  BSP server: Downloaded https://repo.scala-lang.org/artifactory/maven-nightlies/org/scala-sbt/compiler-interface/1.10.8/compiler-interface-1.10.8.jar.sha1
2025.10.16 21:28:08 INFO  BSP server: Downloading https://repo.scala-lang.org/artifactory/maven-nightlies/org/scalameta/io_2.12/4.13.8/io_2.12-4.13.8.jar.sha1
2025.10.16 21:28:08 INFO  BSP server: Downloaded https://repo.scala-lang.org/artifactory/maven-nightlies/org/typelevel/cats-macros_2.12/2.1.1/cats-macros_2.12-2.1.1.jar.sha1
2025.10.16 21:28:08 INFO  BSP server: Downloading https://repo.scala-lang.org/artifactory/maven-nightlies/com/lihaoyi/unroll-annotation_2.12/0.1.12/unroll-annotation_2.12-0.1.12.jar.sha1
2025.10.16 21:28:08 INFO  BSP server: Downloaded https://repo.scala-lang.org/artifactory/maven-nightlies/com/eed3si9n/gigahorse-core_2.12/0.9.3/gigahorse-core_2.12-0.9.3.jar.sha1
2025.10.16 21:28:08 INFO  BSP server: Downloading https://repo.scala-lang.org/artifactory/maven-nightlies/org/scala-sbt/zinc-core_2.12/1.10.8/zinc-core_2.12-1.10.8.jar.sha1
2025.10.16 21:28:08 INFO  BSP server: Downloaded https://repo.scala-lang.org/artifactory/maven-nightlies/org/scalameta/io_2.12/4.13.8/io_2.12-4.13.8.jar.sha1
2025.10.16 21:28:08 INFO  BSP server: Downloading https://repo.scala-lang.org/artifactory/maven-nightlies/org/scala-sbt/jline/jline/2.14.7-sbt-9a88bc413e2b34a4580c001c654d1a7f4f65bf18/jline-2.14.7-sbt-9a88bc413e2b34a4580c001c654d1a7f4f65bf18.jar.sha1
2025.10.16 21:28:08 INFO  BSP server: Downloaded https://repo.scala-lang.org/artifactory/maven-nightlies/com/lihaoyi/pprint_2.12/0.9.0/pprint_2.12-0.9.0.jar.sha1
2025.10.16 21:28:08 INFO  BSP server: Downloading https://repo.scala-lang.org/artifactory/maven-nightlies/io/monix/monix-eval_2.12/3.2.0/monix-eval_2.12-3.2.0.jar.sha1
2025.10.16 21:28:08 INFO  BSP server: Downloaded https://repo.scala-lang.org/artifactory/maven-nightlies/org/scala-sbt/core-macros_2.12/1.11.0/core-macros_2.12-1.11.0.jar.sha1
2025.10.16 21:28:08 INFO  BSP server: Downloading https://repo.scala-lang.org/artifactory/maven-nightlies/com/eed3si9n/gigahorse-apache-http_2.12/0.9.3/gigahorse-apache-http_2.12-0.9.3.jar.sha1
2025.10.16 21:28:09 INFO  BSP server: Downloaded https://repo.scala-lang.org/artifactory/maven-nightlies/com/lihaoyi/unroll-annotation_2.12/0.1.12/unroll-annotation_2.12-0.1.12.jar.sha1
2025.10.16 21:28:09 INFO  BSP server: Downloading https://repo.scala-lang.org/artifactory/maven-nightlies/io/monix/monix-reactive_2.12/3.2.0/monix-reactive_2.12-3.2.0.jar.sha1
2025.10.16 21:28:09 INFO  BSP server: Downloaded https://repo.scala-lang.org/artifactory/maven-nightlies/com/eed3si9n/gigahorse-apache-http_2.12/0.9.3/gigahorse-apache-http_2.12-0.9.3.jar.sha1
2025.10.16 21:28:09 INFO  BSP server: Downloading https://repo.scala-lang.org/artifactory/maven-nightlies/org/scala-sbt/util-relation_2.12/1.10.7/util-relation_2.12-1.10.7.jar.sha1
2025.10.16 21:28:09 INFO  BSP server: Downloaded https://repo.scala-lang.org/artifactory/maven-nightlies/io/monix/monix-eval_2.12/3.2.0/monix-eval_2.12-3.2.0.jar.sha1
2025.10.16 21:28:09 INFO  BSP server: Downloading https://repo.scala-lang.org/artifactory/maven-nightlies/org/scala-sbt/librarymanagement-ivy_2.12/1.11.2/librarymanagement-ivy_2.12-1.11.2.jar.sha1
2025.10.16 21:28:09 INFO  BSP server: Downloaded https://repo.scala-lang.org/artifactory/maven-nightlies/org/scala-sbt/jline/jline/2.14.7-sbt-9a88bc413e2b34a4580c001c654d1a7f4f65bf18/jline-2.14.7-sbt-9a88bc413e2b34a4580c001c654d1a7f4f65bf18.jar.sha1
2025.10.16 21:28:09 INFO  BSP server: Downloading https://repo.scala-lang.org/artifactory/maven-nightlies/ch/qos/logback/logback-core/1.5.18/logback-core-1.5.18.jar.sha1
2025.10.16 21:28:09 INFO  BSP server: Downloaded https://repo.scala-lang.org/artifactory/maven-nightlies/org/scala-sbt/zinc-core_2.12/1.10.8/zinc-core_2.12-1.10.8.jar.sha1
2025.10.16 21:28:09 INFO  BSP server: Downloading https://repo.scala-lang.org/artifactory/maven-nightlies/org/scalameta/trees_2.12/4.13.8/trees_2.12-4.13.8.jar.sha1
2025.10.16 21:28:09 INFO  BSP server: Downloaded https://repo.scala-lang.org/artifactory/maven-nightlies/org/scala-lang/modules/scala-collection-compat_2.12/2.13.0/scala-collection-compat_2.12-2.13.0.jar.sha1
2025.10.16 21:28:09 INFO  BSP server: Downloading https://repo.scala-lang.org/artifactory/maven-nightlies/org/scala-lang/modules/scala-xml_2.12/2.3.0/scala-xml_2.12-2.3.0.jar.sha1
2025.10.16 21:28:09 INFO  BSP server: Downloaded https://repo.scala-lang.org/artifactory/maven-nightlies/io/monix/monix-reactive_2.12/3.2.0/monix-reactive_2.12-3.2.0.jar.sha1
2025.10.16 21:28:09 INFO  BSP server: Downloading https://repo.scala-lang.org/artifactory/maven-nightlies/ch/qos/logback/logback-classic/1.5.18/logback-classic-1.5.18.jar.sha1
2025.10.16 21:28:09 INFO  BSP server: Downloaded https://repo.scala-lang.org/artifactory/maven-nightlies/ch/qos/logback/logback-core/1.5.18/logback-core-1.5.18.jar.sha1
2025.10.16 21:28:09 INFO  BSP server: Downloading https://repo.scala-lang.org/artifactory/maven-nightlies/io/zipkin/brave/brave/5.18.1/brave-5.18.1.jar.sha1
2025.10.16 21:28:09 INFO  BSP server: Downloaded https://repo.scala-lang.org/artifactory/maven-nightlies/ch/qos/logback/logback-classic/1.5.18/logback-classic-1.5.18.jar.sha1
2025.10.16 21:28:09 INFO  BSP server: Downloading https://repo.scala-lang.org/artifactory/maven-nightlies/org/typelevel/macro-compat_2.12/1.1.1/macro-compat_2.12-1.1.1.jar.sha1
2025.10.16 21:28:09 INFO  BSP server: Downloaded https://repo.scala-lang.org/artifactory/maven-nightlies/org/scala-lang/modules/scala-xml_2.12/2.3.0/scala-xml_2.12-2.3.0.jar.sha1
2025.10.16 21:28:09 INFO  BSP server: Downloading https://repo.scala-lang.org/artifactory/maven-nightlies/ch/epfl/scala/bloop-frontend_2.12/2.0.13/bloop-frontend_2.12-2.0.13.jar.sha1
2025.10.16 21:28:09 INFO  BSP server: Downloaded https://repo.scala-lang.org/artifactory/maven-nightlies/org/scala-sbt/librarymanagement-ivy_2.12/1.11.2/librarymanagement-ivy_2.12-1.11.2.jar.sha1
2025.10.16 21:28:09 INFO  BSP server: Downloading https://repo.scala-lang.org/artifactory/maven-nightlies/ch/epfl/scala/scala-debug-adapter_2.12/4.2.8/scala-debug-adapter_2.12-4.2.8.jar.sha1
2025.10.16 21:28:09 INFO  BSP server: Downloaded https://repo.scala-lang.org/artifactory/maven-nightlies/io/zipkin/brave/brave/5.18.1/brave-5.18.1.jar.sha1
2025.10.16 21:28:09 INFO  BSP server: Downloading https://repo.scala-lang.org/artifactory/maven-nightlies/org/scala-sbt/launcher-interface/1.4.4/launcher-interface-1.4.4.jar.sha1
2025.10.16 21:28:09 INFO  BSP server: Downloaded https://repo.scala-lang.org/artifactory/maven-nightlies/org/scalameta/trees_2.12/4.13.8/trees_2.12-4.13.8.jar.sha1
2025.10.16 21:28:09 INFO  BSP server: Downloading https://repo.scala-lang.org/artifactory/maven-nightlies/com/github/alexarchambault/case-app_2.12/2.0.6/case-app_2.12-2.0.6.jar.sha1
2025.10.16 21:28:09 INFO  BSP server: Downloaded https://repo.scala-lang.org/artifactory/maven-nightlies/ch/epfl/scala/scala-debug-adapter_2.12/4.2.8/scala-debug-adapter_2.12-4.2.8.jar.sha1
2025.10.16 21:28:09 INFO  BSP server: Downloading https://repo.scala-lang.org/artifactory/maven-nightlies/org/scala-sbt/zinc_2.12/1.10.8/zinc_2.12-1.10.8.jar.sha1
2025.10.16 21:28:09 INFO  BSP server: Downloaded https://repo.scala-lang.org/artifactory/maven-nightlies/org/scala-sbt/util-relation_2.12/1.10.7/util-relation_2.12-1.10.7.jar.sha1
2025.10.16 21:28:09 INFO  BSP server: Downloading https://repo.scala-lang.org/artifactory/maven-nightlies/com/chuusai/shapeless_2.12/2.3.3/shapeless_2.12-2.3.3.jar.sha1
2025.10.16 21:28:09 INFO  BSP server: Downloaded https://repo.scala-lang.org/artifactory/maven-nightlies/com/github/alexarchambault/case-app_2.12/2.0.6/case-app_2.12-2.0.6.jar.sha1
2025.10.16 21:28:09 INFO  BSP server: Downloading https://repo.scala-lang.org/artifactory/maven-nightlies/org/scala-lang/scala-compiler/2.12.20/scala-compiler-2.12.20.jar.sha1
2025.10.16 21:28:09 INFO  BSP server: Downloaded https://repo.scala-lang.org/artifactory/maven-nightlies/ch/epfl/scala/bloop-frontend_2.12/2.0.13/bloop-frontend_2.12-2.0.13.jar.sha1
2025.10.16 21:28:09 INFO  BSP server: Downloading https://repo.scala-lang.org/artifactory/maven-nightlies/com/typesafe/ssl-config-core_2.12/0.6.1/ssl-config-core_2.12-0.6.1.jar.sha1
2025.10.16 21:28:09 INFO  BSP server: Downloaded https://repo.scala-lang.org/artifactory/maven-nightlies/org/scala-sbt/launcher-interface/1.4.4/launcher-interface-1.4.4.jar.sha1
2025.10.16 21:28:09 INFO  BSP server: Downloading https://repo.scala-lang.org/artifactory/maven-nightlies/org/scala-sbt/util-cache_2.12/1.11.0/util-cache_2.12-1.11.0.jar.sha1
2025.10.16 21:28:09 INFO  BSP server: Downloaded https://repo.scala-lang.org/artifactory/maven-nightlies/com/chuusai/shapeless_2.12/2.3.3/shapeless_2.12-2.3.3.jar.sha1
2025.10.16 21:28:09 INFO  BSP server: Downloading https://repo.scala-lang.org/artifactory/maven-nightlies/org/scala-sbt/collections_2.12/1.11.0/collections_2.12-1.11.0.jar.sha1
2025.10.16 21:28:09 INFO  BSP server: Downloaded https://repo.scala-lang.org/artifactory/maven-nightlies/org/typelevel/macro-compat_2.12/1.1.1/macro-compat_2.12-1.1.1.jar.sha1
2025.10.16 21:28:09 INFO  BSP server: Downloading https://repo.scala-lang.org/artifactory/maven-nightlies/io/github/alexarchambault/bleep/jsonrpc4s_2.12/0.1.1/jsonrpc4s_2.12-0.1.1.jar.sha1
2025.10.16 21:28:09 INFO  BSP server: Downloaded https://repo.scala-lang.org/artifactory/maven-nightlies/com/typesafe/ssl-config-core_2.12/0.6.1/ssl-config-core_2.12-0.6.1.jar.sha1
2025.10.16 21:28:09 INFO  BSP server: Downloading https://repo.scala-lang.org/artifactory/maven-nightlies/io/get-coursier/util/directories/0.1.2/directories-0.1.2.jar.sha1
2025.10.16 21:28:09 INFO  BSP server: Downloaded https://repo.scala-lang.org/artifactory/maven-nightlies/org/scala-sbt/zinc_2.12/1.10.8/zinc_2.12-1.10.8.jar.sha1
2025.10.16 21:28:09 INFO  BSP server: Downloading https://repo.scala-lang.org/artifactory/maven-nightlies/org/scala-sbt/zinc-persist-core-assembly/1.10.8/zinc-persist-core-assembly-1.10.8.jar.sha1
2025.10.16 21:28:09 INFO  BSP server: Downloaded https://repo.scala-lang.org/artifactory/maven-nightlies/org/scala-sbt/collections_2.12/1.11.0/collections_2.12-1.11.0.jar.sha1
2025.10.16 21:28:09 INFO  BSP server: Downloading https://repo.scala-lang.org/artifactory/maven-nightlies/org/scalameta/common_2.12/4.13.8/common_2.12-4.13.8.jar.sha1
2025.10.16 21:28:09 INFO  BSP server: Downloaded https://repo.scala-lang.org/artifactory/maven-nightlies/org/scala-lang/scala-compiler/2.12.20/scala-compiler-2.12.20.jar.sha1
2025.10.16 21:28:09 INFO  BSP server: Downloading https://repo.scala-lang.org/artifactory/maven-nightlies/io/zipkin/reporter2/zipkin-reporter-brave/2.17.2/zipkin-reporter-brave-2.17.2.jar.sha1
2025.10.16 21:28:09 INFO  BSP server: Downloaded https://repo.scala-lang.org/artifactory/maven-nightlies/org/scala-sbt/zinc-persist-core-assembly/1.10.8/zinc-persist-core-assembly-1.10.8.jar.sha1
2025.10.16 21:28:09 INFO  BSP server: Downloading https://repo.scala-lang.org/artifactory/maven-nightlies/org/scalameta/parsers_2.12/4.13.8/parsers_2.12-4.13.8.jar.sha1
2025.10.16 21:28:09 INFO  BSP server: Downloaded https://repo.scala-lang.org/artifactory/maven-nightlies/io/get-coursier/util/directories/0.1.2/directories-0.1.2.jar.sha1
2025.10.16 21:28:09 INFO  BSP server: Downloading https://repo.scala-lang.org/artifactory/maven-nightlies/com/eed3si9n/sjson-new-scalajson_2.12/0.10.1/sjson-new-scalajson_2.12-0.10.1.jar.sha1
2025.10.16 21:28:09 INFO  BSP server: Downloaded https://repo.scala-lang.org/artifactory/maven-nightlies/io/zipkin/reporter2/zipkin-reporter-brave/2.17.2/zipkin-reporter-brave-2.17.2.jar.sha1
2025.10.16 21:28:09 INFO  BSP server: Downloading https://repo.scala-lang.org/artifactory/maven-nightlies/io/monix/monix-catnap_2.12/3.2.0/monix-catnap_2.12-3.2.0.jar.sha1
2025.10.16 21:28:09 INFO  BSP server: Downloaded https://repo.scala-lang.org/artifactory/maven-nightlies/org/scalameta/parsers_2.12/4.13.8/parsers_2.12-4.13.8.jar.sha1
2025.10.16 21:28:09 INFO  BSP server: Downloading https://repo.scala-lang.org/artifactory/maven-nightlies/org/scala-sbt/compiler-bridge_2.12/1.10.8/compiler-bridge_2.12-1.10.8.jar.sha1
2025.10.16 21:28:09 INFO  BSP server: Downloaded https://repo.scala-lang.org/artifactory/maven-nightlies/org/scala-sbt/util-cache_2.12/1.11.0/util-cache_2.12-1.11.0.jar.sha1
2025.10.16 21:28:09 INFO  BSP server: Downloading https://repo.scala-lang.org/artifactory/maven-nightlies/org/scala-sbt/librarymanagement-core_2.12/1.11.2/librarymanagement-core_2.12-1.11.2.jar.sha1
2025.10.16 21:28:09 INFO  BSP server: Downloaded https://repo.scala-lang.org/artifactory/maven-nightlies/org/scalameta/common_2.12/4.13.8/common_2.12-4.13.8.jar.sha1
2025.10.16 21:28:09 INFO  BSP server: Downloading https://repo.scala-lang.org/artifactory/maven-nightlies/io/get-coursier/util/directories-jni/0.1.2/directories-jni-0.1.2.jar.sha1
2025.10.16 21:28:09 INFO  BSP server: Downloaded https://repo.scala-lang.org/artifactory/maven-nightlies/org/scala-sbt/compiler-bridge_2.12/1.10.8/compiler-bridge_2.12-1.10.8.jar.sha1
2025.10.16 21:28:09 INFO  BSP server: Downloading https://repo.scala-lang.org/artifactory/maven-nightlies/ch/epfl/scala/libdaemon_2.12/0.0.12/libdaemon_2.12-0.0.12.jar.sha1
2025.10.16 21:28:09 INFO  BSP server: Downloaded https://repo.scala-lang.org/artifactory/maven-nightlies/io/get-coursier/util/directories-jni/0.1.2/directories-jni-0.1.2.jar.sha1
2025.10.16 21:28:09 INFO  BSP server: Downloading https://repo.scala-lang.org/artifactory/maven-nightlies/com/github/mwiede/jsch/0.2.23/jsch-0.2.23.jar.sha1
2025.10.16 21:28:09 INFO  BSP server: Downloaded https://repo.scala-lang.org/artifactory/maven-nightlies/org/scala-sbt/librarymanagement-core_2.12/1.11.2/librarymanagement-core_2.12-1.11.2.jar.sha1
2025.10.16 21:28:09 INFO  BSP server: Downloading https://repo.scala-lang.org/artifactory/maven-nightlies/com/google/errorprone/error_prone_annotations/2.38.0/error_prone_annotations-2.38.0.jar.sha1
2025.10.16 21:28:09 INFO  BSP server: Downloaded https://repo.scala-lang.org/artifactory/maven-nightlies/ch/epfl/scala/libdaemon_2.12/0.0.12/libdaemon_2.12-0.0.12.jar.sha1
2025.10.16 21:28:09 INFO  BSP server: Downloading https://repo.scala-lang.org/artifactory/maven-nightlies/org/apache/logging/log4j/log4j-api/2.23.0/log4j-api-2.23.0.jar.sha1
2025.10.16 21:28:09 INFO  BSP server: Downloaded https://repo.scala-lang.org/artifactory/maven-nightlies/com/eed3si9n/sjson-new-scalajson_2.12/0.10.1/sjson-new-scalajson_2.12-0.10.1.jar.sha1
2025.10.16 21:28:09 INFO  BSP server: Downloading https://repo.scala-lang.org/artifactory/maven-nightlies/ch/epfl/scala/directory-watcher/0.8.0+6-f651bd93/directory-watcher-0.8.0+6-f651bd93.jar.sha1
2025.10.16 21:28:09 INFO  BSP server: Downloaded https://repo.scala-lang.org/artifactory/maven-nightlies/com/google/errorprone/error_prone_annotations/2.38.0/error_prone_annotations-2.38.0.jar.sha1
2025.10.16 21:28:09 INFO  BSP server: Downloading https://repo.scala-lang.org/artifactory/maven-nightlies/io/monix/monix_2.12/3.2.0/monix_2.12-3.2.0.jar.sha1
2025.10.16 21:28:09 INFO  BSP server: Downloaded https://repo.scala-lang.org/artifactory/maven-nightlies/com/github/mwiede/jsch/0.2.23/jsch-0.2.23.jar.sha1
2025.10.16 21:28:09 INFO  BSP server: Downloaded https://repo.scala-lang.org/artifactory/maven-nightlies/io/github/alexarchambault/bleep/jsonrpc4s_2.12/0.1.1/jsonrpc4s_2.12-0.1.1.jar.sha1
2025.10.16 21:28:10 INFO  BSP server: Downloaded https://repo.scala-lang.org/artifactory/maven-nightlies/ch/epfl/scala/directory-watcher/0.8.0+6-f651bd93/directory-watcher-0.8.0+6-f651bd93.jar.sha1
2025.10.16 21:28:10 INFO  BSP server: Downloading https://repo.scala-lang.org/artifactory/maven-nightlies/com/eed3si9n/shaded-jawn-parser_2.12/1.3.2/shaded-jawn-parser_2.12-1.3.2.jar.sha1
2025.10.16 21:28:10 INFO  BSP server: Downloaded https://repo.scala-lang.org/artifactory/maven-nightlies/org/apache/logging/log4j/log4j-api/2.23.0/log4j-api-2.23.0.jar.sha1
2025.10.16 21:28:10 INFO  BSP server: Downloading https://repo.scala-lang.org/artifactory/maven-nightlies/org/scala-sbt/zinc-classfile_2.12/1.10.8/zinc-classfile_2.12-1.10.8.jar.sha1
2025.10.16 21:28:10 INFO  BSP server: Downloading https://repo.scala-lang.org/artifactory/maven-nightlies/org/typelevel/cats-kernel_2.12/2.1.1/cats-kernel_2.12-2.1.1.jar.sha1
2025.10.16 21:28:10 INFO  BSP server: Downloading https://repo.scala-lang.org/artifactory/maven-nightlies/org/apache/logging/log4j/log4j-core/2.23.0/log4j-core-2.23.0.jar.sha1
2025.10.16 21:28:10 INFO  BSP server: Downloaded https://repo.scala-lang.org/artifactory/maven-nightlies/io/monix/monix_2.12/3.2.0/monix_2.12-3.2.0.jar.sha1
2025.10.16 21:28:10 INFO  BSP server: Downloading https://repo.scala-lang.org/artifactory/maven-nightlies/com/eed3si9n/shaded-scalajson_2.12/1.0.0-M4/shaded-scalajson_2.12-1.0.0-M4.jar.sha1
2025.10.16 21:28:10 INFO  BSP server: Downloaded https://repo.scala-lang.org/artifactory/maven-nightlies/com/eed3si9n/shaded-jawn-parser_2.12/1.3.2/shaded-jawn-parser_2.12-1.3.2.jar.sha1
2025.10.16 21:28:10 INFO  BSP server: Downloaded https://repo.scala-lang.org/artifactory/maven-nightlies/org/apache/logging/log4j/log4j-core/2.23.0/log4j-core-2.23.0.jar.sha1
2025.10.16 21:28:10 INFO  BSP server: Downloaded https://repo.scala-lang.org/artifactory/maven-nightlies/org/typelevel/cats-kernel_2.12/2.1.1/cats-kernel_2.12-2.1.1.jar.sha1
2025.10.16 21:28:10 INFO  BSP server: Downloaded https://repo.scala-lang.org/artifactory/maven-nightlies/com/eed3si9n/shaded-scalajson_2.12/1.0.0-M4/shaded-scalajson_2.12-1.0.0-M4.jar.sha1
2025.10.16 21:28:10 INFO  BSP server: Downloaded https://repo.scala-lang.org/artifactory/maven-nightlies/org/scala-sbt/zinc-classfile_2.12/1.10.8/zinc-classfile_2.12-1.10.8.jar.sha1
2025.10.16 21:28:10 INFO  BSP server: Downloaded https://repo.scala-lang.org/artifactory/maven-nightlies/io/monix/monix-catnap_2.12/3.2.0/monix-catnap_2.12-3.2.0.jar.sha1
2025.10.16 21:28:10 INFO  BSP server: Starting compilation server
2025.10.16 21:28:12 INFO  BSP server: Downloading https://repo.scala-lang.org/artifactory/maven-nightlies/org/scala-lang/scala3-sbt-bridge/3.7.3/scala3-sbt-bridge-3.7.3.pom
2025.10.16 21:28:12 INFO  BSP server: Downloaded https://repo.scala-lang.org/artifactory/maven-nightlies/org/scala-lang/scala3-sbt-bridge/3.7.3/scala3-sbt-bridge-3.7.3.pom
2025.10.16 21:28:12 INFO  BSP server: Downloading https://repo.scala-lang.org/artifactory/maven-nightlies/org/scala-lang/scala3-sbt-bridge/3.7.3/scala3-sbt-bridge-3.7.3.jar
2025.10.16 21:28:12 INFO  BSP server: Downloaded https://repo.scala-lang.org/artifactory/maven-nightlies/org/scala-lang/scala3-sbt-bridge/3.7.3/scala3-sbt-bridge-3.7.3.jar
2025.10.16 21:28:12 INFO  BSP server: Downloading https://repo.scala-lang.org/artifactory/maven-nightlies/org/scala-lang/scala3-sbt-bridge/3.7.3/scala3-sbt-bridge-3.7.3.jar.sha1
2025.10.16 21:28:12 INFO  BSP server: Downloaded https://repo.scala-lang.org/artifactory/maven-nightlies/org/scala-lang/scala3-sbt-bridge/3.7.3/scala3-sbt-bridge-3.7.3.jar.sha1
2025.10.16 21:28:12 INFO  BSP server: Downloading https://repo1.maven.org/maven2/com/sourcegraph/semanticdb-javac/0.10.0/semanticdb-javac-0.10.0.pom
2025.10.16 21:28:12 INFO  BSP server: Downloaded https://repo1.maven.org/maven2/com/sourcegraph/semanticdb-javac/0.10.0/semanticdb-javac-0.10.0.pom
2025.10.16 21:28:12 INFO  BSP server: Downloading https://repo1.maven.org/maven2/com/sourcegraph/semanticdb-javac/0.10.0/semanticdb-javac-0.10.0.jar
2025.10.16 21:28:13 INFO  BSP server: Downloaded https://repo1.maven.org/maven2/com/sourcegraph/semanticdb-javac/0.10.0/semanticdb-javac-0.10.0.jar
2025.10.16 21:28:14 INFO  time: Connected to build server in 1m57s
2025.10.16 21:28:14 INFO  Connected to Build server: scala-cli v1.9.1
2025.10.16 21:28:14 INFO  Created report: Optional.empty
2025.10.16 21:28:14 INFO  Empty build targets. Expected at least one build target identifier. (full report at: "C:\Users\justi\OneDrive\Desktop\Semester 3\.metals\.reports\bloop\2025-10-16\r_Empty build targets...._21-28-14-151.md")
2025.10.16 21:28:14 INFO  Empty build targets. Expected at least one build target identifier. (full report at: "C:\Users\justi\OneDrive\Desktop\Semester 3\.metals\.reports\bloop\2025-10-16\r_Empty build targets...._21-28-14-151.md")
2025.10.16 21:28:14 INFO  Empty build targets. Expected at least one build target identifier. (full report at: "C:\Users\justi\OneDrive\Desktop\Semester 3\.metals\.reports\bloop\2025-10-16\r_Empty build targets...._21-28-14-151.md")
2025.10.16 21:28:14 INFO  Empty build targets. Expected at least one build target identifier. (full report at: "C:\Users\justi\OneDrive\Desktop\Semester 3\.metals\.reports\bloop\2025-10-16\r_Empty build targets...._21-28-14-151.md")
2025.10.16 21:28:14 INFO  time: Imported build in 0.18s
2025.10.16 21:28:14 INFO  compiling semester 3_d5c0a6989e (1 scala source)
2025.10.16 21:28:15 WARN  Using H2 2.4.240 which is newer than the version Flyway has been verified with. The latest verified version of H2 is 2.3.232.
2025.10.16 21:28:22 INFO  time: indexed workspace in 8.75s
2025.10.16 21:28:22 WARN  no build target for: C:\Users\justi\OneDrive\Desktop\Semester 3\4. Software Engeneering\getting_started\introduction_to_scala.scala
2025.10.16 21:28:22 INFO  no build target found for C:\Users\justi\OneDrive\Desktop\Semester 3\4. Software Engeneering\getting_started\introduction_to_scala.scala. Using presentation compiler with project's scala-library version: 3.3.6
2025.10.16 21:28:22 INFO  no build target found for C:\Users\justi\OneDrive\Desktop\Semester 3\4. Software Engeneering\getting_started\introduction_to_scala.scala. Using presentation compiler with project's scala-library version: 3.3.6
2025.10.16 21:28:22 WARN  no build target for: C:\Users\justi\OneDrive\Desktop\Semester 3\4. Software Engeneering\getting_started\introduction_to_scala.scala
2025.10.16 21:28:24 INFO  no build target found for C:\Users\justi\OneDrive\Desktop\Semester 3\4. Software Engeneering\getting_started\introduction_to_scala.scala. Using presentation compiler with project's scala-library version: 3.3.6
2025.10.16 21:44:16 INFO  Shutting down server
2025.10.16 21:44:16 INFO  shutting down Metals
2025.10.16 21:44:16 INFO  Shut down connection with build server.
2025.10.16 21:44:16 INFO  Exiting server
2025.10.20 09:37:03 INFO  Started: Metals version 1.6.3 in folders 'C:\Users\justi\OneDrive\Desktop\Semester 3' for client Visual Studio Code 1.105.1.
2025.10.20 09:37:03 WARN  Using H2 2.4.240 which is newer than the version Flyway has been verified with. The latest verified version of H2 is 2.3.232.
Okt. 20, 2025 9:37:04 AM org.eclipse.lsp4j.jsonrpc.RemoteEndpoint handleNotification
WARNUNG: Notification threw an exception: {
  "jsonrpc": "2.0",
  "method": "textDocument/didOpen",
  "params": {
    "textDocument": {
      "uri": "file:///c%3A/Users/justi/OneDrive/Desktop/Semester%203/4.%20Software%20Engeneering/getting_started/introduction_to_scala.scala",
      "languageId": "scala",
      "version": 1,
      "text": "package getting_started\r\n\r\n// Scala version: 3.7.3\r\n"
    }
  }
}
java.lang.IllegalStateException: An unexpected exception occurred while executing jsonrpc method public abstract java.util.concurrent.CompletableFuture scala.meta.metals.lsp.TextDocumentService.didOpen(org.eclipse.lsp4j.DidOpenTextDocumentParams)
	at org.eclipse.lsp4j.jsonrpc.services.GenericEndpoint.lambda$recursiveFindRpcMethods$0(GenericEndpoint.java:73)
	at org.eclipse.lsp4j.jsonrpc.services.GenericEndpoint.notify(GenericEndpoint.java:160)
	at org.eclipse.lsp4j.jsonrpc.RemoteEndpoint.handleNotification(RemoteEndpoint.java:231)
	at org.eclipse.lsp4j.jsonrpc.RemoteEndpoint.consume(RemoteEndpoint.java:198)
	at org.eclipse.lsp4j.jsonrpc.json.StreamMessageProducer.handleMessage(StreamMessageProducer.java:185)
	at org.eclipse.lsp4j.jsonrpc.json.StreamMessageProducer.listen(StreamMessageProducer.java:97)
	at org.eclipse.lsp4j.jsonrpc.json.ConcurrentMessageProcessor.run(ConcurrentMessageProcessor.java:114)
	at java.base/java.util.concurrent.Executors$RunnableAdapter.call(Executors.java:572)
	at java.base/java.util.concurrent.FutureTask.run(FutureTask.java:317)
	at java.base/java.util.concurrent.ThreadPoolExecutor.runWorker(ThreadPoolExecutor.java:1144)
	at java.base/java.util.concurrent.ThreadPoolExecutor$Worker.run(ThreadPoolExecutor.java:642)
	at java.base/java.lang.Thread.run(Thread.java:1575)
Caused by: java.nio.file.NoSuchFileException: c:\Users\justi\OneDrive\Desktop\Semester 3\4. Software Engeneering\getting_started\introduction_to_scala.scala
	at java.base/sun.nio.fs.WindowsException.translateToIOException(WindowsException.java:85)
	at java.base/sun.nio.fs.WindowsException.rethrowAsIOException(WindowsException.java:103)
	at java.base/sun.nio.fs.WindowsException.rethrowAsIOException(WindowsException.java:108)
	at java.base/sun.nio.fs.WindowsFileSystemProvider.newByteChannel(WindowsFileSystemProvider.java:234)
	at java.base/java.nio.file.Files.newByteChannel(Files.java:380)
	at java.base/java.nio.file.Files.newByteChannel(Files.java:432)
	at java.base/java.nio.file.Files.readAllBytes(Files.java:3292)
	at scala.meta.internal.io.PlatformFileIO$.slurp(PlatformFileIO.scala:42)
	at scala.meta.internal.io.FileIO$.slurp(FileIO.scala:18)
	at scala.meta.internal.metals.MetalsLspService.didOpen(MetalsLspService.scala:745)
	at scala.meta.internal.metals.WorkspaceLspService.didOpen(WorkspaceLspService.scala:469)
	at scala.meta.metals.lsp.DelegatingScalaService.didOpen(DelegatingScalaService.scala:38)
	at java.base/jdk.internal.reflect.DirectMethodHandleAccessor.invoke(DirectMethodHandleAccessor.java:103)
	at java.base/java.lang.reflect.Method.invoke(Method.java:580)
	at org.eclipse.lsp4j.jsonrpc.services.GenericEndpoint.lambda$recursiveFindRpcMethods$0(GenericEndpoint.java:65)
	... 11 more

Okt. 20, 2025 9:37:04 AM org.eclipse.lsp4j.jsonrpc.RemoteEndpoint fallbackResponseError
SCHWERWIEGEND: Internal error: java.util.NoSuchElementException: BatchedFunction
java.util.concurrent.CompletionException: java.util.NoSuchElementException: BatchedFunction
	at java.base/java.util.concurrent.CompletableFuture.wrapInCompletionException(CompletableFuture.java:323)
	at java.base/java.util.concurrent.CompletableFuture.encodeThrowable(CompletableFuture.java:376)
	at java.base/java.util.concurrent.CompletableFuture.completeThrowable(CompletableFuture.java:391)
	at java.base/java.util.concurrent.CompletableFuture$UniAccept.tryFire(CompletableFuture.java:752)
	at java.base/java.util.concurrent.CompletableFuture.postComplete(CompletableFuture.java:554)
	at java.base/java.util.concurrent.CompletableFuture.completeExceptionally(CompletableFuture.java:2238)
	at scala.meta.internal.metals.CancelTokens$.$anonfun$future$1(CancelTokens.scala:40)
	at scala.meta.internal.metals.CancelTokens$.$anonfun$future$1$adapted(CancelTokens.scala:38)
	at scala.concurrent.impl.Promise$Transformation.run(Promise.scala:517)
	at java.base/java.util.concurrent.ThreadPoolExecutor.runWorker(ThreadPoolExecutor.java:1144)
	at java.base/java.util.concurrent.ThreadPoolExecutor$Worker.run(ThreadPoolExecutor.java:642)
	at java.base/java.lang.Thread.run(Thread.java:1575)
Caused by: java.util.NoSuchElementException: BatchedFunction
	at scala.meta.internal.metals.BatchedFunction.<init>(BatchedFunction.scala:96)
	at scala.meta.internal.metals.MetalsLspService.<init>(MetalsLspService.scala:237)
	at scala.meta.internal.metals.ProjectMetalsLspService.<init>(ProjectMetalsLspService.scala:81)
	at scala.meta.internal.metals.WorkspaceLspService.createService(WorkspaceLspService.scala:258)
	at scala.meta.internal.metals.WorkspaceLspService.$anonfun$workspaceFolders$1(WorkspaceLspService.scala:265)
	at scala.collection.immutable.List.map(List.scala:236)
	at scala.meta.internal.metals.WorkspaceFolders.initServices(WorkspaceFolders.scala:43)
	at scala.meta.internal.metals.WorkspaceFolders.<init>(WorkspaceFolders.scala:22)
	at scala.meta.internal.metals.WorkspaceLspService.<init>(WorkspaceLspService.scala:263)
	at scala.meta.metals.MetalsLanguageServer.createService(MetalsLanguageServer.scala:219)
	at scala.meta.metals.MetalsLanguageServer.initialize(MetalsLanguageServer.scala:160)
	at java.base/jdk.internal.reflect.DirectMethodHandleAccessor.invoke(DirectMethodHandleAccessor.java:103)
	at java.base/java.lang.reflect.Method.invoke(Method.java:580)
	at org.eclipse.lsp4j.jsonrpc.services.GenericEndpoint.lambda$recursiveFindRpcMethods$0(GenericEndpoint.java:65)
	at org.eclipse.lsp4j.jsonrpc.services.GenericEndpoint.request(GenericEndpoint.java:128)
	at org.eclipse.lsp4j.jsonrpc.RemoteEndpoint.handleRequest(RemoteEndpoint.java:271)
	at org.eclipse.lsp4j.jsonrpc.RemoteEndpoint.consume(RemoteEndpoint.java:201)
	at org.eclipse.lsp4j.jsonrpc.json.StreamMessageProducer.handleMessage(StreamMessageProducer.java:185)
	at org.eclipse.lsp4j.jsonrpc.json.StreamMessageProducer.listen(StreamMessageProducer.java:97)
	at org.eclipse.lsp4j.jsonrpc.json.ConcurrentMessageProcessor.run(ConcurrentMessageProcessor.java:114)
	at java.base/java.util.concurrent.Executors$RunnableAdapter.call(Executors.java:572)
	at java.base/java.util.concurrent.FutureTask.run(FutureTask.java:317)
	... 3 more

Okt. 20, 2025 9:37:04 AM org.eclipse.lsp4j.jsonrpc.RemoteEndpoint fallbackResponseError
SCHWERWIEGEND: Internal error: java.util.NoSuchElementException: BatchedFunction
java.util.concurrent.CompletionException: java.util.NoSuchElementException: BatchedFunction
	at java.base/java.util.concurrent.CompletableFuture.wrapInCompletionException(CompletableFuture.java:323)
	at java.base/java.util.concurrent.CompletableFuture.encodeThrowable(CompletableFuture.java:376)
	at java.base/java.util.concurrent.CompletableFuture.completeThrowable(CompletableFuture.java:391)
	at java.base/java.util.concurrent.CompletableFuture$UniAccept.tryFire(CompletableFuture.java:752)
	at java.base/java.util.concurrent.CompletableFuture.postComplete(CompletableFuture.java:554)
	at java.base/java.util.concurrent.CompletableFuture.completeExceptionally(CompletableFuture.java:2238)
	at scala.meta.internal.metals.CancelTokens$.$anonfun$future$1(CancelTokens.scala:40)
	at scala.meta.internal.metals.CancelTokens$.$anonfun$future$1$adapted(CancelTokens.scala:38)
	at scala.concurrent.impl.Promise$Transformation.run(Promise.scala:517)
	at java.base/java.util.concurrent.ThreadPoolExecutor.runWorker(ThreadPoolExecutor.java:1144)
	at java.base/java.util.concurrent.ThreadPoolExecutor$Worker.run(ThreadPoolExecutor.java:642)
	at java.base/java.lang.Thread.run(Thread.java:1575)
Caused by: java.util.NoSuchElementException: BatchedFunction
	at scala.meta.internal.metals.BatchedFunction.<init>(BatchedFunction.scala:96)
	at scala.meta.internal.metals.MetalsLspService.<init>(MetalsLspService.scala:237)
	at scala.meta.internal.metals.ProjectMetalsLspService.<init>(ProjectMetalsLspService.scala:81)
	at scala.meta.internal.metals.WorkspaceLspService.createService(WorkspaceLspService.scala:258)
	at scala.meta.internal.metals.WorkspaceLspService.$anonfun$workspaceFolders$1(WorkspaceLspService.scala:265)
	at scala.collection.immutable.List.map(List.scala:236)
	at scala.meta.internal.metals.WorkspaceFolders.initServices(WorkspaceFolders.scala:43)
	at scala.meta.internal.metals.WorkspaceFolders.<init>(WorkspaceFolders.scala:22)
	at scala.meta.internal.metals.WorkspaceLspService.<init>(WorkspaceLspService.scala:263)
	at scala.meta.metals.MetalsLanguageServer.createService(MetalsLanguageServer.scala:219)
	at scala.meta.metals.MetalsLanguageServer.initialize(MetalsLanguageServer.scala:160)
	at java.base/jdk.internal.reflect.DirectMethodHandleAccessor.invoke(DirectMethodHandleAccessor.java:103)
	at java.base/java.lang.reflect.Method.invoke(Method.java:580)
	at org.eclipse.lsp4j.jsonrpc.services.GenericEndpoint.lambda$recursiveFindRpcMethods$0(GenericEndpoint.java:65)
	at org.eclipse.lsp4j.jsonrpc.services.GenericEndpoint.request(GenericEndpoint.java:128)
	at org.eclipse.lsp4j.jsonrpc.RemoteEndpoint.handleRequest(RemoteEndpoint.java:271)
	at org.eclipse.lsp4j.jsonrpc.RemoteEndpoint.consume(RemoteEndpoint.java:201)
	at org.eclipse.lsp4j.jsonrpc.json.StreamMessageProducer.handleMessage(StreamMessageProducer.java:185)
	at org.eclipse.lsp4j.jsonrpc.json.StreamMessageProducer.listen(StreamMessageProducer.java:97)
	at org.eclipse.lsp4j.jsonrpc.json.ConcurrentMessageProcessor.run(ConcurrentMessageProcessor.java:114)
	at java.base/java.util.concurrent.Executors$RunnableAdapter.call(Executors.java:572)
	at java.base/java.util.concurrent.FutureTask.run(FutureTask.java:317)
	... 3 more

2025.10.20 09:37:04 INFO  no build target found for c:\Users\justi\OneDrive\Desktop\Semester 3\4. Software Engeneering\getting_started\introduction_to_scala.scala. Using presentation compiler with project's scala-library version: 3.3.6
2025.10.20 09:37:04 INFO  Attempting to connect to the build server...
2025.10.20 09:37:04 INFO  Running BSP server List(C:\Users\justi\AppData\Local\Coursier\data\bin\.scala-cli.aux.exe, bsp, --json-options, C:\Users\justi\OneDrive\Desktop\Semester 3\.scala-build\ide-options-v2.json, --json-launcher-options, C:\Users\justi\OneDrive\Desktop\Semester 3\.scala-build\ide-launcher-options.json, --envs-file, C:\Users\justi\OneDrive\Desktop\Semester 3\.scala-build\ide-envs.json, C:\Users\justi\OneDrive\Desktop\Semester 3)
2025.10.20 09:37:04 INFO  tracing is disabled for protocol BSP, to enable tracing of incoming and outgoing JSON messages create an empty file at C:\Users\justi\OneDrive\Desktop\Semester 3\.metals\bsp.trace.json or C:\Users\justi\AppData\Local\scalameta\metals\cache\bsp.trace.json
2025.10.20 09:37:06 INFO  BSP server: Starting compilation server
Okt. 20, 2025 9:37:07 AM org.eclipse.lsp4j.jsonrpc.RemoteEndpoint fallbackResponseError
SCHWERWIEGEND: Internal error: java.nio.file.NoSuchFileException: c:\Users\justi\OneDrive\Desktop\Semester 3\4. Software Engeneering\getting_started\introduction_to_scala.scala
java.util.concurrent.CompletionException: java.nio.file.NoSuchFileException: c:\Users\justi\OneDrive\Desktop\Semester 3\4. Software Engeneering\getting_started\introduction_to_scala.scala
	at java.base/java.util.concurrent.CompletableFuture.wrapInCompletionException(CompletableFuture.java:323)
	at java.base/java.util.concurrent.CompletableFuture.encodeThrowable(CompletableFuture.java:376)
	at java.base/java.util.concurrent.CompletableFuture.completeThrowable(CompletableFuture.java:391)
	at java.base/java.util.concurrent.CompletableFuture$UniAccept.tryFire(CompletableFuture.java:752)
	at java.base/java.util.concurrent.CompletableFuture.postComplete(CompletableFuture.java:554)
	at java.base/java.util.concurrent.CompletableFuture.completeExceptionally(CompletableFuture.java:2238)
	at scala.meta.internal.metals.CancelTokens$.$anonfun$future$1(CancelTokens.scala:40)
	at scala.meta.internal.metals.CancelTokens$.$anonfun$future$1$adapted(CancelTokens.scala:38)
	at scala.concurrent.impl.Promise$Transformation.run(Promise.scala:517)
	at java.base/java.util.concurrent.ThreadPoolExecutor.runWorker(ThreadPoolExecutor.java:1144)
	at java.base/java.util.concurrent.ThreadPoolExecutor$Worker.run(ThreadPoolExecutor.java:642)
	at java.base/java.lang.Thread.run(Thread.java:1575)
Caused by: java.nio.file.NoSuchFileException: c:\Users\justi\OneDrive\Desktop\Semester 3\4. Software Engeneering\getting_started\introduction_to_scala.scala
	at java.base/sun.nio.fs.WindowsException.translateToIOException(WindowsException.java:85)
	at java.base/sun.nio.fs.WindowsException.rethrowAsIOException(WindowsException.java:103)
	at java.base/sun.nio.fs.WindowsException.rethrowAsIOException(WindowsException.java:108)
	at java.base/sun.nio.fs.WindowsFileSystemProvider.newByteChannel(WindowsFileSystemProvider.java:234)
	at java.base/java.nio.file.Files.newByteChannel(Files.java:380)
	at java.base/java.nio.file.Files.newByteChannel(Files.java:432)
	at java.base/java.nio.file.Files.readAllBytes(Files.java:3292)
	at scala.meta.internal.io.PlatformFileIO$.slurp(PlatformFileIO.scala:42)
	at scala.meta.internal.io.FileIO$.slurp(FileIO.scala:18)
	at scala.meta.internal.mtags.ScalametaCommonEnrichments$XtensionAbsolutePath.toInput(ScalametaCommonEnrichments.scala:509)
	at scala.meta.internal.metals.MetalsEnrichments$XtensionAbsolutePathBuffers.toInputFromBuffers(MetalsEnrichments.scala:641)
	at scala.meta.internal.metals.SourceMapper.input$1(SourceMapper.scala:30)
	at scala.meta.internal.metals.SourceMapper.$anonfun$pcMapping$2(SourceMapper.scala:35)
	at scala.Option.getOrElse(Option.scala:201)
	at scala.meta.internal.metals.SourceMapper.default$1(SourceMapper.scala:35)
	at scala.meta.internal.metals.SourceMapper.$anonfun$pcMapping$5(SourceMapper.scala:52)
	at scala.Option.getOrElse(Option.scala:201)
	at scala.meta.internal.metals.SourceMapper.pcMapping(SourceMapper.scala:52)
	at scala.meta.internal.metals.Compilers.sourceAdjustments(Compilers.scala:1571)
	at scala.meta.internal.metals.Compilers.$anonfun$semanticTokens$2(Compilers.scala:474)
	at scala.Option.map(Option.scala:242)
	at scala.meta.internal.metals.Compilers.semanticTokens(Compilers.scala:470)
	at scala.meta.internal.metals.MetalsLspService.$anonfun$semanticTokensFull$2(MetalsLspService.scala:1121)
	at scala.concurrent.impl.Promise$Transformation.run(Promise.scala:503)
	... 3 more

2025.10.20 09:37:12 INFO  time: Connected to build server in 7.47s
2025.10.20 09:37:12 INFO  Connected to Build server: scala-cli v1.9.1
2025.10.20 09:37:12 INFO  Empty build targets. Expected at least one build target identifier. (full report at: "C:\Users\justi\OneDrive\Desktop\Semester 3\.metals\.reports\bloop\2025-10-16\r_Empty build targets...._21-28-14-151.md")
2025.10.20 09:37:12 INFO  Empty build targets. Expected at least one build target identifier. (full report at: "C:\Users\justi\OneDrive\Desktop\Semester 3\.metals\.reports\bloop\2025-10-16\r_Empty build targets...._21-28-14-151.md")
2025.10.20 09:37:12 INFO  Empty build targets. Expected at least one build target identifier. (full report at: "C:\Users\justi\OneDrive\Desktop\Semester 3\.metals\.reports\bloop\2025-10-16\r_Empty build targets...._21-28-14-151.md")
2025.10.20 09:37:12 INFO  Empty build targets. Expected at least one build target identifier. (full report at: "C:\Users\justi\OneDrive\Desktop\Semester 3\.metals\.reports\bloop\2025-10-16\r_Empty build targets...._21-28-14-151.md")
2025.10.20 09:37:12 INFO  compiling semester 3_d5c0a6989e (6 scala sources)
2025.10.20 09:37:15 WARN  Invalid text document uri received from build server: file:///C:/Users/justi/OneDrive/Desktop/Semester%203/4.%20Software%20Engeneering/getting_started/introduction_to_scala.scala
2025.10.20 09:37:15 INFO  compiling semester 3_d5c0a6989e (6 scala sources)
2025.10.20 09:37:17 WARN  Using H2 2.4.240 which is newer than the version Flyway has been verified with. The latest verified version of H2 is 2.3.232.
2025.10.20 09:37:17 INFO  time: indexed workspace in 5.37s
Okt. 20, 2025 9:37:18 AM org.eclipse.lsp4j.jsonrpc.services.GenericEndpoint notify
INFORMATION: Unsupported notification method: $/setTrace
Okt. 20, 2025 9:37:19 AM org.eclipse.lsp4j.jsonrpc.services.GenericEndpoint notify
INFORMATION: Unsupported notification method: $/setTrace
2025.10.20 09:37:41 WARN  no build target for: c:\Users\justi\OneDrive\Desktop\Semester 3\4. Software Engeneering\getting_started\introduction_to_scala.scala
2025.10.20 09:37:41 INFO  no build target found for c:\Users\justi\OneDrive\Desktop\Semester 3\4. Software Engeneering\getting_started\introduction_to_scala.scala. Using presentation compiler with project's scala-library version: 3.3.6
2025.10.20 09:37:41 INFO  no build target found for c:\Users\justi\OneDrive\Desktop\Semester 3\4. Software Engeneering\getting_started\introduction_to_scala.scala. Using presentation compiler with project's scala-library version: 3.3.6
Okt. 20, 2025 9:37:41 AM org.eclipse.lsp4j.jsonrpc.RemoteEndpoint fallbackResponseError
SCHWERWIEGEND: Internal error: java.nio.file.NoSuchFileException: c:\Users\justi\OneDrive\Desktop\Semester 3\4. Software Engeneering\getting_started\introduction_to_scala.scala
java.util.concurrent.CompletionException: java.nio.file.NoSuchFileException: c:\Users\justi\OneDrive\Desktop\Semester 3\4. Software Engeneering\getting_started\introduction_to_scala.scala
	at java.base/java.util.concurrent.CompletableFuture.wrapInCompletionException(CompletableFuture.java:323)
	at java.base/java.util.concurrent.CompletableFuture.encodeThrowable(CompletableFuture.java:376)
	at java.base/java.util.concurrent.CompletableFuture.completeThrowable(CompletableFuture.java:391)
	at java.base/java.util.concurrent.CompletableFuture$UniAccept.tryFire(CompletableFuture.java:752)
	at java.base/java.util.concurrent.CompletableFuture.postComplete(CompletableFuture.java:554)
	at java.base/java.util.concurrent.CompletableFuture.completeExceptionally(CompletableFuture.java:2238)
	at scala.meta.internal.metals.CancelTokens$.$anonfun$future$1(CancelTokens.scala:40)
	at scala.meta.internal.metals.CancelTokens$.$anonfun$future$1$adapted(CancelTokens.scala:38)
	at scala.concurrent.impl.Promise$Transformation.run(Promise.scala:517)
	at java.base/java.util.concurrent.ThreadPoolExecutor.runWorker(ThreadPoolExecutor.java:1144)
	at java.base/java.util.concurrent.ThreadPoolExecutor$Worker.run(ThreadPoolExecutor.java:642)
	at java.base/java.lang.Thread.run(Thread.java:1575)
Caused by: java.nio.file.NoSuchFileException: c:\Users\justi\OneDrive\Desktop\Semester 3\4. Software Engeneering\getting_started\introduction_to_scala.scala
	at java.base/sun.nio.fs.WindowsException.translateToIOException(WindowsException.java:85)
	at java.base/sun.nio.fs.WindowsException.rethrowAsIOException(WindowsException.java:103)
	at java.base/sun.nio.fs.WindowsException.rethrowAsIOException(WindowsException.java:108)
	at java.base/sun.nio.fs.WindowsFileSystemProvider.newByteChannel(WindowsFileSystemProvider.java:234)
	at java.base/java.nio.file.Files.newByteChannel(Files.java:380)
	at java.base/java.nio.file.Files.newByteChannel(Files.java:432)
	at java.base/java.nio.file.Files.readAllBytes(Files.java:3292)
	at scala.meta.internal.io.PlatformFileIO$.slurp(PlatformFileIO.scala:42)
	at scala.meta.internal.io.FileIO$.slurp(FileIO.scala:18)
	at scala.meta.internal.mtags.ScalametaCommonEnrichments$XtensionAbsolutePath.toInput(ScalametaCommonEnrichments.scala:509)
	at scala.meta.internal.metals.MetalsEnrichments$XtensionAbsolutePathBuffers.toInputFromBuffers(MetalsEnrichments.scala:641)
	at scala.meta.internal.metals.SourceMapper.input$1(SourceMapper.scala:30)
	at scala.meta.internal.metals.SourceMapper.$anonfun$pcMapping$2(SourceMapper.scala:35)
	at scala.Option.getOrElse(Option.scala:201)
	at scala.meta.internal.metals.SourceMapper.default$1(SourceMapper.scala:35)
	at scala.meta.internal.metals.SourceMapper.$anonfun$pcMapping$5(SourceMapper.scala:52)
	at scala.Option.getOrElse(Option.scala:201)
	at scala.meta.internal.metals.SourceMapper.pcMapping(SourceMapper.scala:52)
	at scala.meta.internal.metals.Compilers.sourceAdjustments(Compilers.scala:1571)
	at scala.meta.internal.metals.Compilers.$anonfun$semanticTokens$2(Compilers.scala:474)
	at scala.Option.map(Option.scala:242)
	at scala.meta.internal.metals.Compilers.semanticTokens(Compilers.scala:470)
	at scala.meta.internal.metals.MetalsLspService.$anonfun$semanticTokensFull$2(MetalsLspService.scala:1121)
	at scala.concurrent.impl.Promise$Transformation.run(Promise.scala:503)
	... 3 more

2025.10.20 09:37:41 WARN  no build target for: c:\Users\justi\OneDrive\Desktop\Semester 3\4. Software Engeneering\getting_started\introduction_to_scala.scala
2025.10.20 09:37:41 INFO  no build target found for c:\Users\justi\OneDrive\Desktop\Semester 3\4. Software Engeneering\getting_started\introduction_to_scala.scala. Using presentation compiler with project's scala-library version: 3.3.6
Okt. 20, 2025 9:37:41 AM org.eclipse.lsp4j.jsonrpc.RemoteEndpoint fallbackResponseError
SCHWERWIEGEND: Internal error: java.nio.file.NoSuchFileException: c:\Users\justi\OneDrive\Desktop\Semester 3\4. Software Engeneering\getting_started\introduction_to_scala.scala
java.util.concurrent.CompletionException: java.nio.file.NoSuchFileException: c:\Users\justi\OneDrive\Desktop\Semester 3\4. Software Engeneering\getting_started\introduction_to_scala.scala
	at java.base/java.util.concurrent.CompletableFuture.wrapInCompletionException(CompletableFuture.java:323)
	at java.base/java.util.concurrent.CompletableFuture.encodeThrowable(CompletableFuture.java:376)
	at java.base/java.util.concurrent.CompletableFuture.completeThrowable(CompletableFuture.java:391)
	at java.base/java.util.concurrent.CompletableFuture$UniAccept.tryFire(CompletableFuture.java:752)
	at java.base/java.util.concurrent.CompletableFuture.postComplete(CompletableFuture.java:554)
	at java.base/java.util.concurrent.CompletableFuture.completeExceptionally(CompletableFuture.java:2238)
	at scala.meta.internal.metals.CancelTokens$.$anonfun$future$1(CancelTokens.scala:40)
	at scala.meta.internal.metals.CancelTokens$.$anonfun$future$1$adapted(CancelTokens.scala:38)
	at scala.concurrent.impl.Promise$Transformation.run(Promise.scala:517)
	at java.base/java.util.concurrent.ThreadPoolExecutor.runWorker(ThreadPoolExecutor.java:1144)
	at java.base/java.util.concurrent.ThreadPoolExecutor$Worker.run(ThreadPoolExecutor.java:642)
	at java.base/java.lang.Thread.run(Thread.java:1575)
Caused by: java.nio.file.NoSuchFileException: c:\Users\justi\OneDrive\Desktop\Semester 3\4. Software Engeneering\getting_started\introduction_to_scala.scala
	at java.base/sun.nio.fs.WindowsException.translateToIOException(WindowsException.java:85)
	at java.base/sun.nio.fs.WindowsException.rethrowAsIOException(WindowsException.java:103)
	at java.base/sun.nio.fs.WindowsException.rethrowAsIOException(WindowsException.java:108)
	at java.base/sun.nio.fs.WindowsFileSystemProvider.newByteChannel(WindowsFileSystemProvider.java:234)
	at java.base/java.nio.file.Files.newByteChannel(Files.java:380)
	at java.base/java.nio.file.Files.newByteChannel(Files.java:432)
	at java.base/java.nio.file.Files.readAllBytes(Files.java:3292)
	at scala.meta.internal.io.PlatformFileIO$.slurp(PlatformFileIO.scala:42)
	at scala.meta.internal.io.FileIO$.slurp(FileIO.scala:18)
	at scala.meta.internal.mtags.ScalametaCommonEnrichments$XtensionAbsolutePath.toInput(ScalametaCommonEnrichments.scala:509)
	at scala.meta.internal.metals.MetalsEnrichments$XtensionAbsolutePathBuffers.toInputFromBuffers(MetalsEnrichments.scala:641)
	at scala.meta.internal.metals.SourceMapper.input$1(SourceMapper.scala:30)
	at scala.meta.internal.metals.SourceMapper.$anonfun$pcMapping$2(SourceMapper.scala:35)
	at scala.Option.getOrElse(Option.scala:201)
	at scala.meta.internal.metals.SourceMapper.default$1(SourceMapper.scala:35)
	at scala.meta.internal.metals.SourceMapper.$anonfun$pcMapping$5(SourceMapper.scala:52)
	at scala.Option.getOrElse(Option.scala:201)
	at scala.meta.internal.metals.SourceMapper.pcMapping(SourceMapper.scala:52)
	at scala.meta.internal.metals.Compilers.sourceAdjustments(Compilers.scala:1571)
	at scala.meta.internal.metals.Compilers.$anonfun$semanticTokens$2(Compilers.scala:474)
	at scala.Option.map(Option.scala:242)
	at scala.meta.internal.metals.Compilers.semanticTokens(Compilers.scala:470)
	at scala.meta.internal.metals.MetalsLspService.$anonfun$semanticTokensFull$2(MetalsLspService.scala:1121)
	at scala.concurrent.impl.Promise$Transformation.run(Promise.scala:503)
	... 3 more

Okt. 20, 2025 9:37:42 AM org.eclipse.lsp4j.jsonrpc.RemoteEndpoint fallbackResponseError
SCHWERWIEGEND: Internal error: java.util.NoSuchElementException: BatchedFunction
java.util.concurrent.CompletionException: java.util.NoSuchElementException: BatchedFunction
	at java.base/java.util.concurrent.CompletableFuture.wrapInCompletionException(CompletableFuture.java:323)
	at java.base/java.util.concurrent.CompletableFuture.encodeThrowable(CompletableFuture.java:376)
	at java.base/java.util.concurrent.CompletableFuture.completeThrowable(CompletableFuture.java:391)
	at java.base/java.util.concurrent.CompletableFuture$UniAccept.tryFire(CompletableFuture.java:752)
	at java.base/java.util.concurrent.CompletableFuture.postComplete(CompletableFuture.java:554)
	at java.base/java.util.concurrent.CompletableFuture.completeExceptionally(CompletableFuture.java:2238)
	at scala.meta.internal.metals.CancelTokens$.$anonfun$future$1(CancelTokens.scala:40)
	at scala.meta.internal.metals.CancelTokens$.$anonfun$future$1$adapted(CancelTokens.scala:38)
	at scala.concurrent.impl.Promise$Transformation.run(Promise.scala:517)
	at java.base/java.util.concurrent.ThreadPoolExecutor.runWorker(ThreadPoolExecutor.java:1144)
	at java.base/java.util.concurrent.ThreadPoolExecutor$Worker.run(ThreadPoolExecutor.java:642)
	at java.base/java.lang.Thread.run(Thread.java:1575)
Caused by: java.util.NoSuchElementException: BatchedFunction
	at scala.meta.internal.metals.BatchedFunction.<init>(BatchedFunction.scala:96)
	at scala.meta.internal.metals.MetalsLspService.<init>(MetalsLspService.scala:237)
	at scala.meta.internal.metals.ProjectMetalsLspService.<init>(ProjectMetalsLspService.scala:81)
	at scala.meta.internal.metals.WorkspaceLspService.createService(WorkspaceLspService.scala:258)
	at scala.meta.internal.metals.WorkspaceLspService.$anonfun$workspaceFolders$1(WorkspaceLspService.scala:265)
	at scala.collection.immutable.List.map(List.scala:236)
	at scala.meta.internal.metals.WorkspaceFolders.initServices(WorkspaceFolders.scala:43)
	at scala.meta.internal.metals.WorkspaceFolders.<init>(WorkspaceFolders.scala:22)
	at scala.meta.internal.metals.WorkspaceLspService.<init>(WorkspaceLspService.scala:263)
	at scala.meta.metals.MetalsLanguageServer.createService(MetalsLanguageServer.scala:219)
	at scala.meta.metals.MetalsLanguageServer.initialize(MetalsLanguageServer.scala:160)
	at java.base/jdk.internal.reflect.DirectMethodHandleAccessor.invoke(DirectMethodHandleAccessor.java:103)
	at java.base/java.lang.reflect.Method.invoke(Method.java:580)
	at org.eclipse.lsp4j.jsonrpc.services.GenericEndpoint.lambda$recursiveFindRpcMethods$0(GenericEndpoint.java:65)
	at org.eclipse.lsp4j.jsonrpc.services.GenericEndpoint.request(GenericEndpoint.java:128)
	at org.eclipse.lsp4j.jsonrpc.RemoteEndpoint.handleRequest(RemoteEndpoint.java:271)
	at org.eclipse.lsp4j.jsonrpc.RemoteEndpoint.consume(RemoteEndpoint.java:201)
	at org.eclipse.lsp4j.jsonrpc.json.StreamMessageProducer.handleMessage(StreamMessageProducer.java:185)
	at org.eclipse.lsp4j.jsonrpc.json.StreamMessageProducer.listen(StreamMessageProducer.java:97)
	at org.eclipse.lsp4j.jsonrpc.json.ConcurrentMessageProcessor.run(ConcurrentMessageProcessor.java:114)
	at java.base/java.util.concurrent.Executors$RunnableAdapter.call(Executors.java:572)
	at java.base/java.util.concurrent.FutureTask.run(FutureTask.java:317)
	... 3 more

Okt. 20, 2025 9:37:42 AM org.eclipse.lsp4j.jsonrpc.RemoteEndpoint fallbackResponseError
SCHWERWIEGEND: Internal error: java.util.NoSuchElementException: BatchedFunction
java.util.concurrent.CompletionException: java.util.NoSuchElementException: BatchedFunction
	at java.base/java.util.concurrent.CompletableFuture.wrapInCompletionException(CompletableFuture.java:323)
	at java.base/java.util.concurrent.CompletableFuture.encodeThrowable(CompletableFuture.java:376)
	at java.base/java.util.concurrent.CompletableFuture.completeThrowable(CompletableFuture.java:391)
	at java.base/java.util.concurrent.CompletableFuture$UniAccept.tryFire(CompletableFuture.java:752)
	at java.base/java.util.concurrent.CompletableFuture.postComplete(CompletableFuture.java:554)
	at java.base/java.util.concurrent.CompletableFuture.completeExceptionally(CompletableFuture.java:2238)
	at scala.meta.internal.metals.CancelTokens$.$anonfun$future$1(CancelTokens.scala:40)
	at scala.meta.internal.metals.CancelTokens$.$anonfun$future$1$adapted(CancelTokens.scala:38)
	at scala.concurrent.impl.Promise$Transformation.run(Promise.scala:517)
	at java.base/java.util.concurrent.ThreadPoolExecutor.runWorker(ThreadPoolExecutor.java:1144)
	at java.base/java.util.concurrent.ThreadPoolExecutor$Worker.run(ThreadPoolExecutor.java:642)
	at java.base/java.lang.Thread.run(Thread.java:1575)
Caused by: java.util.NoSuchElementException: BatchedFunction
	at scala.meta.internal.metals.BatchedFunction.<init>(BatchedFunction.scala:96)
	at scala.meta.internal.metals.MetalsLspService.<init>(MetalsLspService.scala:237)
	at scala.meta.internal.metals.ProjectMetalsLspService.<init>(ProjectMetalsLspService.scala:81)
	at scala.meta.internal.metals.WorkspaceLspService.createService(WorkspaceLspService.scala:258)
	at scala.meta.internal.metals.WorkspaceLspService.$anonfun$workspaceFolders$1(WorkspaceLspService.scala:265)
	at scala.collection.immutable.List.map(List.scala:236)
	at scala.meta.internal.metals.WorkspaceFolders.initServices(WorkspaceFolders.scala:43)
	at scala.meta.internal.metals.WorkspaceFolders.<init>(WorkspaceFolders.scala:22)
	at scala.meta.internal.metals.WorkspaceLspService.<init>(WorkspaceLspService.scala:263)
	at scala.meta.metals.MetalsLanguageServer.createService(MetalsLanguageServer.scala:219)
	at scala.meta.metals.MetalsLanguageServer.initialize(MetalsLanguageServer.scala:160)
	at java.base/jdk.internal.reflect.DirectMethodHandleAccessor.invoke(DirectMethodHandleAccessor.java:103)
	at java.base/java.lang.reflect.Method.invoke(Method.java:580)
	at org.eclipse.lsp4j.jsonrpc.services.GenericEndpoint.lambda$recursiveFindRpcMethods$0(GenericEndpoint.java:65)
	at org.eclipse.lsp4j.jsonrpc.services.GenericEndpoint.request(GenericEndpoint.java:128)
	at org.eclipse.lsp4j.jsonrpc.RemoteEndpoint.handleRequest(RemoteEndpoint.java:271)
	at org.eclipse.lsp4j.jsonrpc.RemoteEndpoint.consume(RemoteEndpoint.java:201)
	at org.eclipse.lsp4j.jsonrpc.json.StreamMessageProducer.handleMessage(StreamMessageProducer.java:185)
	at org.eclipse.lsp4j.jsonrpc.json.StreamMessageProducer.listen(StreamMessageProducer.java:97)
	at org.eclipse.lsp4j.jsonrpc.json.ConcurrentMessageProcessor.run(ConcurrentMessageProcessor.java:114)
	at java.base/java.util.concurrent.Executors$RunnableAdapter.call(Executors.java:572)
	at java.base/java.util.concurrent.FutureTask.run(FutureTask.java:317)
	... 3 more

2025.10.20 09:37:43 INFO  no build target found for c:\Users\justi\OneDrive\Desktop\Semester 3\4. Software Engeneering\getting_started\introduction_to_scala.scala. Using presentation compiler with project's scala-library version: 3.3.6
Okt. 20, 2025 9:59:46 AM org.eclipse.lsp4j.jsonrpc.services.GenericEndpoint notify
INFORMATION: Unsupported notification method: $/setTrace
2025.10.20 14:05:42 INFO  Started: Metals version 1.6.3 in folders 'C:\Users\justi\OneDrive\Desktop\Semester 3' for client Visual Studio Code 1.105.1.
2025.10.20 14:05:46 WARN  Using H2 2.4.240 which is newer than the version Flyway has been verified with. The latest verified version of H2 is 2.3.232.
2025.10.20 14:05:46 INFO  Attempting to connect to the build server...
2025.10.20 14:05:46 INFO  Running BSP server List(C:\Users\justi\AppData\Local\Coursier\data\bin\.scala-cli.aux.exe, bsp, --json-options, C:\Users\justi\OneDrive\Desktop\Semester 3\.scala-build\ide-options-v2.json, --json-launcher-options, C:\Users\justi\OneDrive\Desktop\Semester 3\.scala-build\ide-launcher-options.json, --envs-file, C:\Users\justi\OneDrive\Desktop\Semester 3\.scala-build\ide-envs.json, C:\Users\justi\OneDrive\Desktop\Semester 3)
2025.10.20 14:05:47 INFO  tracing is disabled for protocol BSP, to enable tracing of incoming and outgoing JSON messages create an empty file at C:\Users\justi\OneDrive\Desktop\Semester 3\.metals\bsp.trace.json or C:\Users\justi\AppData\Local\scalameta\metals\cache\bsp.trace.json
2025.10.20 14:05:49 INFO  BSP server: Starting compilation server
2025.10.20 14:05:55 INFO  time: Connected to build server in 8.64s
2025.10.20 14:05:55 INFO  Connected to Build server: scala-cli v1.9.1
2025.10.20 14:05:55 INFO  Empty build targets. Expected at least one build target identifier. (full report at: "C:\Users\justi\OneDrive\Desktop\Semester 3\.metals\.reports\bloop\2025-10-16\r_Empty build targets...._21-28-14-151.md")
2025.10.20 14:05:55 INFO  Empty build targets. Expected at least one build target identifier. (full report at: "C:\Users\justi\OneDrive\Desktop\Semester 3\.metals\.reports\bloop\2025-10-16\r_Empty build targets...._21-28-14-151.md")
2025.10.20 14:05:55 INFO  Empty build targets. Expected at least one build target identifier. (full report at: "C:\Users\justi\OneDrive\Desktop\Semester 3\.metals\.reports\bloop\2025-10-16\r_Empty build targets...._21-28-14-151.md")
2025.10.20 14:05:55 INFO  Empty build targets. Expected at least one build target identifier. (full report at: "C:\Users\justi\OneDrive\Desktop\Semester 3\.metals\.reports\bloop\2025-10-16\r_Empty build targets...._21-28-14-151.md")
2025.10.20 14:05:55 INFO  compiling semester 3_d5c0a6989e (6 scala sources)
2025.10.20 14:05:58 WARN  Invalid text document uri received from build server: file:///C:/Users/justi/OneDrive/Desktop/Semester%203/4.%20Software%20Engeneering/getting_started/introduction_to_scala.scala
2025.10.20 14:05:58 INFO  compiling semester 3_d5c0a6989e (6 scala sources)
2025.10.20 14:06:00 WARN  Using H2 2.4.240 which is newer than the version Flyway has been verified with. The latest verified version of H2 is 2.3.232.
2025.10.20 14:06:00 INFO  time: indexed workspace in 4.82s
Okt. 20, 2025 2:35:50 PM org.eclipse.lsp4j.jsonrpc.services.GenericEndpoint notify
INFORMATION: Unsupported notification method: $/setTrace
2025.10.21 10:43:32 INFO  Started: Metals version 1.6.3 in folders 'C:\Users\justi\OneDrive\Desktop\Semester 3' for client Visual Studio Code 1.105.1.
2025.10.21 10:43:37 WARN  Using H2 2.4.240 which is newer than the version Flyway has been verified with. The latest verified version of H2 is 2.3.232.
2025.10.21 10:43:37 INFO  Attempting to connect to the build server...
2025.10.21 10:43:37 INFO  Running BSP server List(C:\Users\justi\AppData\Local\Coursier\data\bin\.scala-cli.aux.exe, bsp, --json-options, C:\Users\justi\OneDrive\Desktop\Semester 3\.scala-build\ide-options-v2.json, --json-launcher-options, C:\Users\justi\OneDrive\Desktop\Semester 3\.scala-build\ide-launcher-options.json, --envs-file, C:\Users\justi\OneDrive\Desktop\Semester 3\.scala-build\ide-envs.json, C:\Users\justi\OneDrive\Desktop\Semester 3)
2025.10.21 10:43:37 INFO  tracing is disabled for protocol BSP, to enable tracing of incoming and outgoing JSON messages create an empty file at C:\Users\justi\OneDrive\Desktop\Semester 3\.metals\bsp.trace.json or C:\Users\justi\AppData\Local\scalameta\metals\cache\bsp.trace.json
2025.10.21 10:43:38 INFO  BSP server: Starting compilation server
2025.10.21 10:43:41 INFO  time: Connected to build server in 3.69s
2025.10.21 10:43:41 INFO  Connected to Build server: scala-cli v1.9.1
2025.10.21 10:43:41 INFO  Empty build targets. Expected at least one build target identifier. (full report at: "C:\Users\justi\OneDrive\Desktop\Semester 3\.metals\.reports\bloop\2025-10-16\r_Empty build targets...._21-28-14-151.md")
2025.10.21 10:43:41 INFO  Empty build targets. Expected at least one build target identifier. (full report at: "C:\Users\justi\OneDrive\Desktop\Semester 3\.metals\.reports\bloop\2025-10-16\r_Empty build targets...._21-28-14-151.md")
2025.10.21 10:43:41 INFO  Empty build targets. Expected at least one build target identifier. (full report at: "C:\Users\justi\OneDrive\Desktop\Semester 3\.metals\.reports\bloop\2025-10-16\r_Empty build targets...._21-28-14-151.md")
2025.10.21 10:43:41 INFO  Empty build targets. Expected at least one build target identifier. (full report at: "C:\Users\justi\OneDrive\Desktop\Semester 3\.metals\.reports\bloop\2025-10-16\r_Empty build targets...._21-28-14-151.md")
2025.10.21 10:43:41 INFO  compiling semester 3_d5c0a6989e (6 scala sources)
2025.10.21 10:43:43 WARN  Invalid text document uri received from build server: file:///C:/Users/justi/OneDrive/Desktop/Semester%203/4.%20Software%20Engeneering/getting_started/introduction_to_scala.scala
2025.10.21 10:43:43 INFO  compiling semester 3_d5c0a6989e (6 scala sources)
2025.10.21 10:43:46 WARN  Using H2 2.4.240 which is newer than the version Flyway has been verified with. The latest verified version of H2 is 2.3.232.
2025.10.21 10:43:46 INFO  time: indexed workspace in 5.22s
Okt. 21, 2025 11:12:40 AM org.eclipse.lsp4j.jsonrpc.services.GenericEndpoint notify
INFORMATION: Unsupported notification method: $/setTrace
2025.10.21 11:14:26 INFO  BSP server: Bloop 'bsp' command exited with code 1. Something may be wrong with the current configuration.
2025.10.21 11:14:26 INFO  BSP server: Running the clean sub-command to clear the working directory and remove caches might help.
2025.10.21 11:14:26 INFO  BSP server: If the error persists, please report the issue as a bug and attach a log with increased verbosity by passing -v -v -v.
2025.10.21 11:14:26 INFO  BSP server: Oct 21, 2025 11:14:26 AM org.eclipse.lsp4j.jsonrpc.json.StreamMessageProducer fireStreamClosed
2025.10.21 11:14:26 INFO  BSP server: INFO: Connection reset
2025.10.21 11:14:26 INFO  BSP server: java.net.SocketException: Connection reset
2025.10.21 11:14:26 INFO  BSP server: 	at java.base@17.0.6/sun.nio.ch.SocketChannelImpl.throwConnectionReset(SocketChannelImpl.java:394)
2025.10.21 11:14:26 INFO  BSP server: 	at java.base@17.0.6/sun.nio.ch.SocketChannelImpl.read(SocketChannelImpl.java:426)
2025.10.21 11:14:26 INFO  BSP server: 	at libdaemonjvm.Util$$anon$1$$anon$2.read(Util.scala:19)
2025.10.21 11:14:26 INFO  BSP server: 	at java.base@17.0.6/sun.nio.ch.ChannelInputStream.read(ChannelInputStream.java:65)
2025.10.21 11:14:26 INFO  BSP server: 	at java.base@17.0.6/sun.nio.ch.ChannelInputStream.read(ChannelInputStream.java:107)
2025.10.21 11:14:26 INFO  BSP server: 	at java.base@17.0.6/sun.nio.ch.ChannelInputStream.read(ChannelInputStream.java:101)
2025.10.21 11:14:26 INFO  BSP server: 	at java.base@17.0.6/java.io.InputStream.read(InputStream.java:218)
2025.10.21 11:14:26 INFO  BSP server: 	at java.base@17.0.6/sun.nio.ch.ChannelInputStream.read(ChannelInputStream.java:81)
2025.10.21 11:14:26 INFO  BSP server: 	at org.eclipse.lsp4j.jsonrpc.json.StreamMessageProducer.listen(StreamMessageProducer.java:79)
2025.10.21 11:14:26 INFO  BSP server: 	at org.eclipse.lsp4j.jsonrpc.json.ConcurrentMessageProcessor.run(ConcurrentMessageProcessor.java:113)
2025.10.21 11:14:26 INFO  BSP server: 	at java.base@17.0.6/java.util.concurrent.Executors$RunnableAdapter.call(Executors.java:539)
2025.10.21 11:14:26 INFO  BSP server: 	at java.base@17.0.6/java.util.concurrent.FutureTask.run(FutureTask.java:264)
2025.10.21 11:14:26 INFO  BSP server: 	at java.base@17.0.6/java.util.concurrent.ThreadPoolExecutor.runWorker(ThreadPoolExecutor.java:1136)
2025.10.21 11:14:26 INFO  BSP server: 	at java.base@17.0.6/java.util.concurrent.ThreadPoolExecutor$Worker.run(ThreadPoolExecutor.java:635)
2025.10.21 11:14:26 INFO  BSP server: 	at java.base@17.0.6/java.lang.Thread.run(Thread.java:833)
2025.10.21 11:14:26 INFO  BSP server: 	at com.oracle.svm.core.thread.PlatformThreads.threadStartRoutine(PlatformThreads.java:775)
2025.10.21 11:14:26 INFO  BSP server: 	at com.oracle.svm.core.windows.WindowsPlatformThreads.osThreadStartRoutine(WindowsPlatformThreads.java:178)
2025.10.21 11:14:26 INFO  BSP server: 
2025.10.21 19:43:02 INFO  Started: Metals version 1.6.3 in folders 'C:\Users\justi\OneDrive\Desktop\Semester 3' for client Visual Studio Code 1.105.1.
2025.10.21 19:43:06 WARN  Using H2 2.4.240 which is newer than the version Flyway has been verified with. The latest verified version of H2 is 2.3.232.
2025.10.21 19:43:06 INFO  Attempting to connect to the build server...
2025.10.21 19:43:06 INFO  Running BSP server List(C:\Users\justi\AppData\Local\Coursier\data\bin\.scala-cli.aux.exe, bsp, --json-options, C:\Users\justi\OneDrive\Desktop\Semester 3\.scala-build\ide-options-v2.json, --json-launcher-options, C:\Users\justi\OneDrive\Desktop\Semester 3\.scala-build\ide-launcher-options.json, --envs-file, C:\Users\justi\OneDrive\Desktop\Semester 3\.scala-build\ide-envs.json, C:\Users\justi\OneDrive\Desktop\Semester 3)
2025.10.21 19:43:06 INFO  tracing is disabled for protocol BSP, to enable tracing of incoming and outgoing JSON messages create an empty file at C:\Users\justi\OneDrive\Desktop\Semester 3\.metals\bsp.trace.json or C:\Users\justi\AppData\Local\scalameta\metals\cache\bsp.trace.json
2025.10.21 19:43:08 INFO  BSP server: Starting compilation server
2025.10.21 19:43:15 INFO  time: Connected to build server in 9.01s
2025.10.21 19:43:15 INFO  Connected to Build server: scala-cli v1.9.1
2025.10.21 19:43:15 INFO  Empty build targets. Expected at least one build target identifier. (full report at: "C:\Users\justi\OneDrive\Desktop\Semester 3\.metals\.reports\bloop\2025-10-16\r_Empty build targets...._21-28-14-151.md")
2025.10.21 19:43:15 INFO  Empty build targets. Expected at least one build target identifier. (full report at: "C:\Users\justi\OneDrive\Desktop\Semester 3\.metals\.reports\bloop\2025-10-16\r_Empty build targets...._21-28-14-151.md")
2025.10.21 19:43:15 INFO  Empty build targets. Expected at least one build target identifier. (full report at: "C:\Users\justi\OneDrive\Desktop\Semester 3\.metals\.reports\bloop\2025-10-16\r_Empty build targets...._21-28-14-151.md")
2025.10.21 19:43:15 INFO  Empty build targets. Expected at least one build target identifier. (full report at: "C:\Users\justi\OneDrive\Desktop\Semester 3\.metals\.reports\bloop\2025-10-16\r_Empty build targets...._21-28-14-151.md")
2025.10.21 19:43:15 INFO  compiling semester 3_d5c0a6989e (6 scala sources)
2025.10.21 19:43:18 WARN  Invalid text document uri received from build server: file:///C:/Users/justi/OneDrive/Desktop/Semester%203/4.%20Software%20Engeneering/getting_started/introduction_to_scala.scala
2025.10.21 19:43:18 INFO  compiling semester 3_d5c0a6989e (6 scala sources)
2025.10.21 19:43:20 WARN  Using H2 2.4.240 which is newer than the version Flyway has been verified with. The latest verified version of H2 is 2.3.232.
2025.10.21 19:43:20 INFO  time: indexed workspace in 5.02s
2025.10.21 19:54:12 INFO  Shutting down server
2025.10.21 19:54:12 INFO  shutting down Metals
2025.10.21 19:54:12 INFO  Shut down connection with build server.
2025.10.21 19:54:12 INFO  Exiting server
2025.10.22 00:51:16 INFO  Started: Metals version 1.6.3 in folders 'C:\Users\justi\OneDrive\Desktop\Semester 3' for client Visual Studio Code 1.105.1.
2025.10.22 00:51:17 WARN  Using H2 2.4.240 which is newer than the version Flyway has been verified with. The latest verified version of H2 is 2.3.232.
2025.10.22 00:51:18 INFO  Attempting to connect to the build server...
2025.10.22 00:51:18 INFO  Running BSP server List(C:\Users\justi\AppData\Local\Coursier\data\bin\.scala-cli.aux.exe, bsp, --json-options, C:\Users\justi\OneDrive\Desktop\Semester 3\.scala-build\ide-options-v2.json, --json-launcher-options, C:\Users\justi\OneDrive\Desktop\Semester 3\.scala-build\ide-launcher-options.json, --envs-file, C:\Users\justi\OneDrive\Desktop\Semester 3\.scala-build\ide-envs.json, C:\Users\justi\OneDrive\Desktop\Semester 3)
2025.10.22 00:51:18 INFO  tracing is disabled for protocol BSP, to enable tracing of incoming and outgoing JSON messages create an empty file at C:\Users\justi\OneDrive\Desktop\Semester 3\.metals\bsp.trace.json or C:\Users\justi\AppData\Local\scalameta\metals\cache\bsp.trace.json
2025.10.22 00:51:20 INFO  time: Connected to build server in 2.25s
2025.10.22 00:51:20 INFO  Connected to Build server: scala-cli v1.9.1
2025.10.22 00:51:20 INFO  Empty build targets. Expected at least one build target identifier. (full report at: "C:\Users\justi\OneDrive\Desktop\Semester 3\.metals\.reports\bloop\2025-10-16\r_Empty build targets...._21-28-14-151.md")
2025.10.22 00:51:20 INFO  Empty build targets. Expected at least one build target identifier. (full report at: "C:\Users\justi\OneDrive\Desktop\Semester 3\.metals\.reports\bloop\2025-10-16\r_Empty build targets...._21-28-14-151.md")
2025.10.22 00:51:20 INFO  Empty build targets. Expected at least one build target identifier. (full report at: "C:\Users\justi\OneDrive\Desktop\Semester 3\.metals\.reports\bloop\2025-10-16\r_Empty build targets...._21-28-14-151.md")
2025.10.22 00:51:20 INFO  Empty build targets. Expected at least one build target identifier. (full report at: "C:\Users\justi\OneDrive\Desktop\Semester 3\.metals\.reports\bloop\2025-10-16\r_Empty build targets...._21-28-14-151.md")
2025.10.22 00:51:20 INFO  compiling semester 3_d5c0a6989e (6 scala sources)
2025.10.22 00:51:20 INFO  compiling semester 3_d5c0a6989e (6 scala sources)
2025.10.22 00:51:22 WARN  Using H2 2.4.240 which is newer than the version Flyway has been verified with. The latest verified version of H2 is 2.3.232.
2025.10.22 00:51:22 INFO  time: indexed workspace in 2.36s
Okt. 22, 2025 1:37:07 AM org.eclipse.lsp4j.jsonrpc.services.GenericEndpoint notify
INFORMATION: Unsupported notification method: $/setTrace
2025.10.22 02:24:04 INFO  Running BSP server List(C:\Users\justi\AppData\Local\Coursier\data\bin\.scala-cli.aux.exe, bsp, --json-options, C:\Users\justi\OneDrive\Desktop\Semester 3\.scala-build\ide-options-v2.json, --json-launcher-options, C:\Users\justi\OneDrive\Desktop\Semester 3\.scala-build\ide-launcher-options.json, --envs-file, C:\Users\justi\OneDrive\Desktop\Semester 3\.scala-build\ide-envs.json, C:\Users\justi\OneDrive\Desktop\Semester 3)
2025.10.22 02:24:04 INFO  tracing is disabled for protocol BSP, to enable tracing of incoming and outgoing JSON messages create an empty file at C:\Users\justi\OneDrive\Desktop\Semester 3\.metals\bsp.trace.json or C:\Users\justi\AppData\Local\scalameta\metals\cache\bsp.trace.json
Okt. 22, 2025 2:24:05 AM org.eclipse.lsp4j.jsonrpc.RemoteEndpoint consume
WARNUNG: Unkown message type.
2025.10.22 12:20:03 INFO  Started: Metals version 1.6.3 in folders 'C:\Users\justi\OneDrive\Desktop\Semester 3' for client Visual Studio Code 1.105.1.
2025.10.22 12:20:04 WARN  Using H2 2.4.240 which is newer than the version Flyway has been verified with. The latest verified version of H2 is 2.3.232.
2025.10.22 12:20:04 INFO  Attempting to connect to the build server...
2025.10.22 12:20:04 INFO  Running BSP server List(C:\Users\justi\AppData\Local\Coursier\data\bin\.scala-cli.aux.exe, bsp, --json-options, C:\Users\justi\OneDrive\Desktop\Semester 3\.scala-build\ide-options-v2.json, --json-launcher-options, C:\Users\justi\OneDrive\Desktop\Semester 3\.scala-build\ide-launcher-options.json, --envs-file, C:\Users\justi\OneDrive\Desktop\Semester 3\.scala-build\ide-envs.json, C:\Users\justi\OneDrive\Desktop\Semester 3)
2025.10.22 12:20:05 INFO  tracing is disabled for protocol BSP, to enable tracing of incoming and outgoing JSON messages create an empty file at C:\Users\justi\OneDrive\Desktop\Semester 3\.metals\bsp.trace.json or C:\Users\justi\AppData\Local\scalameta\metals\cache\bsp.trace.json
2025.10.22 12:20:07 INFO  BSP server: Starting compilation server
2025.10.22 12:20:13 INFO  time: Connected to build server in 8.24s
2025.10.22 12:20:13 INFO  Connected to Build server: scala-cli v1.9.1
2025.10.22 12:20:13 INFO  Empty build targets. Expected at least one build target identifier. (full report at: "C:\Users\justi\OneDrive\Desktop\Semester 3\.metals\.reports\bloop\2025-10-16\r_Empty build targets...._21-28-14-151.md")
2025.10.22 12:20:13 INFO  Empty build targets. Expected at least one build target identifier. (full report at: "C:\Users\justi\OneDrive\Desktop\Semester 3\.metals\.reports\bloop\2025-10-16\r_Empty build targets...._21-28-14-151.md")
2025.10.22 12:20:13 INFO  Empty build targets. Expected at least one build target identifier. (full report at: "C:\Users\justi\OneDrive\Desktop\Semester 3\.metals\.reports\bloop\2025-10-16\r_Empty build targets...._21-28-14-151.md")
2025.10.22 12:20:13 INFO  Empty build targets. Expected at least one build target identifier. (full report at: "C:\Users\justi\OneDrive\Desktop\Semester 3\.metals\.reports\bloop\2025-10-16\r_Empty build targets...._21-28-14-151.md")
2025.10.22 12:20:13 INFO  time: Imported build in 0.11s
2025.10.22 12:20:13 INFO  compiling semester 3_d5c0a6989e (6 scala sources)
2025.10.22 12:20:17 WARN  Invalid text document uri received from build server: file:///C:/Users/justi/OneDrive/Desktop/Semester%203/4.%20Software%20Engeneering/getting_started/introduction_to_scala.scala
2025.10.22 12:20:17 INFO  compiling semester 3_d5c0a6989e (6 scala sources)
2025.10.22 12:20:18 WARN  Using H2 2.4.240 which is newer than the version Flyway has been verified with. The latest verified version of H2 is 2.3.232.
2025.10.22 12:20:18 INFO  time: indexed workspace in 5.07s
Okt. 22, 2025 6:04:49 PM org.eclipse.lsp4j.jsonrpc.services.GenericEndpoint notify
INFORMATION: Unsupported notification method: $/setTrace
2025.10.22 18:14:36 INFO  Empty build targets. Expected at least one build target identifier. (full report at: "C:\Users\justi\OneDrive\Desktop\Semester 3\.metals\.reports\bloop\2025-10-16\r_Empty build targets...._21-28-14-151.md")
2025.10.22 18:14:36 INFO  Empty build targets. Expected at least one build target identifier. (full report at: "C:\Users\justi\OneDrive\Desktop\Semester 3\.metals\.reports\bloop\2025-10-16\r_Empty build targets...._21-28-14-151.md")
2025.10.22 18:14:36 INFO  compiling semester 3_d5c0a6989e (10 scala sources)
2025.10.22 18:14:36 INFO  Empty build targets. Expected at least one build target identifier. (full report at: "C:\Users\justi\OneDrive\Desktop\Semester 3\.metals\.reports\bloop\2025-10-16\r_Empty build targets...._21-28-14-151.md")
2025.10.22 18:14:36 INFO  Empty build targets. Expected at least one build target identifier. (full report at: "C:\Users\justi\OneDrive\Desktop\Semester 3\.metals\.reports\bloop\2025-10-16\r_Empty build targets...._21-28-14-151.md")
2025.10.22 18:14:37 INFO  time: Imported build in 0.96s
2025.10.22 18:14:36 INFO  compiling semester 3_d5c0a6989e (10 scala sources)
2025.10.22 18:14:38 INFO  compiling semester 3_d5c0a6989e (10 scala sources)
2025.10.22 18:14:38 INFO  compiling semester 3_d5c0a6989e (10 scala sources)
2025.10.22 18:14:38 INFO  time: indexed workspace in 1.41s
2025.10.22 18:14:56 INFO  Shutting down server
2025.10.22 18:14:56 INFO  shutting down Metals
2025.10.22 18:14:56 INFO  Shut down connection with build server.
2025.10.22 18:14:56 INFO  Exiting server
2025.10.22 18:16:17 INFO  Started: Metals version 1.6.3 in folders 'C:\Users\justi\OneDrive\Desktop\Semester 3' for client Visual Studio Code 1.105.1.
2025.10.22 18:16:18 WARN  Using H2 2.4.240 which is newer than the version Flyway has been verified with. The latest verified version of H2 is 2.3.232.
2025.10.22 18:16:18 INFO  Attempting to connect to the build server...
2025.10.22 18:16:18 INFO  Running BSP server List(C:\Users\justi\AppData\Local\Coursier\data\bin\.scala-cli.aux.exe, bsp, --json-options, C:\Users\justi\OneDrive\Desktop\Semester 3\.scala-build\ide-options-v2.json, --json-launcher-options, C:\Users\justi\OneDrive\Desktop\Semester 3\.scala-build\ide-launcher-options.json, --envs-file, C:\Users\justi\OneDrive\Desktop\Semester 3\.scala-build\ide-envs.json, C:\Users\justi\OneDrive\Desktop\Semester 3)
2025.10.22 18:16:18 INFO  tracing is disabled for protocol BSP, to enable tracing of incoming and outgoing JSON messages create an empty file at C:\Users\justi\OneDrive\Desktop\Semester 3\.metals\bsp.trace.json or C:\Users\justi\AppData\Local\scalameta\metals\cache\bsp.trace.json
2025.10.22 18:16:20 INFO  time: Connected to build server in 1.57s
2025.10.22 18:16:20 INFO  Connected to Build server: scala-cli v1.9.1
2025.10.22 18:16:20 INFO  Empty build targets. Expected at least one build target identifier. (full report at: "C:\Users\justi\OneDrive\Desktop\Semester 3\.metals\.reports\bloop\2025-10-16\r_Empty build targets...._21-28-14-151.md")
2025.10.22 18:16:20 INFO  Empty build targets. Expected at least one build target identifier. (full report at: "C:\Users\justi\OneDrive\Desktop\Semester 3\.metals\.reports\bloop\2025-10-16\r_Empty build targets...._21-28-14-151.md")
2025.10.22 18:16:20 INFO  Empty build targets. Expected at least one build target identifier. (full report at: "C:\Users\justi\OneDrive\Desktop\Semester 3\.metals\.reports\bloop\2025-10-16\r_Empty build targets...._21-28-14-151.md")
2025.10.22 18:16:20 INFO  Empty build targets. Expected at least one build target identifier. (full report at: "C:\Users\justi\OneDrive\Desktop\Semester 3\.metals\.reports\bloop\2025-10-16\r_Empty build targets...._21-28-14-151.md")
2025.10.22 18:16:20 INFO  compiling semester 3_d5c0a6989e (10 scala sources)
2025.10.22 18:16:20 INFO  compiling semester 3_d5c0a6989e (10 scala sources)
2025.10.22 18:16:22 WARN  Using H2 2.4.240 which is newer than the version Flyway has been verified with. The latest verified version of H2 is 2.3.232.
2025.10.22 18:16:22 INFO  time: indexed workspace in 2.05s
2025.10.23 09:21:13 INFO  Started: Metals version 1.6.3 in folders 'C:\Users\justi\OneDrive\Desktop\Semester 3' for client Visual Studio Code 1.105.1.
2025.10.23 09:21:21 WARN  Using H2 2.4.240 which is newer than the version Flyway has been verified with. The latest verified version of H2 is 2.3.232.
2025.10.23 09:21:22 INFO  Attempting to connect to the build server...
2025.10.23 09:21:22 INFO  Running BSP server List(C:\Users\justi\AppData\Local\Coursier\data\bin\.scala-cli.aux.exe, bsp, --json-options, C:\Users\justi\OneDrive\Desktop\Semester 3\.scala-build\ide-options-v2.json, --json-launcher-options, C:\Users\justi\OneDrive\Desktop\Semester 3\.scala-build\ide-launcher-options.json, --envs-file, C:\Users\justi\OneDrive\Desktop\Semester 3\.scala-build\ide-envs.json, C:\Users\justi\OneDrive\Desktop\Semester 3)
2025.10.23 09:21:22 INFO  tracing is disabled for protocol BSP, to enable tracing of incoming and outgoing JSON messages create an empty file at C:\Users\justi\OneDrive\Desktop\Semester 3\.metals\bsp.trace.json or C:\Users\justi\AppData\Local\scalameta\metals\cache\bsp.trace.json
2025.10.23 09:21:27 INFO  BSP server: Starting compilation server
2025.10.23 09:21:39 INFO  time: Connected to build server in 17s
2025.10.23 09:21:39 INFO  Connected to Build server: scala-cli v1.9.1
2025.10.23 09:21:39 INFO  Empty build targets. Expected at least one build target identifier. (full report at: "C:\Users\justi\OneDrive\Desktop\Semester 3\.metals\.reports\bloop\2025-10-16\r_Empty build targets...._21-28-14-151.md")
2025.10.23 09:21:39 INFO  Empty build targets. Expected at least one build target identifier. (full report at: "C:\Users\justi\OneDrive\Desktop\Semester 3\.metals\.reports\bloop\2025-10-16\r_Empty build targets...._21-28-14-151.md")
2025.10.23 09:21:39 INFO  Empty build targets. Expected at least one build target identifier. (full report at: "C:\Users\justi\OneDrive\Desktop\Semester 3\.metals\.reports\bloop\2025-10-16\r_Empty build targets...._21-28-14-151.md")
2025.10.23 09:21:39 INFO  Empty build targets. Expected at least one build target identifier. (full report at: "C:\Users\justi\OneDrive\Desktop\Semester 3\.metals\.reports\bloop\2025-10-16\r_Empty build targets...._21-28-14-151.md")
2025.10.23 09:21:39 INFO  time: Imported build in 0.15s
2025.10.23 09:21:40 INFO  compiling semester 3_d5c0a6989e (10 scala sources)
2025.10.23 09:21:45 WARN  Using H2 2.4.240 which is newer than the version Flyway has been verified with. The latest verified version of H2 is 2.3.232.
2025.10.23 09:21:45 INFO  time: indexed workspace in 6.52s
2025.10.23 09:21:46 WARN  Invalid text document uri received from build server: file:///C:/Users/justi/OneDrive/Desktop/Semester%203/4.%20Software%20Engeneering/getting_started/introduction_to_scala.scala
2025.10.23 09:21:46 INFO  compiling semester 3_d5c0a6989e (10 scala sources)
2025.10.23 09:39:18 INFO  Started: Metals version 1.6.3 in folders 'C:\Users\justi\OneDrive\Desktop\Semester 3' for client Visual Studio Code 1.105.1.
2025.10.23 09:39:22 WARN  Using H2 2.4.240 which is newer than the version Flyway has been verified with. The latest verified version of H2 is 2.3.232.
2025.10.23 09:39:22 INFO  Attempting to connect to the build server...
2025.10.23 09:39:22 INFO  Running BSP server List(C:\Users\justi\AppData\Local\Coursier\data\bin\.scala-cli.aux.exe, bsp, --json-options, C:\Users\justi\OneDrive\Desktop\Semester 3\.scala-build\ide-options-v2.json, --json-launcher-options, C:\Users\justi\OneDrive\Desktop\Semester 3\.scala-build\ide-launcher-options.json, --envs-file, C:\Users\justi\OneDrive\Desktop\Semester 3\.scala-build\ide-envs.json, C:\Users\justi\OneDrive\Desktop\Semester 3)
2025.10.23 09:39:23 INFO  tracing is disabled for protocol BSP, to enable tracing of incoming and outgoing JSON messages create an empty file at C:\Users\justi\OneDrive\Desktop\Semester 3\.metals\bsp.trace.json or C:\Users\justi\AppData\Local\scalameta\metals\cache\bsp.trace.json
2025.10.23 09:39:23 INFO  BSP server: Starting compilation server
2025.10.23 09:39:26 INFO  time: Connected to build server in 3.99s
2025.10.23 09:39:26 INFO  Connected to Build server: scala-cli v1.9.1
2025.10.23 09:39:26 INFO  Empty build targets. Expected at least one build target identifier. (full report at: "C:\Users\justi\OneDrive\Desktop\Semester 3\.metals\.reports\bloop\2025-10-16\r_Empty build targets...._21-28-14-151.md")
2025.10.23 09:39:26 INFO  Empty build targets. Expected at least one build target identifier. (full report at: "C:\Users\justi\OneDrive\Desktop\Semester 3\.metals\.reports\bloop\2025-10-16\r_Empty build targets...._21-28-14-151.md")
2025.10.23 09:39:26 INFO  Empty build targets. Expected at least one build target identifier. (full report at: "C:\Users\justi\OneDrive\Desktop\Semester 3\.metals\.reports\bloop\2025-10-16\r_Empty build targets...._21-28-14-151.md")
2025.10.23 09:39:26 INFO  Empty build targets. Expected at least one build target identifier. (full report at: "C:\Users\justi\OneDrive\Desktop\Semester 3\.metals\.reports\bloop\2025-10-16\r_Empty build targets...._21-28-14-151.md")
2025.10.23 09:39:26 INFO  time: Imported build in 0.14s
2025.10.23 09:39:26 INFO  compiling semester 3_d5c0a6989e (10 scala sources)
2025.10.23 09:39:29 WARN  Invalid text document uri received from build server: file:///C:/Users/justi/OneDrive/Desktop/Semester%203/4.%20Software%20Engeneering/getting_started/introduction_to_scala.scala
2025.10.23 09:39:29 INFO  compiling semester 3_d5c0a6989e (10 scala sources)
2025.10.23 09:39:31 WARN  Using H2 2.4.240 which is newer than the version Flyway has been verified with. The latest verified version of H2 is 2.3.232.
2025.10.23 09:39:31 INFO  time: indexed workspace in 5.21s
2025.10.23 10:11:27 INFO  Shutting down server
2025.10.23 10:11:27 INFO  shutting down Metals
2025.10.23 10:11:27 INFO  Shut down connection with build server.
2025.10.23 10:11:27 INFO  Exiting server
2025.10.23 10:11:43 INFO  Started: Metals version 1.6.3 in folders 'C:\Users\justi\OneDrive\Desktop\Semester 3' for client Visual Studio Code 1.105.1.
2025.10.23 10:11:44 WARN  Using H2 2.4.240 which is newer than the version Flyway has been verified with. The latest verified version of H2 is 2.3.232.
2025.10.23 10:11:44 INFO  Attempting to connect to the build server...
2025.10.23 10:11:44 INFO  Running BSP server List(C:\Users\justi\AppData\Local\Coursier\data\bin\.scala-cli.aux.exe, bsp, --json-options, C:\Users\justi\OneDrive\Desktop\Semester 3\.scala-build\ide-options-v2.json, --json-launcher-options, C:\Users\justi\OneDrive\Desktop\Semester 3\.scala-build\ide-launcher-options.json, --envs-file, C:\Users\justi\OneDrive\Desktop\Semester 3\.scala-build\ide-envs.json, C:\Users\justi\OneDrive\Desktop\Semester 3)
2025.10.23 10:11:44 INFO  tracing is disabled for protocol BSP, to enable tracing of incoming and outgoing JSON messages create an empty file at C:\Users\justi\OneDrive\Desktop\Semester 3\.metals\bsp.trace.json or C:\Users\justi\AppData\Local\scalameta\metals\cache\bsp.trace.json
2025.10.23 10:11:46 INFO  time: Connected to build server in 1.59s
2025.10.23 10:11:46 INFO  Connected to Build server: scala-cli v1.9.1
2025.10.23 10:11:46 INFO  Empty build targets. Expected at least one build target identifier. (full report at: "C:\Users\justi\OneDrive\Desktop\Semester 3\.metals\.reports\bloop\2025-10-16\r_Empty build targets...._21-28-14-151.md")
2025.10.23 10:11:46 INFO  Empty build targets. Expected at least one build target identifier. (full report at: "C:\Users\justi\OneDrive\Desktop\Semester 3\.metals\.reports\bloop\2025-10-16\r_Empty build targets...._21-28-14-151.md")
2025.10.23 10:11:46 INFO  Empty build targets. Expected at least one build target identifier. (full report at: "C:\Users\justi\OneDrive\Desktop\Semester 3\.metals\.reports\bloop\2025-10-16\r_Empty build targets...._21-28-14-151.md")
2025.10.23 10:11:46 INFO  Empty build targets. Expected at least one build target identifier. (full report at: "C:\Users\justi\OneDrive\Desktop\Semester 3\.metals\.reports\bloop\2025-10-16\r_Empty build targets...._21-28-14-151.md")
2025.10.23 10:11:46 INFO  compiling semester 3_d5c0a6989e (10 scala sources)
2025.10.23 10:11:47 INFO  compiling semester 3_d5c0a6989e (10 scala sources)
2025.10.23 10:11:47 WARN  Using H2 2.4.240 which is newer than the version Flyway has been verified with. The latest verified version of H2 is 2.3.232.
2025.10.23 10:11:47 INFO  time: indexed workspace in 1.86s
Okt. 23, 2025 11:26:47 AM org.eclipse.lsp4j.jsonrpc.services.GenericEndpoint notify
INFORMATION: Unsupported notification method: $/setTrace
2025.10.23 15:30:15 INFO  BSP server: Bloop 'bsp' command exited with code 1. Something may be wrong with the current configuration.
2025.10.23 15:30:15 INFO  BSP server: Running the clean sub-command to clear the working directory and remove caches might help.
2025.10.23 15:30:15 INFO  BSP server: If the error persists, please report the issue as a bug and attach a log with increased verbosity by passing -v -v -v.
2025.10.23 15:30:15 INFO  BSP server: Oct 23, 2025 3:30:15 PM org.eclipse.lsp4j.jsonrpc.json.StreamMessageProducer fireStreamClosed
2025.10.23 15:30:15 INFO  BSP server: INFO: Connection reset
2025.10.23 15:30:15 INFO  BSP server: java.net.SocketException: Connection reset
2025.10.23 15:30:15 INFO  BSP server: 	at java.base@17.0.6/sun.nio.ch.SocketChannelImpl.throwConnectionReset(SocketChannelImpl.java:394)
2025.10.23 15:30:15 INFO  BSP server: 	at java.base@17.0.6/sun.nio.ch.SocketChannelImpl.read(SocketChannelImpl.java:426)
2025.10.23 15:30:15 INFO  BSP server: 	at libdaemonjvm.Util$$anon$1$$anon$2.read(Util.scala:19)
2025.10.23 15:30:15 INFO  BSP server: 	at java.base@17.0.6/sun.nio.ch.ChannelInputStream.read(ChannelInputStream.java:65)
2025.10.23 15:30:15 INFO  BSP server: 	at java.base@17.0.6/sun.nio.ch.ChannelInputStream.read(ChannelInputStream.java:107)
2025.10.23 15:30:15 INFO  BSP server: 	at java.base@17.0.6/sun.nio.ch.ChannelInputStream.read(ChannelInputStream.java:101)
2025.10.23 15:30:15 INFO  BSP server: 	at java.base@17.0.6/java.io.InputStream.read(InputStream.java:218)
2025.10.23 15:30:15 INFO  BSP server: 	at java.base@17.0.6/sun.nio.ch.ChannelInputStream.read(ChannelInputStream.java:81)
2025.10.23 15:30:15 INFO  BSP server: 	at org.eclipse.lsp4j.jsonrpc.json.StreamMessageProducer.listen(StreamMessageProducer.java:79)
2025.10.23 15:30:15 INFO  BSP server: 	at org.eclipse.lsp4j.jsonrpc.json.ConcurrentMessageProcessor.run(ConcurrentMessageProcessor.java:113)
2025.10.23 15:30:15 INFO  BSP server: 	at java.base@17.0.6/java.util.concurrent.Executors$RunnableAdapter.call(Executors.java:539)
2025.10.23 15:30:15 INFO  BSP server: 	at java.base@17.0.6/java.util.concurrent.FutureTask.run(FutureTask.java:264)
2025.10.23 15:30:15 INFO  BSP server: 	at java.base@17.0.6/java.util.concurrent.ThreadPoolExecutor.runWorker(ThreadPoolExecutor.java:1136)
2025.10.23 15:30:15 INFO  BSP server: 	at java.base@17.0.6/java.util.concurrent.ThreadPoolExecutor$Worker.run(ThreadPoolExecutor.java:635)
2025.10.23 15:30:15 INFO  BSP server: 	at java.base@17.0.6/java.lang.Thread.run(Thread.java:833)
2025.10.23 15:30:15 INFO  BSP server: 	at com.oracle.svm.core.thread.PlatformThreads.threadStartRoutine(PlatformThreads.java:775)
2025.10.23 15:30:15 INFO  BSP server: 	at com.oracle.svm.core.windows.WindowsPlatformThreads.osThreadStartRoutine(WindowsPlatformThreads.java:178)
2025.10.23 15:30:15 INFO  BSP server: 
2025.10.23 19:22:42 INFO  Started: Metals version 1.6.3 in folders 'C:\Users\justi\OneDrive\Desktop\Semester 3' for client Visual Studio Code 1.105.1.
2025.10.23 19:22:46 WARN  Using H2 2.4.240 which is newer than the version Flyway has been verified with. The latest verified version of H2 is 2.3.232.
2025.10.23 19:22:47 INFO  Attempting to connect to the build server...
2025.10.23 19:22:47 INFO  Running BSP server List(C:\Users\justi\AppData\Local\Coursier\data\bin\.scala-cli.aux.exe, bsp, --json-options, C:\Users\justi\OneDrive\Desktop\Semester 3\.scala-build\ide-options-v2.json, --json-launcher-options, C:\Users\justi\OneDrive\Desktop\Semester 3\.scala-build\ide-launcher-options.json, --envs-file, C:\Users\justi\OneDrive\Desktop\Semester 3\.scala-build\ide-envs.json, C:\Users\justi\OneDrive\Desktop\Semester 3)
2025.10.23 19:22:47 INFO  tracing is disabled for protocol BSP, to enable tracing of incoming and outgoing JSON messages create an empty file at C:\Users\justi\OneDrive\Desktop\Semester 3\.metals\bsp.trace.json or C:\Users\justi\AppData\Local\scalameta\metals\cache\bsp.trace.json
2025.10.23 19:22:48 INFO  BSP server: Starting compilation server
2025.10.23 19:22:56 INFO  time: Connected to build server in 9.67s
2025.10.23 19:22:56 INFO  Connected to Build server: scala-cli v1.9.1
2025.10.23 19:22:56 INFO  Empty build targets. Expected at least one build target identifier. (full report at: "C:\Users\justi\OneDrive\Desktop\Semester 3\.metals\.reports\bloop\2025-10-16\r_Empty build targets...._21-28-14-151.md")
2025.10.23 19:22:56 INFO  Empty build targets. Expected at least one build target identifier. (full report at: "C:\Users\justi\OneDrive\Desktop\Semester 3\.metals\.reports\bloop\2025-10-16\r_Empty build targets...._21-28-14-151.md")
2025.10.23 19:22:56 INFO  Empty build targets. Expected at least one build target identifier. (full report at: "C:\Users\justi\OneDrive\Desktop\Semester 3\.metals\.reports\bloop\2025-10-16\r_Empty build targets...._21-28-14-151.md")
2025.10.23 19:22:56 INFO  Empty build targets. Expected at least one build target identifier. (full report at: "C:\Users\justi\OneDrive\Desktop\Semester 3\.metals\.reports\bloop\2025-10-16\r_Empty build targets...._21-28-14-151.md")
2025.10.23 19:22:56 INFO  time: Imported build in 0.11s
2025.10.23 19:22:56 INFO  compiling semester 3_d5c0a6989e (10 scala sources)
2025.10.23 19:23:00 WARN  Invalid text document uri received from build server: file:///C:/Users/justi/OneDrive/Desktop/Semester%203/4.%20Software%20Engeneering/getting_started/introduction_to_scala.scala
2025.10.23 19:23:00 INFO  compiling semester 3_d5c0a6989e (10 scala sources)
2025.10.23 19:23:01 WARN  Using H2 2.4.240 which is newer than the version Flyway has been verified with. The latest verified version of H2 is 2.3.232.
2025.10.23 19:23:01 INFO  time: indexed workspace in 5.05s
Okt. 23, 2025 7:25:48 PM org.eclipse.lsp4j.jsonrpc.services.GenericEndpoint notify
INFORMATION: Unsupported notification method: $/setTrace
2025.10.23 19:29:32 INFO  Shutting down server
2025.10.23 19:29:32 INFO  shutting down Metals
2025.10.23 19:29:32 INFO  Shut down connection with build server.
2025.10.23 19:29:32 INFO  Exiting server
2025.12.08 08:22:21 INFO  Started: Metals version 1.6.4 in folders 'C:\Users\Nikita\Desktop\Semester3\Semester_3' for client Visual Studio Code 1.106.2.
2025.12.08 08:22:22 WARN  Using H2 2.4.240 which is newer than the version Flyway has been verified with. The latest verified version of H2 is 2.3.232.
2025.12.08 08:22:22 INFO  Attempting to connect to the build server...
2025.12.08 08:22:22 INFO  Running BSP server List(C:\Users\justi\AppData\Local\Coursier\data\bin\.scala-cli.aux.exe, bsp, --json-options, C:\Users\justi\OneDrive\Desktop\Semester 3\.scala-build\ide-options-v2.json, --json-launcher-options, C:\Users\justi\OneDrive\Desktop\Semester 3\.scala-build\ide-launcher-options.json, --envs-file, C:\Users\justi\OneDrive\Desktop\Semester 3\.scala-build\ide-envs.json, C:\Users\justi\OneDrive\Desktop\Semester 3)
2025.12.08 08:22:22 ERROR Running process 'C:\Users\justi\AppData\Local\Coursier\data\bin\.scala-cli.aux.exe bsp --json-options C:\Users\justi\OneDrive\Desktop\Semester 3\.scala-build\ide-options-v2.json --json-launcher-options C:\Users\justi\OneDrive\Desktop\Semester 3\.scala-build\ide-launcher-options.json --envs-file C:\Users\justi\OneDrive\Desktop\Semester 3\.scala-build\ide-envs.json C:\Users\justi\OneDrive\Desktop\Semester 3' failed
java.io.IOException: Cannot run program "C:\Users\justi\AppData\Local\Coursier\data\bin\.scala-cli.aux.exe" (in directory "C:\Users\Nikita\Desktop\Semester3\Semester_3"): CreateProcess error=2, Das System kann die angegebene Datei nicht finden
	at java.lang.ProcessBuilder.start(ProcessBuilder.java:1112)
	at java.lang.ProcessBuilder.start(ProcessBuilder.java:1046)
	at scala.meta.internal.process.SystemProcess$.run(SystemProcess.scala:48)
	at scala.meta.internal.bsp.BspServers.newConnection$1(BspServers.scala:118)
	at scala.meta.internal.bsp.BspServers.$anonfun$newServer$8(BspServers.scala:161)
	at scala.meta.internal.metals.BuildServerConnection$.setupServer$1(BuildServerConnection.scala:631)
	at scala.meta.internal.metals.BuildServerConnection$.fromSockets(BuildServerConnection.scala:700)
	at scala.meta.internal.bsp.BspServers.newServer(BspServers.scala:156)
	at scala.meta.internal.bsp.BspConnector.connect$1(BspConnector.scala:185)
	at scala.meta.internal.bsp.BspConnector.connect(BspConnector.scala:260)
	at scala.meta.internal.metals.ConnectionProvider$Connect$.$anonfun$createSession$7(ConnectionProvider.scala:586)
	at scala.concurrent.impl.Promise$Transformation.run(Promise.scala:503)
	at java.util.concurrent.ThreadPoolExecutor.runWorker(ThreadPoolExecutor.java:1090)
	at java.util.concurrent.ThreadPoolExecutor$Worker.run(ThreadPoolExecutor.java:614)
	at java.lang.Thread.run(Thread.java:1474)
Caused by: java.io.IOException: CreateProcess error=2, Das System kann die angegebene Datei nicht finden
	at java.lang.ProcessImpl.create(Native Method)
	at java.lang.ProcessImpl.<init>(ProcessImpl.java:485)
	at java.lang.ProcessImpl.start(ProcessImpl.java:146)
	at java.lang.ProcessBuilder.start(ProcessBuilder.java:1078)
	at java.lang.ProcessBuilder.start(ProcessBuilder.java:1046)
	at scala.meta.internal.process.SystemProcess$.run(SystemProcess.scala:48)
	at scala.meta.internal.bsp.BspServers.newConnection$1(BspServers.scala:118)
	at scala.meta.internal.bsp.BspServers.$anonfun$newServer$8(BspServers.scala:161)
	at scala.meta.internal.metals.BuildServerConnection$.setupServer$1(BuildServerConnection.scala:631)
	at scala.meta.internal.metals.BuildServerConnection$.fromSockets(BuildServerConnection.scala:700)
	at scala.meta.internal.bsp.BspServers.newServer(BspServers.scala:156)
	at scala.meta.internal.bsp.BspConnector.connect$1(BspConnector.scala:185)
	at scala.meta.internal.bsp.BspConnector.connect(BspConnector.scala:260)
	at scala.meta.internal.metals.ConnectionProvider$Connect$.$anonfun$createSession$7(ConnectionProvider.scala:586)
	at scala.concurrent.impl.Promise$Transformation.run(Promise.scala:503)
	at java.util.concurrent.ThreadPoolExecutor.runWorker(ThreadPoolExecutor.java:1090)
	at java.util.concurrent.ThreadPoolExecutor$Worker.run(ThreadPoolExecutor.java:614)
	at java.lang.Thread.run(Thread.java:1474)

2025.12.08 08:22:22 INFO  tracing is disabled for protocol BSP, to enable tracing of incoming and outgoing JSON messages create an empty file at C:\Users\Nikita\Desktop\Semester3\Semester_3\.metals\bsp.trace.json or C:\Users\Nikita\AppData\Local\scalameta\metals\cache\bsp.trace.json
2025.12.08 08:23:16 INFO  no build target found for C:\Users\Nikita\Desktop\Semester3\Semester_3\1. Algorithmen und Datenstrukturen\baeume\Node.java. Using fallback presentation compiler.
2025.12.08 08:23:17 INFO  no build target found for C:\Users\Nikita\Desktop\Semester3\Semester_3\1. Algorithmen und Datenstrukturen\baeume\Node.java. Using fallback presentation compiler.
2025.12.08 08:23:17 INFO  no build target found for C:\Users\Nikita\Desktop\Semester3\Semester_3\1. Algorithmen und Datenstrukturen\baeume\Node.java. Using fallback presentation compiler.
2025.12.08 08:23:17 INFO  no build target found for C:\Users\Nikita\Desktop\Semester3\Semester_3\1. Algorithmen und Datenstrukturen\baeume\Node.java. Using fallback presentation compiler.
Dez. 08, 2025 8:23:17 AM org.eclipse.lsp4j.jsonrpc.RemoteEndpoint handleCancellation
WARNUNG: Unmatched cancel notification for request id 6
2025.12.08 08:23:22 ERROR Timeout waiting for 'build/initialize' response
2025.12.08 08:23:22 WARN  Retrying connection to the build server scala-cli
2025.12.08 08:23:22 INFO  Running BSP server List(C:\Users\justi\AppData\Local\Coursier\data\bin\.scala-cli.aux.exe, bsp, --json-options, C:\Users\justi\OneDrive\Desktop\Semester 3\.scala-build\ide-options-v2.json, --json-launcher-options, C:\Users\justi\OneDrive\Desktop\Semester 3\.scala-build\ide-launcher-options.json, --envs-file, C:\Users\justi\OneDrive\Desktop\Semester 3\.scala-build\ide-envs.json, C:\Users\justi\OneDrive\Desktop\Semester 3)
2025.12.08 08:23:22 ERROR Running process 'C:\Users\justi\AppData\Local\Coursier\data\bin\.scala-cli.aux.exe bsp --json-options C:\Users\justi\OneDrive\Desktop\Semester 3\.scala-build\ide-options-v2.json --json-launcher-options C:\Users\justi\OneDrive\Desktop\Semester 3\.scala-build\ide-launcher-options.json --envs-file C:\Users\justi\OneDrive\Desktop\Semester 3\.scala-build\ide-envs.json C:\Users\justi\OneDrive\Desktop\Semester 3' failed
java.io.IOException: Cannot run program "C:\Users\justi\AppData\Local\Coursier\data\bin\.scala-cli.aux.exe" (in directory "C:\Users\Nikita\Desktop\Semester3\Semester_3"): CreateProcess error=2, Das System kann die angegebene Datei nicht finden
	at java.lang.ProcessBuilder.start(ProcessBuilder.java:1112)
	at java.lang.ProcessBuilder.start(ProcessBuilder.java:1046)
	at scala.meta.internal.process.SystemProcess$.run(SystemProcess.scala:48)
	at scala.meta.internal.bsp.BspServers.newConnection$1(BspServers.scala:118)
	at scala.meta.internal.bsp.BspServers.$anonfun$newServer$8(BspServers.scala:161)
	at scala.meta.internal.metals.BuildServerConnection$.setupServer$1(BuildServerConnection.scala:631)
	at scala.meta.internal.metals.BuildServerConnection$.fromSockets(BuildServerConnection.scala:700)
	at scala.meta.internal.metals.BuildServerConnection$$anonfun$fromSockets$17.applyOrElse(BuildServerConnection.scala:717)
	at scala.meta.internal.metals.BuildServerConnection$$anonfun$fromSockets$17.applyOrElse(BuildServerConnection.scala:714)
	at scala.concurrent.impl.Promise$Transformation.run(Promise.scala:523)
	at java.util.concurrent.ThreadPoolExecutor.runWorker(ThreadPoolExecutor.java:1090)
	at java.util.concurrent.ThreadPoolExecutor$Worker.run(ThreadPoolExecutor.java:614)
	at java.lang.Thread.run(Thread.java:1474)
Caused by: java.io.IOException: CreateProcess error=2, Das System kann die angegebene Datei nicht finden
	at java.lang.ProcessImpl.create(Native Method)
	at java.lang.ProcessImpl.<init>(ProcessImpl.java:485)
	at java.lang.ProcessImpl.start(ProcessImpl.java:146)
	at java.lang.ProcessBuilder.start(ProcessBuilder.java:1078)
	at java.lang.ProcessBuilder.start(ProcessBuilder.java:1046)
	at scala.meta.internal.process.SystemProcess$.run(SystemProcess.scala:48)
	at scala.meta.internal.bsp.BspServers.newConnection$1(BspServers.scala:118)
	at scala.meta.internal.bsp.BspServers.$anonfun$newServer$8(BspServers.scala:161)
	at scala.meta.internal.metals.BuildServerConnection$.setupServer$1(BuildServerConnection.scala:631)
	at scala.meta.internal.metals.BuildServerConnection$.fromSockets(BuildServerConnection.scala:700)
	at scala.meta.internal.metals.BuildServerConnection$$anonfun$fromSockets$17.applyOrElse(BuildServerConnection.scala:717)
	at scala.meta.internal.metals.BuildServerConnection$$anonfun$fromSockets$17.applyOrElse(BuildServerConnection.scala:714)
	at scala.concurrent.impl.Promise$Transformation.run(Promise.scala:523)
	at java.util.concurrent.ThreadPoolExecutor.runWorker(ThreadPoolExecutor.java:1090)
	at java.util.concurrent.ThreadPoolExecutor$Worker.run(ThreadPoolExecutor.java:614)
	at java.lang.Thread.run(Thread.java:1474)

2025.12.08 08:23:22 INFO  tracing is disabled for protocol BSP, to enable tracing of incoming and outgoing JSON messages create an empty file at C:\Users\Nikita\Desktop\Semester3\Semester_3\.metals\bsp.trace.json or C:\Users\Nikita\AppData\Local\scalameta\metals\cache\bsp.trace.json
2025.12.08 08:23:27 INFO  no build target found for C:\Users\Nikita\Desktop\Semester3\Semester_3\1. Algorithmen und Datenstrukturen\baeume\Node.java. Using fallback presentation compiler.
2025.12.08 08:23:32 INFO  no build target found for C:\Users\Nikita\Desktop\Semester3\Semester_3\1. Algorithmen und Datenstrukturen\baeume\Node.java. Using fallback presentation compiler.
2025.12.08 08:23:32 INFO  no build target found for C:\Users\Nikita\Desktop\Semester3\Semester_3\1. Algorithmen und Datenstrukturen\baeume\Node.java. Using fallback presentation compiler.
2025.12.08 08:23:32 INFO  no build target found for C:\Users\Nikita\Desktop\Semester3\Semester_3\1. Algorithmen und Datenstrukturen\baeume\Node.java. Using fallback presentation compiler.
2025.12.08 08:23:32 INFO  no build target found for C:\Users\Nikita\Desktop\Semester3\Semester_3\1. Algorithmen und Datenstrukturen\baeume\Node.java. Using fallback presentation compiler.
Dez. 08, 2025 8:23:33 AM org.eclipse.lsp4j.jsonrpc.RemoteEndpoint handleCancellation
WARNUNG: Unmatched cancel notification for request id 14
Dez. 08, 2025 8:23:33 AM org.eclipse.lsp4j.jsonrpc.RemoteEndpoint handleCancellation
WARNUNG: Unmatched cancel notification for request id 15
Dez. 08, 2025 8:23:33 AM org.eclipse.lsp4j.jsonrpc.RemoteEndpoint handleCancellation
WARNUNG: Unmatched cancel notification for request id 16
2025.12.08 08:23:33 INFO  no build target found for C:\Users\Nikita\Desktop\Semester3\Semester_3\1. Algorithmen und Datenstrukturen\baeume\Node.java. Using fallback presentation compiler.
2025.12.08 08:23:34 INFO  no build target found for C:\Users\Nikita\Desktop\Semester3\Semester_3\1. Algorithmen und Datenstrukturen\baeume\Node.java. Using fallback presentation compiler.
2025.12.08 08:23:34 INFO  no build target found for C:\Users\Nikita\Desktop\Semester3\Semester_3\1. Algorithmen und Datenstrukturen\baeume\Node.java. Using fallback presentation compiler.
2025.12.08 08:23:35 INFO  no build target found for C:\Users\Nikita\Desktop\Semester3\Semester_3\1. Algorithmen und Datenstrukturen\baeume\Node.java. Using fallback presentation compiler.
2025.12.08 08:23:35 INFO  no build target found for C:\Users\Nikita\Desktop\Semester3\Semester_3\1. Algorithmen und Datenstrukturen\baeume\Node.java. Using fallback presentation compiler.
2025.12.08 08:23:38 INFO  no build target found for C:\Users\Nikita\Desktop\Semester3\Semester_3\1. Algorithmen und Datenstrukturen\baeume\Baum.java. Using fallback presentation compiler.
2025.12.08 08:23:38 INFO  no build target found for C:\Users\Nikita\Desktop\Semester3\Semester_3\1. Algorithmen und Datenstrukturen\baeume\Baum.java. Using fallback presentation compiler.
2025.12.08 08:23:38 INFO  no build target found for C:\Users\Nikita\Desktop\Semester3\Semester_3\1. Algorithmen und Datenstrukturen\baeume\Baum.java. Using fallback presentation compiler.
2025.12.08 08:23:39 INFO  no build target found for C:\Users\Nikita\Desktop\Semester3\Semester_3\1. Algorithmen und Datenstrukturen\baeume\Baum.java. Using fallback presentation compiler.
2025.12.08 08:23:39 INFO  no build target found for C:\Users\Nikita\Desktop\Semester3\Semester_3\1. Algorithmen und Datenstrukturen\baeume\Baum.java. Using fallback presentation compiler.
2025.12.08 08:23:49 INFO  no build target found for C:\Users\Nikita\Desktop\Semester3\Semester_3\1. Algorithmen und Datenstrukturen\baeume\Main.java. Using fallback presentation compiler.
2025.12.08 08:23:49 INFO  no build target found for C:\Users\Nikita\Desktop\Semester3\Semester_3\1. Algorithmen und Datenstrukturen\baeume\Main.java. Using fallback presentation compiler.
2025.12.08 08:23:49 INFO  no build target found for C:\Users\Nikita\Desktop\Semester3\Semester_3\1. Algorithmen und Datenstrukturen\baeume\Main.java. Using fallback presentation compiler.
2025.12.08 08:24:22 ERROR Timeout waiting for 'build/initialize' response
2025.12.08 08:24:22 WARN  Retrying connection to the build server scala-cli
2025.12.08 08:24:22 INFO  Running BSP server List(C:\Users\justi\AppData\Local\Coursier\data\bin\.scala-cli.aux.exe, bsp, --json-options, C:\Users\justi\OneDrive\Desktop\Semester 3\.scala-build\ide-options-v2.json, --json-launcher-options, C:\Users\justi\OneDrive\Desktop\Semester 3\.scala-build\ide-launcher-options.json, --envs-file, C:\Users\justi\OneDrive\Desktop\Semester 3\.scala-build\ide-envs.json, C:\Users\justi\OneDrive\Desktop\Semester 3)
2025.12.08 08:24:22 ERROR Running process 'C:\Users\justi\AppData\Local\Coursier\data\bin\.scala-cli.aux.exe bsp --json-options C:\Users\justi\OneDrive\Desktop\Semester 3\.scala-build\ide-options-v2.json --json-launcher-options C:\Users\justi\OneDrive\Desktop\Semester 3\.scala-build\ide-launcher-options.json --envs-file C:\Users\justi\OneDrive\Desktop\Semester 3\.scala-build\ide-envs.json C:\Users\justi\OneDrive\Desktop\Semester 3' failed
java.io.IOException: Cannot run program "C:\Users\justi\AppData\Local\Coursier\data\bin\.scala-cli.aux.exe" (in directory "C:\Users\Nikita\Desktop\Semester3\Semester_3"): CreateProcess error=2, Das System kann die angegebene Datei nicht finden
	at java.lang.ProcessBuilder.start(ProcessBuilder.java:1112)
	at java.lang.ProcessBuilder.start(ProcessBuilder.java:1046)
	at scala.meta.internal.process.SystemProcess$.run(SystemProcess.scala:48)
	at scala.meta.internal.bsp.BspServers.newConnection$1(BspServers.scala:118)
	at scala.meta.internal.bsp.BspServers.$anonfun$newServer$8(BspServers.scala:161)
	at scala.meta.internal.metals.BuildServerConnection$.setupServer$1(BuildServerConnection.scala:631)
	at scala.meta.internal.metals.BuildServerConnection$.fromSockets(BuildServerConnection.scala:700)
	at scala.meta.internal.metals.BuildServerConnection$$anonfun$fromSockets$17.applyOrElse(BuildServerConnection.scala:717)
	at scala.meta.internal.metals.BuildServerConnection$$anonfun$fromSockets$17.applyOrElse(BuildServerConnection.scala:714)
	at scala.concurrent.impl.Promise$Transformation.run(Promise.scala:523)
	at java.util.concurrent.ThreadPoolExecutor.runWorker(ThreadPoolExecutor.java:1090)
	at java.util.concurrent.ThreadPoolExecutor$Worker.run(ThreadPoolExecutor.java:614)
	at java.lang.Thread.run(Thread.java:1474)
Caused by: java.io.IOException: CreateProcess error=2, Das System kann die angegebene Datei nicht finden
	at java.lang.ProcessImpl.create(Native Method)
	at java.lang.ProcessImpl.<init>(ProcessImpl.java:485)
	at java.lang.ProcessImpl.start(ProcessImpl.java:146)
	at java.lang.ProcessBuilder.start(ProcessBuilder.java:1078)
	at java.lang.ProcessBuilder.start(ProcessBuilder.java:1046)
	at scala.meta.internal.process.SystemProcess$.run(SystemProcess.scala:48)
	at scala.meta.internal.bsp.BspServers.newConnection$1(BspServers.scala:118)
	at scala.meta.internal.bsp.BspServers.$anonfun$newServer$8(BspServers.scala:161)
	at scala.meta.internal.metals.BuildServerConnection$.setupServer$1(BuildServerConnection.scala:631)
	at scala.meta.internal.metals.BuildServerConnection$.fromSockets(BuildServerConnection.scala:700)
	at scala.meta.internal.metals.BuildServerConnection$$anonfun$fromSockets$17.applyOrElse(BuildServerConnection.scala:717)
	at scala.meta.internal.metals.BuildServerConnection$$anonfun$fromSockets$17.applyOrElse(BuildServerConnection.scala:714)
	at scala.concurrent.impl.Promise$Transformation.run(Promise.scala:523)
	at java.util.concurrent.ThreadPoolExecutor.runWorker(ThreadPoolExecutor.java:1090)
	at java.util.concurrent.ThreadPoolExecutor$Worker.run(ThreadPoolExecutor.java:614)
	at java.lang.Thread.run(Thread.java:1474)

2025.12.08 08:24:22 INFO  tracing is disabled for protocol BSP, to enable tracing of incoming and outgoing JSON messages create an empty file at C:\Users\Nikita\Desktop\Semester3\Semester_3\.metals\bsp.trace.json or C:\Users\Nikita\AppData\Local\scalameta\metals\cache\bsp.trace.json
2025.12.08 08:25:22 ERROR Timeout waiting for 'build/initialize' response
2025.12.08 08:25:22 WARN  Retrying connection to the build server scala-cli
2025.12.08 08:25:22 INFO  Running BSP server List(C:\Users\justi\AppData\Local\Coursier\data\bin\.scala-cli.aux.exe, bsp, --json-options, C:\Users\justi\OneDrive\Desktop\Semester 3\.scala-build\ide-options-v2.json, --json-launcher-options, C:\Users\justi\OneDrive\Desktop\Semester 3\.scala-build\ide-launcher-options.json, --envs-file, C:\Users\justi\OneDrive\Desktop\Semester 3\.scala-build\ide-envs.json, C:\Users\justi\OneDrive\Desktop\Semester 3)
2025.12.08 08:25:22 ERROR Running process 'C:\Users\justi\AppData\Local\Coursier\data\bin\.scala-cli.aux.exe bsp --json-options C:\Users\justi\OneDrive\Desktop\Semester 3\.scala-build\ide-options-v2.json --json-launcher-options C:\Users\justi\OneDrive\Desktop\Semester 3\.scala-build\ide-launcher-options.json --envs-file C:\Users\justi\OneDrive\Desktop\Semester 3\.scala-build\ide-envs.json C:\Users\justi\OneDrive\Desktop\Semester 3' failed
java.io.IOException: Cannot run program "C:\Users\justi\AppData\Local\Coursier\data\bin\.scala-cli.aux.exe" (in directory "C:\Users\Nikita\Desktop\Semester3\Semester_3"): CreateProcess error=2, Das System kann die angegebene Datei nicht finden
	at java.lang.ProcessBuilder.start(ProcessBuilder.java:1112)
	at java.lang.ProcessBuilder.start(ProcessBuilder.java:1046)
	at scala.meta.internal.process.SystemProcess$.run(SystemProcess.scala:48)
	at scala.meta.internal.bsp.BspServers.newConnection$1(BspServers.scala:118)
	at scala.meta.internal.bsp.BspServers.$anonfun$newServer$8(BspServers.scala:161)
	at scala.meta.internal.metals.BuildServerConnection$.setupServer$1(BuildServerConnection.scala:631)
	at scala.meta.internal.metals.BuildServerConnection$.fromSockets(BuildServerConnection.scala:700)
	at scala.meta.internal.metals.BuildServerConnection$$anonfun$fromSockets$17.applyOrElse(BuildServerConnection.scala:717)
	at scala.meta.internal.metals.BuildServerConnection$$anonfun$fromSockets$17.applyOrElse(BuildServerConnection.scala:714)
	at scala.concurrent.impl.Promise$Transformation.run(Promise.scala:523)
	at java.util.concurrent.ThreadPoolExecutor.runWorker(ThreadPoolExecutor.java:1090)
	at java.util.concurrent.ThreadPoolExecutor$Worker.run(ThreadPoolExecutor.java:614)
	at java.lang.Thread.run(Thread.java:1474)
Caused by: java.io.IOException: CreateProcess error=2, Das System kann die angegebene Datei nicht finden
	at java.lang.ProcessImpl.create(Native Method)
	at java.lang.ProcessImpl.<init>(ProcessImpl.java:485)
	at java.lang.ProcessImpl.start(ProcessImpl.java:146)
	at java.lang.ProcessBuilder.start(ProcessBuilder.java:1078)
	at java.lang.ProcessBuilder.start(ProcessBuilder.java:1046)
	at scala.meta.internal.process.SystemProcess$.run(SystemProcess.scala:48)
	at scala.meta.internal.bsp.BspServers.newConnection$1(BspServers.scala:118)
	at scala.meta.internal.bsp.BspServers.$anonfun$newServer$8(BspServers.scala:161)
	at scala.meta.internal.metals.BuildServerConnection$.setupServer$1(BuildServerConnection.scala:631)
	at scala.meta.internal.metals.BuildServerConnection$.fromSockets(BuildServerConnection.scala:700)
	at scala.meta.internal.metals.BuildServerConnection$$anonfun$fromSockets$17.applyOrElse(BuildServerConnection.scala:717)
	at scala.meta.internal.metals.BuildServerConnection$$anonfun$fromSockets$17.applyOrElse(BuildServerConnection.scala:714)
	at scala.concurrent.impl.Promise$Transformation.run(Promise.scala:523)
	at java.util.concurrent.ThreadPoolExecutor.runWorker(ThreadPoolExecutor.java:1090)
	at java.util.concurrent.ThreadPoolExecutor$Worker.run(ThreadPoolExecutor.java:614)
	at java.lang.Thread.run(Thread.java:1474)

2025.12.08 08:25:22 INFO  tracing is disabled for protocol BSP, to enable tracing of incoming and outgoing JSON messages create an empty file at C:\Users\Nikita\Desktop\Semester3\Semester_3\.metals\bsp.trace.json or C:\Users\Nikita\AppData\Local\scalameta\metals\cache\bsp.trace.json
2025.12.08 08:26:22 ERROR Timeout waiting for 'build/initialize' response
2025.12.08 08:26:22 WARN  Retrying connection to the build server scala-cli
2025.12.08 08:26:22 INFO  Running BSP server List(C:\Users\justi\AppData\Local\Coursier\data\bin\.scala-cli.aux.exe, bsp, --json-options, C:\Users\justi\OneDrive\Desktop\Semester 3\.scala-build\ide-options-v2.json, --json-launcher-options, C:\Users\justi\OneDrive\Desktop\Semester 3\.scala-build\ide-launcher-options.json, --envs-file, C:\Users\justi\OneDrive\Desktop\Semester 3\.scala-build\ide-envs.json, C:\Users\justi\OneDrive\Desktop\Semester 3)
2025.12.08 08:26:22 ERROR Running process 'C:\Users\justi\AppData\Local\Coursier\data\bin\.scala-cli.aux.exe bsp --json-options C:\Users\justi\OneDrive\Desktop\Semester 3\.scala-build\ide-options-v2.json --json-launcher-options C:\Users\justi\OneDrive\Desktop\Semester 3\.scala-build\ide-launcher-options.json --envs-file C:\Users\justi\OneDrive\Desktop\Semester 3\.scala-build\ide-envs.json C:\Users\justi\OneDrive\Desktop\Semester 3' failed
java.io.IOException: Cannot run program "C:\Users\justi\AppData\Local\Coursier\data\bin\.scala-cli.aux.exe" (in directory "C:\Users\Nikita\Desktop\Semester3\Semester_3"): CreateProcess error=2, Das System kann die angegebene Datei nicht finden
	at java.lang.ProcessBuilder.start(ProcessBuilder.java:1112)
	at java.lang.ProcessBuilder.start(ProcessBuilder.java:1046)
	at scala.meta.internal.process.SystemProcess$.run(SystemProcess.scala:48)
	at scala.meta.internal.bsp.BspServers.newConnection$1(BspServers.scala:118)
	at scala.meta.internal.bsp.BspServers.$anonfun$newServer$8(BspServers.scala:161)
	at scala.meta.internal.metals.BuildServerConnection$.setupServer$1(BuildServerConnection.scala:631)
	at scala.meta.internal.metals.BuildServerConnection$.fromSockets(BuildServerConnection.scala:700)
	at scala.meta.internal.metals.BuildServerConnection$$anonfun$fromSockets$17.applyOrElse(BuildServerConnection.scala:717)
	at scala.meta.internal.metals.BuildServerConnection$$anonfun$fromSockets$17.applyOrElse(BuildServerConnection.scala:714)
	at scala.concurrent.impl.Promise$Transformation.run(Promise.scala:523)
	at java.util.concurrent.ThreadPoolExecutor.runWorker(ThreadPoolExecutor.java:1090)
	at java.util.concurrent.ThreadPoolExecutor$Worker.run(ThreadPoolExecutor.java:614)
	at java.lang.Thread.run(Thread.java:1474)
Caused by: java.io.IOException: CreateProcess error=2, Das System kann die angegebene Datei nicht finden
	at java.lang.ProcessImpl.create(Native Method)
	at java.lang.ProcessImpl.<init>(ProcessImpl.java:485)
	at java.lang.ProcessImpl.start(ProcessImpl.java:146)
	at java.lang.ProcessBuilder.start(ProcessBuilder.java:1078)
	at java.lang.ProcessBuilder.start(ProcessBuilder.java:1046)
	at scala.meta.internal.process.SystemProcess$.run(SystemProcess.scala:48)
	at scala.meta.internal.bsp.BspServers.newConnection$1(BspServers.scala:118)
	at scala.meta.internal.bsp.BspServers.$anonfun$newServer$8(BspServers.scala:161)
	at scala.meta.internal.metals.BuildServerConnection$.setupServer$1(BuildServerConnection.scala:631)
	at scala.meta.internal.metals.BuildServerConnection$.fromSockets(BuildServerConnection.scala:700)
	at scala.meta.internal.metals.BuildServerConnection$$anonfun$fromSockets$17.applyOrElse(BuildServerConnection.scala:717)
	at scala.meta.internal.metals.BuildServerConnection$$anonfun$fromSockets$17.applyOrElse(BuildServerConnection.scala:714)
	at scala.concurrent.impl.Promise$Transformation.run(Promise.scala:523)
	at java.util.concurrent.ThreadPoolExecutor.runWorker(ThreadPoolExecutor.java:1090)
	at java.util.concurrent.ThreadPoolExecutor$Worker.run(ThreadPoolExecutor.java:614)
	at java.lang.Thread.run(Thread.java:1474)

2025.12.08 08:26:22 INFO  tracing is disabled for protocol BSP, to enable tracing of incoming and outgoing JSON messages create an empty file at C:\Users\Nikita\Desktop\Semester3\Semester_3\.metals\bsp.trace.json or C:\Users\Nikita\AppData\Local\scalameta\metals\cache\bsp.trace.json
2025.12.08 08:27:22 ERROR Timeout waiting for 'build/initialize' response
2025.12.08 08:27:22 WARN  Retrying connection to the build server scala-cli
2025.12.08 08:27:22 INFO  Running BSP server List(C:\Users\justi\AppData\Local\Coursier\data\bin\.scala-cli.aux.exe, bsp, --json-options, C:\Users\justi\OneDrive\Desktop\Semester 3\.scala-build\ide-options-v2.json, --json-launcher-options, C:\Users\justi\OneDrive\Desktop\Semester 3\.scala-build\ide-launcher-options.json, --envs-file, C:\Users\justi\OneDrive\Desktop\Semester 3\.scala-build\ide-envs.json, C:\Users\justi\OneDrive\Desktop\Semester 3)
2025.12.08 08:27:22 ERROR Running process 'C:\Users\justi\AppData\Local\Coursier\data\bin\.scala-cli.aux.exe bsp --json-options C:\Users\justi\OneDrive\Desktop\Semester 3\.scala-build\ide-options-v2.json --json-launcher-options C:\Users\justi\OneDrive\Desktop\Semester 3\.scala-build\ide-launcher-options.json --envs-file C:\Users\justi\OneDrive\Desktop\Semester 3\.scala-build\ide-envs.json C:\Users\justi\OneDrive\Desktop\Semester 3' failed
java.io.IOException: Cannot run program "C:\Users\justi\AppData\Local\Coursier\data\bin\.scala-cli.aux.exe" (in directory "C:\Users\Nikita\Desktop\Semester3\Semester_3"): CreateProcess error=2, Das System kann die angegebene Datei nicht finden
	at java.lang.ProcessBuilder.start(ProcessBuilder.java:1112)
	at java.lang.ProcessBuilder.start(ProcessBuilder.java:1046)
	at scala.meta.internal.process.SystemProcess$.run(SystemProcess.scala:48)
	at scala.meta.internal.bsp.BspServers.newConnection$1(BspServers.scala:118)
	at scala.meta.internal.bsp.BspServers.$anonfun$newServer$8(BspServers.scala:161)
	at scala.meta.internal.metals.BuildServerConnection$.setupServer$1(BuildServerConnection.scala:631)
	at scala.meta.internal.metals.BuildServerConnection$.fromSockets(BuildServerConnection.scala:700)
	at scala.meta.internal.metals.BuildServerConnection$$anonfun$fromSockets$17.applyOrElse(BuildServerConnection.scala:717)
	at scala.meta.internal.metals.BuildServerConnection$$anonfun$fromSockets$17.applyOrElse(BuildServerConnection.scala:714)
	at scala.concurrent.impl.Promise$Transformation.run(Promise.scala:523)
	at java.util.concurrent.ThreadPoolExecutor.runWorker(ThreadPoolExecutor.java:1090)
	at java.util.concurrent.ThreadPoolExecutor$Worker.run(ThreadPoolExecutor.java:614)
	at java.lang.Thread.run(Thread.java:1474)
Caused by: java.io.IOException: CreateProcess error=2, Das System kann die angegebene Datei nicht finden
	at java.lang.ProcessImpl.create(Native Method)
	at java.lang.ProcessImpl.<init>(ProcessImpl.java:485)
	at java.lang.ProcessImpl.start(ProcessImpl.java:146)
	at java.lang.ProcessBuilder.start(ProcessBuilder.java:1078)
	at java.lang.ProcessBuilder.start(ProcessBuilder.java:1046)
	at scala.meta.internal.process.SystemProcess$.run(SystemProcess.scala:48)
	at scala.meta.internal.bsp.BspServers.newConnection$1(BspServers.scala:118)
	at scala.meta.internal.bsp.BspServers.$anonfun$newServer$8(BspServers.scala:161)
	at scala.meta.internal.metals.BuildServerConnection$.setupServer$1(BuildServerConnection.scala:631)
	at scala.meta.internal.metals.BuildServerConnection$.fromSockets(BuildServerConnection.scala:700)
	at scala.meta.internal.metals.BuildServerConnection$$anonfun$fromSockets$17.applyOrElse(BuildServerConnection.scala:717)
	at scala.meta.internal.metals.BuildServerConnection$$anonfun$fromSockets$17.applyOrElse(BuildServerConnection.scala:714)
	at scala.concurrent.impl.Promise$Transformation.run(Promise.scala:523)
	at java.util.concurrent.ThreadPoolExecutor.runWorker(ThreadPoolExecutor.java:1090)
	at java.util.concurrent.ThreadPoolExecutor$Worker.run(ThreadPoolExecutor.java:614)
	at java.lang.Thread.run(Thread.java:1474)

2025.12.08 08:27:22 INFO  tracing is disabled for protocol BSP, to enable tracing of incoming and outgoing JSON messages create an empty file at C:\Users\Nikita\Desktop\Semester3\Semester_3\.metals\bsp.trace.json or C:\Users\Nikita\AppData\Local\scalameta\metals\cache\bsp.trace.json
2025.12.08 08:28:22 ERROR Timeout waiting for 'build/initialize' response
2025.12.08 08:28:22 ERROR Failed to connect with build server, no functionality will work.
java.util.concurrent.TimeoutException
	at java.util.concurrent.CompletableFuture.timedGet(CompletableFuture.java:1981)
	at java.util.concurrent.CompletableFuture.get(CompletableFuture.java:2116)
	at scala.meta.internal.metals.BuildServerConnection$.initialize(BuildServerConnection.scala:787)
	at scala.meta.internal.metals.BuildServerConnection$.$anonfun$fromSockets$1(BuildServerConnection.scala:658)
	at scala.concurrent.impl.Promise$Transformation.run(Promise.scala:500)
	at java.util.concurrent.ThreadPoolExecutor.runWorker(ThreadPoolExecutor.java:1090)
	at java.util.concurrent.ThreadPoolExecutor$Worker.run(ThreadPoolExecutor.java:614)
	at java.lang.Thread.run(Thread.java:1474)

2025.12.08 08:28:22 WARN  no build target for: C:\Users\Nikita\Desktop\Semester3\Semester_3\1. Algorithmen und Datenstrukturen\baeume\Main.java
2025.12.08 08:28:22 WARN  no build target for: C:\Users\Nikita\Desktop\Semester3\Semester_3\1. Algorithmen und Datenstrukturen\baeume\Baum.java
2025.12.08 08:28:22 WARN  no build target for: C:\Users\Nikita\Desktop\Semester3\Semester_3\1. Algorithmen und Datenstrukturen\baeume\Node.java
2025.12.08 08:28:22 INFO  no build target found for C:\Users\Nikita\Desktop\Semester3\Semester_3\1. Algorithmen und Datenstrukturen\baeume\Main.java. Using fallback presentation compiler.
2025.12.08 08:28:23 WARN  Running javac-semanticdb failed for file:///C:/Users/Nikita/Desktop/Semester3/Semester_3/1.%20Algorithmen%20und%20Datenstrukturen/baeume/Main.java. Output:

2025.12.08 08:28:23 WARN  Running javac-semanticdb failed for file:///C:/Users/Nikita/Desktop/Semester3/Semester_3/1.%20Algorithmen%20und%20Datenstrukturen/baeume/Baum.java. Output:

2025.12.08 08:28:23 WARN  Running javac-semanticdb failed for file:///C:/Users/Nikita/Desktop/Semester3/Semester_3/1.%20Algorithmen%20und%20Datenstrukturen/baeume/Node.java. Output:

2025.12.08 08:28:44 WARN  no build target for: C:\Users\Nikita\Desktop\Semester3\Semester_3\1. Algorithmen und Datenstrukturen\baeume\Baum.java
2025.12.08 08:28:44 INFO  no build target found for C:\Users\Nikita\Desktop\Semester3\Semester_3\1. Algorithmen und Datenstrukturen\baeume\Baum.java. Using fallback presentation compiler.
2025.12.08 08:28:44 INFO  no build target found for C:\Users\Nikita\Desktop\Semester3\Semester_3\1. Algorithmen und Datenstrukturen\baeume\Baum.java. Using fallback presentation compiler.
2025.12.08 08:28:44 INFO  no build target found for C:\Users\Nikita\Desktop\Semester3\Semester_3\1. Algorithmen und Datenstrukturen\baeume\Baum.java. Using fallback presentation compiler.
2025.12.08 08:28:46 WARN  no build target for: C:\Users\Nikita\Desktop\Semester3\Semester_3\1. Algorithmen und Datenstrukturen\baeume\Main.java
2025.12.08 08:28:46 INFO  no build target found for C:\Users\Nikita\Desktop\Semester3\Semester_3\1. Algorithmen und Datenstrukturen\baeume\Main.java. Using fallback presentation compiler.
2025.12.08 08:28:46 INFO  no build target found for C:\Users\Nikita\Desktop\Semester3\Semester_3\1. Algorithmen und Datenstrukturen\baeume\Main.java. Using fallback presentation compiler.
2025.12.08 08:28:48 WARN  no build target for: C:\Users\Nikita\Desktop\Semester3\Semester_3\1. Algorithmen und Datenstrukturen\baeume\Node.java
2025.12.08 08:28:48 INFO  no build target found for C:\Users\Nikita\Desktop\Semester3\Semester_3\1. Algorithmen und Datenstrukturen\baeume\Node.java. Using fallback presentation compiler.
2025.12.08 08:28:48 INFO  no build target found for C:\Users\Nikita\Desktop\Semester3\Semester_3\1. Algorithmen und Datenstrukturen\baeume\Node.java. Using fallback presentation compiler.
2025.12.08 08:28:48 INFO  no build target found for C:\Users\Nikita\Desktop\Semester3\Semester_3\1. Algorithmen und Datenstrukturen\baeume\Node.java. Using fallback presentation compiler.
2025.12.08 08:28:50 WARN  no build target for: C:\Users\Nikita\Desktop\Semester3\Semester_3\1. Algorithmen und Datenstrukturen\baeume\Main.java
2025.12.08 08:28:50 INFO  no build target found for C:\Users\Nikita\Desktop\Semester3\Semester_3\1. Algorithmen und Datenstrukturen\baeume\Main.java. Using fallback presentation compiler.
2025.12.08 08:28:50 INFO  no build target found for C:\Users\Nikita\Desktop\Semester3\Semester_3\1. Algorithmen und Datenstrukturen\baeume\Main.java. Using fallback presentation compiler.
2025.12.08 08:28:52 WARN  no build target for: C:\Users\Nikita\Desktop\Semester3\Semester_3\1. Algorithmen und Datenstrukturen\baeume\Node.java
2025.12.08 08:28:52 INFO  no build target found for C:\Users\Nikita\Desktop\Semester3\Semester_3\1. Algorithmen und Datenstrukturen\baeume\Node.java. Using fallback presentation compiler.
2025.12.08 08:28:52 INFO  no build target found for C:\Users\Nikita\Desktop\Semester3\Semester_3\1. Algorithmen und Datenstrukturen\baeume\Node.java. Using fallback presentation compiler.
2025.12.08 08:28:52 INFO  no build target found for C:\Users\Nikita\Desktop\Semester3\Semester_3\1. Algorithmen und Datenstrukturen\baeume\Node.java. Using fallback presentation compiler.
2025.12.08 21:19:18 INFO  Started: Metals version 1.6.4 in folders 'C:\Users\Nikita\Desktop\Semester3\Semester_3' for client Visual Studio Code 1.106.2.
2025.12.08 21:19:23 WARN  Using H2 2.4.240 which is newer than the version Flyway has been verified with. The latest verified version of H2 is 2.3.232.
2025.12.08 21:19:23 INFO  no build target found for C:\Users\Nikita\Desktop\Semester3\Semester_3\1. Algorithmen und Datenstrukturen\baeume\Node.java. Using fallback presentation compiler.
2025.12.08 21:19:23 INFO  no build target found for C:\Users\Nikita\Desktop\Semester3\Semester_3\1. Algorithmen und Datenstrukturen\baeume\Node.java. Using fallback presentation compiler.
2025.12.08 21:19:23 INFO  no build target found for C:\Users\Nikita\Desktop\Semester3\Semester_3\1. Algorithmen und Datenstrukturen\baeume\Node.java. Using fallback presentation compiler.
2025.12.08 21:19:23 INFO  Attempting to connect to the build server...
Dez. 08, 2025 9:19:23 PM org.eclipse.lsp4j.jsonrpc.RemoteEndpoint handleCancellation
WARNUNG: Unmatched cancel notification for request id 4
2025.12.08 21:19:23 INFO  no build target found for C:\Users\Nikita\Desktop\Semester3\Semester_3\1. Algorithmen und Datenstrukturen\baeume\Node.java. Using fallback presentation compiler.
2025.12.08 21:19:23 INFO  Running BSP server List(C:\Users\justi\AppData\Local\Coursier\data\bin\.scala-cli.aux.exe, bsp, --json-options, C:\Users\justi\OneDrive\Desktop\Semester 3\.scala-build\ide-options-v2.json, --json-launcher-options, C:\Users\justi\OneDrive\Desktop\Semester 3\.scala-build\ide-launcher-options.json, --envs-file, C:\Users\justi\OneDrive\Desktop\Semester 3\.scala-build\ide-envs.json, C:\Users\justi\OneDrive\Desktop\Semester 3)
2025.12.08 21:19:23 INFO  no build target found for C:\Users\Nikita\Desktop\Semester3\Semester_3\1. Algorithmen und Datenstrukturen\baeume\Node.java. Using fallback presentation compiler.
2025.12.08 21:19:23 ERROR Running process 'C:\Users\justi\AppData\Local\Coursier\data\bin\.scala-cli.aux.exe bsp --json-options C:\Users\justi\OneDrive\Desktop\Semester 3\.scala-build\ide-options-v2.json --json-launcher-options C:\Users\justi\OneDrive\Desktop\Semester 3\.scala-build\ide-launcher-options.json --envs-file C:\Users\justi\OneDrive\Desktop\Semester 3\.scala-build\ide-envs.json C:\Users\justi\OneDrive\Desktop\Semester 3' failed
java.io.IOException: Cannot run program "C:\Users\justi\AppData\Local\Coursier\data\bin\.scala-cli.aux.exe" (in directory "C:\Users\Nikita\Desktop\Semester3\Semester_3"): CreateProcess error=2, Das System kann die angegebene Datei nicht finden
	at java.lang.ProcessBuilder.start(ProcessBuilder.java:1112)
	at java.lang.ProcessBuilder.start(ProcessBuilder.java:1046)
	at scala.meta.internal.process.SystemProcess$.run(SystemProcess.scala:48)
	at scala.meta.internal.bsp.BspServers.newConnection$1(BspServers.scala:118)
	at scala.meta.internal.bsp.BspServers.$anonfun$newServer$8(BspServers.scala:161)
	at scala.meta.internal.metals.BuildServerConnection$.setupServer$1(BuildServerConnection.scala:631)
	at scala.meta.internal.metals.BuildServerConnection$.fromSockets(BuildServerConnection.scala:700)
	at scala.meta.internal.bsp.BspServers.newServer(BspServers.scala:156)
	at scala.meta.internal.bsp.BspConnector.connect$1(BspConnector.scala:185)
	at scala.meta.internal.bsp.BspConnector.connect(BspConnector.scala:260)
	at scala.meta.internal.metals.ConnectionProvider$Connect$.$anonfun$createSession$7(ConnectionProvider.scala:586)
	at scala.concurrent.impl.Promise$Transformation.run(Promise.scala:503)
	at java.util.concurrent.ThreadPoolExecutor.runWorker(ThreadPoolExecutor.java:1090)
	at java.util.concurrent.ThreadPoolExecutor$Worker.run(ThreadPoolExecutor.java:614)
	at java.lang.Thread.run(Thread.java:1474)
Caused by: java.io.IOException: CreateProcess error=2, Das System kann die angegebene Datei nicht finden
	at java.lang.ProcessImpl.create(Native Method)
	at java.lang.ProcessImpl.<init>(ProcessImpl.java:485)
	at java.lang.ProcessImpl.start(ProcessImpl.java:146)
	at java.lang.ProcessBuilder.start(ProcessBuilder.java:1078)
	at java.lang.ProcessBuilder.start(ProcessBuilder.java:1046)
	at scala.meta.internal.process.SystemProcess$.run(SystemProcess.scala:48)
	at scala.meta.internal.bsp.BspServers.newConnection$1(BspServers.scala:118)
	at scala.meta.internal.bsp.BspServers.$anonfun$newServer$8(BspServers.scala:161)
	at scala.meta.internal.metals.BuildServerConnection$.setupServer$1(BuildServerConnection.scala:631)
	at scala.meta.internal.metals.BuildServerConnection$.fromSockets(BuildServerConnection.scala:700)
	at scala.meta.internal.bsp.BspServers.newServer(BspServers.scala:156)
	at scala.meta.internal.bsp.BspConnector.connect$1(BspConnector.scala:185)
	at scala.meta.internal.bsp.BspConnector.connect(BspConnector.scala:260)
	at scala.meta.internal.metals.ConnectionProvider$Connect$.$anonfun$createSession$7(ConnectionProvider.scala:586)
	at scala.concurrent.impl.Promise$Transformation.run(Promise.scala:503)
	at java.util.concurrent.ThreadPoolExecutor.runWorker(ThreadPoolExecutor.java:1090)
	at java.util.concurrent.ThreadPoolExecutor$Worker.run(ThreadPoolExecutor.java:614)
	at java.lang.Thread.run(Thread.java:1474)

2025.12.08 21:19:23 INFO  tracing is disabled for protocol BSP, to enable tracing of incoming and outgoing JSON messages create an empty file at C:\Users\Nikita\Desktop\Semester3\Semester_3\.metals\bsp.trace.json or C:\Users\Nikita\AppData\Local\scalameta\metals\cache\bsp.trace.json
2025.12.08 21:19:32 INFO  no build target found for C:\Users\Nikita\Desktop\Semester3\Semester_3\1. Algorithmen und Datenstrukturen\baeume\Node.java. Using fallback presentation compiler.
2025.12.08 21:19:35 INFO  no build target found for C:\Users\Nikita\Desktop\Semester3\Semester_3\1. Algorithmen und Datenstrukturen\baeume\Node.java. Using fallback presentation compiler.
2025.12.08 21:20:23 ERROR Timeout waiting for 'build/initialize' response
2025.12.08 21:20:23 WARN  Retrying connection to the build server scala-cli
2025.12.08 21:20:23 INFO  Running BSP server List(C:\Users\justi\AppData\Local\Coursier\data\bin\.scala-cli.aux.exe, bsp, --json-options, C:\Users\justi\OneDrive\Desktop\Semester 3\.scala-build\ide-options-v2.json, --json-launcher-options, C:\Users\justi\OneDrive\Desktop\Semester 3\.scala-build\ide-launcher-options.json, --envs-file, C:\Users\justi\OneDrive\Desktop\Semester 3\.scala-build\ide-envs.json, C:\Users\justi\OneDrive\Desktop\Semester 3)
2025.12.08 21:20:23 ERROR Running process 'C:\Users\justi\AppData\Local\Coursier\data\bin\.scala-cli.aux.exe bsp --json-options C:\Users\justi\OneDrive\Desktop\Semester 3\.scala-build\ide-options-v2.json --json-launcher-options C:\Users\justi\OneDrive\Desktop\Semester 3\.scala-build\ide-launcher-options.json --envs-file C:\Users\justi\OneDrive\Desktop\Semester 3\.scala-build\ide-envs.json C:\Users\justi\OneDrive\Desktop\Semester 3' failed
java.io.IOException: Cannot run program "C:\Users\justi\AppData\Local\Coursier\data\bin\.scala-cli.aux.exe" (in directory "C:\Users\Nikita\Desktop\Semester3\Semester_3"): CreateProcess error=2, Das System kann die angegebene Datei nicht finden
	at java.lang.ProcessBuilder.start(ProcessBuilder.java:1112)
	at java.lang.ProcessBuilder.start(ProcessBuilder.java:1046)
	at scala.meta.internal.process.SystemProcess$.run(SystemProcess.scala:48)
	at scala.meta.internal.bsp.BspServers.newConnection$1(BspServers.scala:118)
	at scala.meta.internal.bsp.BspServers.$anonfun$newServer$8(BspServers.scala:161)
	at scala.meta.internal.metals.BuildServerConnection$.setupServer$1(BuildServerConnection.scala:631)
	at scala.meta.internal.metals.BuildServerConnection$.fromSockets(BuildServerConnection.scala:700)
	at scala.meta.internal.metals.BuildServerConnection$$anonfun$fromSockets$17.applyOrElse(BuildServerConnection.scala:717)
	at scala.meta.internal.metals.BuildServerConnection$$anonfun$fromSockets$17.applyOrElse(BuildServerConnection.scala:714)
	at scala.concurrent.impl.Promise$Transformation.run(Promise.scala:523)
	at java.util.concurrent.ThreadPoolExecutor.runWorker(ThreadPoolExecutor.java:1090)
	at java.util.concurrent.ThreadPoolExecutor$Worker.run(ThreadPoolExecutor.java:614)
	at java.lang.Thread.run(Thread.java:1474)
Caused by: java.io.IOException: CreateProcess error=2, Das System kann die angegebene Datei nicht finden
	at java.lang.ProcessImpl.create(Native Method)
	at java.lang.ProcessImpl.<init>(ProcessImpl.java:485)
	at java.lang.ProcessImpl.start(ProcessImpl.java:146)
	at java.lang.ProcessBuilder.start(ProcessBuilder.java:1078)
	at java.lang.ProcessBuilder.start(ProcessBuilder.java:1046)
	at scala.meta.internal.process.SystemProcess$.run(SystemProcess.scala:48)
	at scala.meta.internal.bsp.BspServers.newConnection$1(BspServers.scala:118)
	at scala.meta.internal.bsp.BspServers.$anonfun$newServer$8(BspServers.scala:161)
	at scala.meta.internal.metals.BuildServerConnection$.setupServer$1(BuildServerConnection.scala:631)
	at scala.meta.internal.metals.BuildServerConnection$.fromSockets(BuildServerConnection.scala:700)
	at scala.meta.internal.metals.BuildServerConnection$$anonfun$fromSockets$17.applyOrElse(BuildServerConnection.scala:717)
	at scala.meta.internal.metals.BuildServerConnection$$anonfun$fromSockets$17.applyOrElse(BuildServerConnection.scala:714)
	at scala.concurrent.impl.Promise$Transformation.run(Promise.scala:523)
	at java.util.concurrent.ThreadPoolExecutor.runWorker(ThreadPoolExecutor.java:1090)
	at java.util.concurrent.ThreadPoolExecutor$Worker.run(ThreadPoolExecutor.java:614)
	at java.lang.Thread.run(Thread.java:1474)

2025.12.08 21:20:23 INFO  tracing is disabled for protocol BSP, to enable tracing of incoming and outgoing JSON messages create an empty file at C:\Users\Nikita\Desktop\Semester3\Semester_3\.metals\bsp.trace.json or C:\Users\Nikita\AppData\Local\scalameta\metals\cache\bsp.trace.json
2025.12.08 21:21:23 ERROR Timeout waiting for 'build/initialize' response
2025.12.08 21:21:23 WARN  Retrying connection to the build server scala-cli
2025.12.08 21:21:23 INFO  Running BSP server List(C:\Users\justi\AppData\Local\Coursier\data\bin\.scala-cli.aux.exe, bsp, --json-options, C:\Users\justi\OneDrive\Desktop\Semester 3\.scala-build\ide-options-v2.json, --json-launcher-options, C:\Users\justi\OneDrive\Desktop\Semester 3\.scala-build\ide-launcher-options.json, --envs-file, C:\Users\justi\OneDrive\Desktop\Semester 3\.scala-build\ide-envs.json, C:\Users\justi\OneDrive\Desktop\Semester 3)
2025.12.08 21:21:23 ERROR Running process 'C:\Users\justi\AppData\Local\Coursier\data\bin\.scala-cli.aux.exe bsp --json-options C:\Users\justi\OneDrive\Desktop\Semester 3\.scala-build\ide-options-v2.json --json-launcher-options C:\Users\justi\OneDrive\Desktop\Semester 3\.scala-build\ide-launcher-options.json --envs-file C:\Users\justi\OneDrive\Desktop\Semester 3\.scala-build\ide-envs.json C:\Users\justi\OneDrive\Desktop\Semester 3' failed
java.io.IOException: Cannot run program "C:\Users\justi\AppData\Local\Coursier\data\bin\.scala-cli.aux.exe" (in directory "C:\Users\Nikita\Desktop\Semester3\Semester_3"): CreateProcess error=2, Das System kann die angegebene Datei nicht finden
	at java.lang.ProcessBuilder.start(ProcessBuilder.java:1112)
	at java.lang.ProcessBuilder.start(ProcessBuilder.java:1046)
	at scala.meta.internal.process.SystemProcess$.run(SystemProcess.scala:48)
	at scala.meta.internal.bsp.BspServers.newConnection$1(BspServers.scala:118)
	at scala.meta.internal.bsp.BspServers.$anonfun$newServer$8(BspServers.scala:161)
	at scala.meta.internal.metals.BuildServerConnection$.setupServer$1(BuildServerConnection.scala:631)
	at scala.meta.internal.metals.BuildServerConnection$.fromSockets(BuildServerConnection.scala:700)
	at scala.meta.internal.metals.BuildServerConnection$$anonfun$fromSockets$17.applyOrElse(BuildServerConnection.scala:717)
	at scala.meta.internal.metals.BuildServerConnection$$anonfun$fromSockets$17.applyOrElse(BuildServerConnection.scala:714)
	at scala.concurrent.impl.Promise$Transformation.run(Promise.scala:523)
	at java.util.concurrent.ThreadPoolExecutor.runWorker(ThreadPoolExecutor.java:1090)
	at java.util.concurrent.ThreadPoolExecutor$Worker.run(ThreadPoolExecutor.java:614)
	at java.lang.Thread.run(Thread.java:1474)
Caused by: java.io.IOException: CreateProcess error=2, Das System kann die angegebene Datei nicht finden
	at java.lang.ProcessImpl.create(Native Method)
	at java.lang.ProcessImpl.<init>(ProcessImpl.java:485)
	at java.lang.ProcessImpl.start(ProcessImpl.java:146)
	at java.lang.ProcessBuilder.start(ProcessBuilder.java:1078)
	at java.lang.ProcessBuilder.start(ProcessBuilder.java:1046)
	at scala.meta.internal.process.SystemProcess$.run(SystemProcess.scala:48)
	at scala.meta.internal.bsp.BspServers.newConnection$1(BspServers.scala:118)
	at scala.meta.internal.bsp.BspServers.$anonfun$newServer$8(BspServers.scala:161)
	at scala.meta.internal.metals.BuildServerConnection$.setupServer$1(BuildServerConnection.scala:631)
	at scala.meta.internal.metals.BuildServerConnection$.fromSockets(BuildServerConnection.scala:700)
	at scala.meta.internal.metals.BuildServerConnection$$anonfun$fromSockets$17.applyOrElse(BuildServerConnection.scala:717)
	at scala.meta.internal.metals.BuildServerConnection$$anonfun$fromSockets$17.applyOrElse(BuildServerConnection.scala:714)
	at scala.concurrent.impl.Promise$Transformation.run(Promise.scala:523)
	at java.util.concurrent.ThreadPoolExecutor.runWorker(ThreadPoolExecutor.java:1090)
	at java.util.concurrent.ThreadPoolExecutor$Worker.run(ThreadPoolExecutor.java:614)
	at java.lang.Thread.run(Thread.java:1474)

2025.12.08 21:21:23 INFO  tracing is disabled for protocol BSP, to enable tracing of incoming and outgoing JSON messages create an empty file at C:\Users\Nikita\Desktop\Semester3\Semester_3\.metals\bsp.trace.json or C:\Users\Nikita\AppData\Local\scalameta\metals\cache\bsp.trace.json
2025.12.08 21:22:23 ERROR Timeout waiting for 'build/initialize' response
2025.12.08 21:22:23 WARN  Retrying connection to the build server scala-cli
2025.12.08 21:22:23 INFO  Running BSP server List(C:\Users\justi\AppData\Local\Coursier\data\bin\.scala-cli.aux.exe, bsp, --json-options, C:\Users\justi\OneDrive\Desktop\Semester 3\.scala-build\ide-options-v2.json, --json-launcher-options, C:\Users\justi\OneDrive\Desktop\Semester 3\.scala-build\ide-launcher-options.json, --envs-file, C:\Users\justi\OneDrive\Desktop\Semester 3\.scala-build\ide-envs.json, C:\Users\justi\OneDrive\Desktop\Semester 3)
2025.12.08 21:22:23 ERROR Running process 'C:\Users\justi\AppData\Local\Coursier\data\bin\.scala-cli.aux.exe bsp --json-options C:\Users\justi\OneDrive\Desktop\Semester 3\.scala-build\ide-options-v2.json --json-launcher-options C:\Users\justi\OneDrive\Desktop\Semester 3\.scala-build\ide-launcher-options.json --envs-file C:\Users\justi\OneDrive\Desktop\Semester 3\.scala-build\ide-envs.json C:\Users\justi\OneDrive\Desktop\Semester 3' failed
java.io.IOException: Cannot run program "C:\Users\justi\AppData\Local\Coursier\data\bin\.scala-cli.aux.exe" (in directory "C:\Users\Nikita\Desktop\Semester3\Semester_3"): CreateProcess error=2, Das System kann die angegebene Datei nicht finden
	at java.lang.ProcessBuilder.start(ProcessBuilder.java:1112)
	at java.lang.ProcessBuilder.start(ProcessBuilder.java:1046)
	at scala.meta.internal.process.SystemProcess$.run(SystemProcess.scala:48)
	at scala.meta.internal.bsp.BspServers.newConnection$1(BspServers.scala:118)
	at scala.meta.internal.bsp.BspServers.$anonfun$newServer$8(BspServers.scala:161)
	at scala.meta.internal.metals.BuildServerConnection$.setupServer$1(BuildServerConnection.scala:631)
	at scala.meta.internal.metals.BuildServerConnection$.fromSockets(BuildServerConnection.scala:700)
	at scala.meta.internal.metals.BuildServerConnection$$anonfun$fromSockets$17.applyOrElse(BuildServerConnection.scala:717)
	at scala.meta.internal.metals.BuildServerConnection$$anonfun$fromSockets$17.applyOrElse(BuildServerConnection.scala:714)
	at scala.concurrent.impl.Promise$Transformation.run(Promise.scala:523)
	at java.util.concurrent.ThreadPoolExecutor.runWorker(ThreadPoolExecutor.java:1090)
	at java.util.concurrent.ThreadPoolExecutor$Worker.run(ThreadPoolExecutor.java:614)
	at java.lang.Thread.run(Thread.java:1474)
Caused by: java.io.IOException: CreateProcess error=2, Das System kann die angegebene Datei nicht finden
	at java.lang.ProcessImpl.create(Native Method)
	at java.lang.ProcessImpl.<init>(ProcessImpl.java:485)
	at java.lang.ProcessImpl.start(ProcessImpl.java:146)
	at java.lang.ProcessBuilder.start(ProcessBuilder.java:1078)
	at java.lang.ProcessBuilder.start(ProcessBuilder.java:1046)
	at scala.meta.internal.process.SystemProcess$.run(SystemProcess.scala:48)
	at scala.meta.internal.bsp.BspServers.newConnection$1(BspServers.scala:118)
	at scala.meta.internal.bsp.BspServers.$anonfun$newServer$8(BspServers.scala:161)
	at scala.meta.internal.metals.BuildServerConnection$.setupServer$1(BuildServerConnection.scala:631)
	at scala.meta.internal.metals.BuildServerConnection$.fromSockets(BuildServerConnection.scala:700)
	at scala.meta.internal.metals.BuildServerConnection$$anonfun$fromSockets$17.applyOrElse(BuildServerConnection.scala:717)
	at scala.meta.internal.metals.BuildServerConnection$$anonfun$fromSockets$17.applyOrElse(BuildServerConnection.scala:714)
	at scala.concurrent.impl.Promise$Transformation.run(Promise.scala:523)
	at java.util.concurrent.ThreadPoolExecutor.runWorker(ThreadPoolExecutor.java:1090)
	at java.util.concurrent.ThreadPoolExecutor$Worker.run(ThreadPoolExecutor.java:614)
	at java.lang.Thread.run(Thread.java:1474)

2025.12.08 21:22:23 INFO  tracing is disabled for protocol BSP, to enable tracing of incoming and outgoing JSON messages create an empty file at C:\Users\Nikita\Desktop\Semester3\Semester_3\.metals\bsp.trace.json or C:\Users\Nikita\AppData\Local\scalameta\metals\cache\bsp.trace.json
2025.12.08 21:23:23 ERROR Timeout waiting for 'build/initialize' response
2025.12.08 21:23:23 WARN  Retrying connection to the build server scala-cli
2025.12.08 21:23:23 INFO  Running BSP server List(C:\Users\justi\AppData\Local\Coursier\data\bin\.scala-cli.aux.exe, bsp, --json-options, C:\Users\justi\OneDrive\Desktop\Semester 3\.scala-build\ide-options-v2.json, --json-launcher-options, C:\Users\justi\OneDrive\Desktop\Semester 3\.scala-build\ide-launcher-options.json, --envs-file, C:\Users\justi\OneDrive\Desktop\Semester 3\.scala-build\ide-envs.json, C:\Users\justi\OneDrive\Desktop\Semester 3)
2025.12.08 21:23:23 ERROR Running process 'C:\Users\justi\AppData\Local\Coursier\data\bin\.scala-cli.aux.exe bsp --json-options C:\Users\justi\OneDrive\Desktop\Semester 3\.scala-build\ide-options-v2.json --json-launcher-options C:\Users\justi\OneDrive\Desktop\Semester 3\.scala-build\ide-launcher-options.json --envs-file C:\Users\justi\OneDrive\Desktop\Semester 3\.scala-build\ide-envs.json C:\Users\justi\OneDrive\Desktop\Semester 3' failed
java.io.IOException: Cannot run program "C:\Users\justi\AppData\Local\Coursier\data\bin\.scala-cli.aux.exe" (in directory "C:\Users\Nikita\Desktop\Semester3\Semester_3"): CreateProcess error=2, Das System kann die angegebene Datei nicht finden
	at java.lang.ProcessBuilder.start(ProcessBuilder.java:1112)
	at java.lang.ProcessBuilder.start(ProcessBuilder.java:1046)
	at scala.meta.internal.process.SystemProcess$.run(SystemProcess.scala:48)
	at scala.meta.internal.bsp.BspServers.newConnection$1(BspServers.scala:118)
	at scala.meta.internal.bsp.BspServers.$anonfun$newServer$8(BspServers.scala:161)
	at scala.meta.internal.metals.BuildServerConnection$.setupServer$1(BuildServerConnection.scala:631)
	at scala.meta.internal.metals.BuildServerConnection$.fromSockets(BuildServerConnection.scala:700)
	at scala.meta.internal.metals.BuildServerConnection$$anonfun$fromSockets$17.applyOrElse(BuildServerConnection.scala:717)
	at scala.meta.internal.metals.BuildServerConnection$$anonfun$fromSockets$17.applyOrElse(BuildServerConnection.scala:714)
	at scala.concurrent.impl.Promise$Transformation.run(Promise.scala:523)
	at java.util.concurrent.ThreadPoolExecutor.runWorker(ThreadPoolExecutor.java:1090)
	at java.util.concurrent.ThreadPoolExecutor$Worker.run(ThreadPoolExecutor.java:614)
	at java.lang.Thread.run(Thread.java:1474)
Caused by: java.io.IOException: CreateProcess error=2, Das System kann die angegebene Datei nicht finden
	at java.lang.ProcessImpl.create(Native Method)
	at java.lang.ProcessImpl.<init>(ProcessImpl.java:485)
	at java.lang.ProcessImpl.start(ProcessImpl.java:146)
	at java.lang.ProcessBuilder.start(ProcessBuilder.java:1078)
	at java.lang.ProcessBuilder.start(ProcessBuilder.java:1046)
	at scala.meta.internal.process.SystemProcess$.run(SystemProcess.scala:48)
	at scala.meta.internal.bsp.BspServers.newConnection$1(BspServers.scala:118)
	at scala.meta.internal.bsp.BspServers.$anonfun$newServer$8(BspServers.scala:161)
	at scala.meta.internal.metals.BuildServerConnection$.setupServer$1(BuildServerConnection.scala:631)
	at scala.meta.internal.metals.BuildServerConnection$.fromSockets(BuildServerConnection.scala:700)
	at scala.meta.internal.metals.BuildServerConnection$$anonfun$fromSockets$17.applyOrElse(BuildServerConnection.scala:717)
	at scala.meta.internal.metals.BuildServerConnection$$anonfun$fromSockets$17.applyOrElse(BuildServerConnection.scala:714)
	at scala.concurrent.impl.Promise$Transformation.run(Promise.scala:523)
	at java.util.concurrent.ThreadPoolExecutor.runWorker(ThreadPoolExecutor.java:1090)
	at java.util.concurrent.ThreadPoolExecutor$Worker.run(ThreadPoolExecutor.java:614)
	at java.lang.Thread.run(Thread.java:1474)

2025.12.08 21:23:23 INFO  tracing is disabled for protocol BSP, to enable tracing of incoming and outgoing JSON messages create an empty file at C:\Users\Nikita\Desktop\Semester3\Semester_3\.metals\bsp.trace.json or C:\Users\Nikita\AppData\Local\scalameta\metals\cache\bsp.trace.json
2025.12.08 21:24:23 ERROR Timeout waiting for 'build/initialize' response
2025.12.08 21:24:23 WARN  Retrying connection to the build server scala-cli
2025.12.08 21:24:23 INFO  Running BSP server List(C:\Users\justi\AppData\Local\Coursier\data\bin\.scala-cli.aux.exe, bsp, --json-options, C:\Users\justi\OneDrive\Desktop\Semester 3\.scala-build\ide-options-v2.json, --json-launcher-options, C:\Users\justi\OneDrive\Desktop\Semester 3\.scala-build\ide-launcher-options.json, --envs-file, C:\Users\justi\OneDrive\Desktop\Semester 3\.scala-build\ide-envs.json, C:\Users\justi\OneDrive\Desktop\Semester 3)
2025.12.08 21:24:23 ERROR Running process 'C:\Users\justi\AppData\Local\Coursier\data\bin\.scala-cli.aux.exe bsp --json-options C:\Users\justi\OneDrive\Desktop\Semester 3\.scala-build\ide-options-v2.json --json-launcher-options C:\Users\justi\OneDrive\Desktop\Semester 3\.scala-build\ide-launcher-options.json --envs-file C:\Users\justi\OneDrive\Desktop\Semester 3\.scala-build\ide-envs.json C:\Users\justi\OneDrive\Desktop\Semester 3' failed
java.io.IOException: Cannot run program "C:\Users\justi\AppData\Local\Coursier\data\bin\.scala-cli.aux.exe" (in directory "C:\Users\Nikita\Desktop\Semester3\Semester_3"): CreateProcess error=2, Das System kann die angegebene Datei nicht finden
	at java.lang.ProcessBuilder.start(ProcessBuilder.java:1112)
	at java.lang.ProcessBuilder.start(ProcessBuilder.java:1046)
	at scala.meta.internal.process.SystemProcess$.run(SystemProcess.scala:48)
	at scala.meta.internal.bsp.BspServers.newConnection$1(BspServers.scala:118)
	at scala.meta.internal.bsp.BspServers.$anonfun$newServer$8(BspServers.scala:161)
	at scala.meta.internal.metals.BuildServerConnection$.setupServer$1(BuildServerConnection.scala:631)
	at scala.meta.internal.metals.BuildServerConnection$.fromSockets(BuildServerConnection.scala:700)
	at scala.meta.internal.metals.BuildServerConnection$$anonfun$fromSockets$17.applyOrElse(BuildServerConnection.scala:717)
	at scala.meta.internal.metals.BuildServerConnection$$anonfun$fromSockets$17.applyOrElse(BuildServerConnection.scala:714)
	at scala.concurrent.impl.Promise$Transformation.run(Promise.scala:523)
	at java.util.concurrent.ThreadPoolExecutor.runWorker(ThreadPoolExecutor.java:1090)
	at java.util.concurrent.ThreadPoolExecutor$Worker.run(ThreadPoolExecutor.java:614)
	at java.lang.Thread.run(Thread.java:1474)
Caused by: java.io.IOException: CreateProcess error=2, Das System kann die angegebene Datei nicht finden
	at java.lang.ProcessImpl.create(Native Method)
	at java.lang.ProcessImpl.<init>(ProcessImpl.java:485)
	at java.lang.ProcessImpl.start(ProcessImpl.java:146)
	at java.lang.ProcessBuilder.start(ProcessBuilder.java:1078)
	at java.lang.ProcessBuilder.start(ProcessBuilder.java:1046)
	at scala.meta.internal.process.SystemProcess$.run(SystemProcess.scala:48)
	at scala.meta.internal.bsp.BspServers.newConnection$1(BspServers.scala:118)
	at scala.meta.internal.bsp.BspServers.$anonfun$newServer$8(BspServers.scala:161)
	at scala.meta.internal.metals.BuildServerConnection$.setupServer$1(BuildServerConnection.scala:631)
	at scala.meta.internal.metals.BuildServerConnection$.fromSockets(BuildServerConnection.scala:700)
	at scala.meta.internal.metals.BuildServerConnection$$anonfun$fromSockets$17.applyOrElse(BuildServerConnection.scala:717)
	at scala.meta.internal.metals.BuildServerConnection$$anonfun$fromSockets$17.applyOrElse(BuildServerConnection.scala:714)
	at scala.concurrent.impl.Promise$Transformation.run(Promise.scala:523)
	at java.util.concurrent.ThreadPoolExecutor.runWorker(ThreadPoolExecutor.java:1090)
	at java.util.concurrent.ThreadPoolExecutor$Worker.run(ThreadPoolExecutor.java:614)
	at java.lang.Thread.run(Thread.java:1474)

2025.12.08 21:24:23 INFO  tracing is disabled for protocol BSP, to enable tracing of incoming and outgoing JSON messages create an empty file at C:\Users\Nikita\Desktop\Semester3\Semester_3\.metals\bsp.trace.json or C:\Users\Nikita\AppData\Local\scalameta\metals\cache\bsp.trace.json
2025.12.08 21:25:23 ERROR Timeout waiting for 'build/initialize' response
2025.12.08 21:25:23 ERROR Failed to connect with build server, no functionality will work.
java.util.concurrent.TimeoutException
	at java.util.concurrent.CompletableFuture.timedGet(CompletableFuture.java:1981)
	at java.util.concurrent.CompletableFuture.get(CompletableFuture.java:2116)
	at scala.meta.internal.metals.BuildServerConnection$.initialize(BuildServerConnection.scala:787)
	at scala.meta.internal.metals.BuildServerConnection$.$anonfun$fromSockets$1(BuildServerConnection.scala:658)
	at scala.concurrent.impl.Promise$Transformation.run(Promise.scala:500)
	at java.util.concurrent.ThreadPoolExecutor.runWorker(ThreadPoolExecutor.java:1090)
	at java.util.concurrent.ThreadPoolExecutor$Worker.run(ThreadPoolExecutor.java:614)
	at java.lang.Thread.run(Thread.java:1474)

2025.12.08 21:25:23 WARN  no build target for: C:\Users\Nikita\Desktop\Semester3\Semester_3\1. Algorithmen und Datenstrukturen\baeume\Node.java
2025.12.08 21:25:23 INFO  no build target found for C:\Users\Nikita\Desktop\Semester3\Semester_3\1. Algorithmen und Datenstrukturen\baeume\Node.java. Using fallback presentation compiler.
2025.12.08 21:25:23 WARN  Running javac-semanticdb failed for file:///C:/Users/Nikita/Desktop/Semester3/Semester_3/1.%20Algorithmen%20und%20Datenstrukturen/baeume/Node.java. Output:

2025.12.15 14:03:08 INFO  Started: Metals version 1.6.4 in folders 'C:\Users\Nikita\Desktop\Semester3\Semester_3' for client Visual Studio Code 1.106.2.
2025.12.15 14:03:13 WARN  Using H2 2.4.240 which is newer than the version Flyway has been verified with. The latest verified version of H2 is 2.3.232.
2025.12.15 14:03:13 INFO  no build target found for C:\Users\Nikita\Desktop\Semester3\Semester_3\1. Algorithmen und Datenstrukturen\baeume\Node.java. Using fallback presentation compiler.
2025.12.15 14:03:14 INFO  no build target found for C:\Users\Nikita\Desktop\Semester3\Semester_3\1. Algorithmen und Datenstrukturen\baeume\Node.java. Using fallback presentation compiler.
2025.12.15 14:03:14 INFO  Attempting to connect to the build server...
2025.12.15 14:03:14 INFO  Running BSP server List(C:\Users\justi\AppData\Local\Coursier\data\bin\.scala-cli.aux.exe, bsp, --json-options, C:\Users\justi\OneDrive\Desktop\Semester 3\.scala-build\ide-options-v2.json, --json-launcher-options, C:\Users\justi\OneDrive\Desktop\Semester 3\.scala-build\ide-launcher-options.json, --envs-file, C:\Users\justi\OneDrive\Desktop\Semester 3\.scala-build\ide-envs.json, C:\Users\justi\OneDrive\Desktop\Semester 3)
2025.12.15 14:03:14 ERROR Running process 'C:\Users\justi\AppData\Local\Coursier\data\bin\.scala-cli.aux.exe bsp --json-options C:\Users\justi\OneDrive\Desktop\Semester 3\.scala-build\ide-options-v2.json --json-launcher-options C:\Users\justi\OneDrive\Desktop\Semester 3\.scala-build\ide-launcher-options.json --envs-file C:\Users\justi\OneDrive\Desktop\Semester 3\.scala-build\ide-envs.json C:\Users\justi\OneDrive\Desktop\Semester 3' failed
java.io.IOException: Cannot run program "C:\Users\justi\AppData\Local\Coursier\data\bin\.scala-cli.aux.exe" (in directory "C:\Users\Nikita\Desktop\Semester3\Semester_3"): CreateProcess error=2, Das System kann die angegebene Datei nicht finden
	at java.lang.ProcessBuilder.start(ProcessBuilder.java:1112)
	at java.lang.ProcessBuilder.start(ProcessBuilder.java:1046)
	at scala.meta.internal.process.SystemProcess$.run(SystemProcess.scala:48)
	at scala.meta.internal.bsp.BspServers.newConnection$1(BspServers.scala:118)
	at scala.meta.internal.bsp.BspServers.$anonfun$newServer$8(BspServers.scala:161)
	at scala.meta.internal.metals.BuildServerConnection$.setupServer$1(BuildServerConnection.scala:631)
	at scala.meta.internal.metals.BuildServerConnection$.fromSockets(BuildServerConnection.scala:700)
	at scala.meta.internal.bsp.BspServers.newServer(BspServers.scala:156)
	at scala.meta.internal.bsp.BspConnector.connect$1(BspConnector.scala:185)
	at scala.meta.internal.bsp.BspConnector.connect(BspConnector.scala:260)
	at scala.meta.internal.metals.ConnectionProvider$Connect$.$anonfun$createSession$7(ConnectionProvider.scala:586)
	at scala.concurrent.impl.Promise$Transformation.run(Promise.scala:503)
	at java.util.concurrent.ThreadPoolExecutor.runWorker(ThreadPoolExecutor.java:1090)
	at java.util.concurrent.ThreadPoolExecutor$Worker.run(ThreadPoolExecutor.java:614)
	at java.lang.Thread.run(Thread.java:1474)
Caused by: java.io.IOException: CreateProcess error=2, Das System kann die angegebene Datei nicht finden
	at java.lang.ProcessImpl.create(Native Method)
	at java.lang.ProcessImpl.<init>(ProcessImpl.java:485)
	at java.lang.ProcessImpl.start(ProcessImpl.java:146)
	at java.lang.ProcessBuilder.start(ProcessBuilder.java:1078)
	at java.lang.ProcessBuilder.start(ProcessBuilder.java:1046)
	at scala.meta.internal.process.SystemProcess$.run(SystemProcess.scala:48)
	at scala.meta.internal.bsp.BspServers.newConnection$1(BspServers.scala:118)
	at scala.meta.internal.bsp.BspServers.$anonfun$newServer$8(BspServers.scala:161)
	at scala.meta.internal.metals.BuildServerConnection$.setupServer$1(BuildServerConnection.scala:631)
	at scala.meta.internal.metals.BuildServerConnection$.fromSockets(BuildServerConnection.scala:700)
	at scala.meta.internal.bsp.BspServers.newServer(BspServers.scala:156)
	at scala.meta.internal.bsp.BspConnector.connect$1(BspConnector.scala:185)
	at scala.meta.internal.bsp.BspConnector.connect(BspConnector.scala:260)
	at scala.meta.internal.metals.ConnectionProvider$Connect$.$anonfun$createSession$7(ConnectionProvider.scala:586)
	at scala.concurrent.impl.Promise$Transformation.run(Promise.scala:503)
	at java.util.concurrent.ThreadPoolExecutor.runWorker(ThreadPoolExecutor.java:1090)
	at java.util.concurrent.ThreadPoolExecutor$Worker.run(ThreadPoolExecutor.java:614)
	at java.lang.Thread.run(Thread.java:1474)

2025.12.15 14:03:15 INFO  tracing is disabled for protocol BSP, to enable tracing of incoming and outgoing JSON messages create an empty file at C:\Users\Nikita\Desktop\Semester3\Semester_3\.metals\bsp.trace.json or C:\Users\Nikita\AppData\Local\scalameta\metals\cache\bsp.trace.json
2025.12.15 14:03:18 INFO  no build target found for C:\Users\Nikita\Desktop\Semester3\Semester_3\1. Algorithmen und Datenstrukturen\baeume\Node.java. Using fallback presentation compiler.
2025.12.15 14:03:18 INFO  no build target found for C:\Users\Nikita\Desktop\Semester3\Semester_3\1. Algorithmen und Datenstrukturen\baeume\Node.java. Using fallback presentation compiler.
2025.12.15 14:03:18 INFO  no build target found for C:\Users\Nikita\Desktop\Semester3\Semester_3\1. Algorithmen und Datenstrukturen\baeume\Node.java. Using fallback presentation compiler.
2025.12.15 14:03:18 INFO  no build target found for C:\Users\Nikita\Desktop\Semester3\Semester_3\1. Algorithmen und Datenstrukturen\baeume\Node.java. Using fallback presentation compiler.
Dez. 15, 2025 2:03:18 PM org.eclipse.lsp4j.jsonrpc.RemoteEndpoint handleCancellation
WARNUNG: Unmatched cancel notification for request id 8
Dez. 15, 2025 2:03:18 PM org.eclipse.lsp4j.jsonrpc.RemoteEndpoint handleCancellation
WARNUNG: Unmatched cancel notification for request id 9
Dez. 15, 2025 2:03:18 PM org.eclipse.lsp4j.jsonrpc.RemoteEndpoint handleCancellation
WARNUNG: Unmatched cancel notification for request id 10
2025.12.15 14:03:18 INFO  no build target found for C:\Users\Nikita\Desktop\Semester3\Semester_3\1. Algorithmen und Datenstrukturen\baeume\Node.java. Using fallback presentation compiler.
2025.12.15 14:03:18 INFO  no build target found for C:\Users\Nikita\Desktop\Semester3\Semester_3\1. Algorithmen und Datenstrukturen\baeume\Node.java. Using fallback presentation compiler.
2025.12.15 14:03:20 INFO  no build target found for C:\Users\Nikita\Desktop\Semester3\Semester_3\1. Algorithmen und Datenstrukturen\baeume\Node.java. Using fallback presentation compiler.
2025.12.15 14:03:21 INFO  no build target found for C:\Users\Nikita\Desktop\Semester3\Semester_3\1. Algorithmen und Datenstrukturen\baeume\Node.java. Using fallback presentation compiler.
2025.12.15 14:03:44 INFO  no build target found for C:\Users\Nikita\Desktop\Semester3\Semester_3\1. Algorithmen und Datenstrukturen\baeume\Node.java. Using fallback presentation compiler.
2025.12.15 14:03:44 WARN  no build target for: C:\Users\Nikita\Desktop\Semester3\Semester_3\1. Algorithmen und Datenstrukturen\baeume\Node.java
2025.12.15 14:03:44 INFO  no build target found for C:\Users\Nikita\Desktop\Semester3\Semester_3\1. Algorithmen und Datenstrukturen\baeume\Node.java. Using fallback presentation compiler.
2025.12.15 14:03:44 INFO  no build target found for C:\Users\Nikita\Desktop\Semester3\Semester_3\1. Algorithmen und Datenstrukturen\baeume\Node.java. Using fallback presentation compiler.
2025.12.15 14:03:46 INFO  no build target found for C:\Users\Nikita\Desktop\Semester3\Semester_3\1. Algorithmen und Datenstrukturen\baeume\Node.java. Using fallback presentation compiler.
2025.12.15 14:03:46 INFO  no build target found for C:\Users\Nikita\Desktop\Semester3\Semester_3\1. Algorithmen und Datenstrukturen\baeume\Main.java. Using fallback presentation compiler.
2025.12.15 14:03:46 INFO  no build target found for C:\Users\Nikita\Desktop\Semester3\Semester_3\1. Algorithmen und Datenstrukturen\baeume\Main.java. Using fallback presentation compiler.
2025.12.15 14:03:48 INFO  no build target found for C:\Users\Nikita\Desktop\Semester3\Semester_3\1. Algorithmen und Datenstrukturen\baeume\Main.java. Using fallback presentation compiler.
2025.12.15 14:04:15 ERROR Timeout waiting for 'build/initialize' response
2025.12.15 14:04:15 WARN  Retrying connection to the build server scala-cli
2025.12.15 14:04:15 INFO  Running BSP server List(C:\Users\justi\AppData\Local\Coursier\data\bin\.scala-cli.aux.exe, bsp, --json-options, C:\Users\justi\OneDrive\Desktop\Semester 3\.scala-build\ide-options-v2.json, --json-launcher-options, C:\Users\justi\OneDrive\Desktop\Semester 3\.scala-build\ide-launcher-options.json, --envs-file, C:\Users\justi\OneDrive\Desktop\Semester 3\.scala-build\ide-envs.json, C:\Users\justi\OneDrive\Desktop\Semester 3)
2025.12.15 14:04:15 ERROR Running process 'C:\Users\justi\AppData\Local\Coursier\data\bin\.scala-cli.aux.exe bsp --json-options C:\Users\justi\OneDrive\Desktop\Semester 3\.scala-build\ide-options-v2.json --json-launcher-options C:\Users\justi\OneDrive\Desktop\Semester 3\.scala-build\ide-launcher-options.json --envs-file C:\Users\justi\OneDrive\Desktop\Semester 3\.scala-build\ide-envs.json C:\Users\justi\OneDrive\Desktop\Semester 3' failed
java.io.IOException: Cannot run program "C:\Users\justi\AppData\Local\Coursier\data\bin\.scala-cli.aux.exe" (in directory "C:\Users\Nikita\Desktop\Semester3\Semester_3"): CreateProcess error=2, Das System kann die angegebene Datei nicht finden
	at java.lang.ProcessBuilder.start(ProcessBuilder.java:1112)
	at java.lang.ProcessBuilder.start(ProcessBuilder.java:1046)
	at scala.meta.internal.process.SystemProcess$.run(SystemProcess.scala:48)
	at scala.meta.internal.bsp.BspServers.newConnection$1(BspServers.scala:118)
	at scala.meta.internal.bsp.BspServers.$anonfun$newServer$8(BspServers.scala:161)
	at scala.meta.internal.metals.BuildServerConnection$.setupServer$1(BuildServerConnection.scala:631)
	at scala.meta.internal.metals.BuildServerConnection$.fromSockets(BuildServerConnection.scala:700)
	at scala.meta.internal.metals.BuildServerConnection$$anonfun$fromSockets$17.applyOrElse(BuildServerConnection.scala:717)
	at scala.meta.internal.metals.BuildServerConnection$$anonfun$fromSockets$17.applyOrElse(BuildServerConnection.scala:714)
	at scala.concurrent.impl.Promise$Transformation.run(Promise.scala:523)
	at java.util.concurrent.ThreadPoolExecutor.runWorker(ThreadPoolExecutor.java:1090)
	at java.util.concurrent.ThreadPoolExecutor$Worker.run(ThreadPoolExecutor.java:614)
	at java.lang.Thread.run(Thread.java:1474)
Caused by: java.io.IOException: CreateProcess error=2, Das System kann die angegebene Datei nicht finden
	at java.lang.ProcessImpl.create(Native Method)
	at java.lang.ProcessImpl.<init>(ProcessImpl.java:485)
	at java.lang.ProcessImpl.start(ProcessImpl.java:146)
	at java.lang.ProcessBuilder.start(ProcessBuilder.java:1078)
	at java.lang.ProcessBuilder.start(ProcessBuilder.java:1046)
	at scala.meta.internal.process.SystemProcess$.run(SystemProcess.scala:48)
	at scala.meta.internal.bsp.BspServers.newConnection$1(BspServers.scala:118)
	at scala.meta.internal.bsp.BspServers.$anonfun$newServer$8(BspServers.scala:161)
	at scala.meta.internal.metals.BuildServerConnection$.setupServer$1(BuildServerConnection.scala:631)
	at scala.meta.internal.metals.BuildServerConnection$.fromSockets(BuildServerConnection.scala:700)
	at scala.meta.internal.metals.BuildServerConnection$$anonfun$fromSockets$17.applyOrElse(BuildServerConnection.scala:717)
	at scala.meta.internal.metals.BuildServerConnection$$anonfun$fromSockets$17.applyOrElse(BuildServerConnection.scala:714)
	at scala.concurrent.impl.Promise$Transformation.run(Promise.scala:523)
	at java.util.concurrent.ThreadPoolExecutor.runWorker(ThreadPoolExecutor.java:1090)
	at java.util.concurrent.ThreadPoolExecutor$Worker.run(ThreadPoolExecutor.java:614)
	at java.lang.Thread.run(Thread.java:1474)

2025.12.15 14:04:15 INFO  tracing is disabled for protocol BSP, to enable tracing of incoming and outgoing JSON messages create an empty file at C:\Users\Nikita\Desktop\Semester3\Semester_3\.metals\bsp.trace.json or C:\Users\Nikita\AppData\Local\scalameta\metals\cache\bsp.trace.json
2025.12.15 14:05:15 ERROR Timeout waiting for 'build/initialize' response
2025.12.15 14:05:15 WARN  Retrying connection to the build server scala-cli
2025.12.15 14:05:15 INFO  Running BSP server List(C:\Users\justi\AppData\Local\Coursier\data\bin\.scala-cli.aux.exe, bsp, --json-options, C:\Users\justi\OneDrive\Desktop\Semester 3\.scala-build\ide-options-v2.json, --json-launcher-options, C:\Users\justi\OneDrive\Desktop\Semester 3\.scala-build\ide-launcher-options.json, --envs-file, C:\Users\justi\OneDrive\Desktop\Semester 3\.scala-build\ide-envs.json, C:\Users\justi\OneDrive\Desktop\Semester 3)
2025.12.15 14:05:15 ERROR Running process 'C:\Users\justi\AppData\Local\Coursier\data\bin\.scala-cli.aux.exe bsp --json-options C:\Users\justi\OneDrive\Desktop\Semester 3\.scala-build\ide-options-v2.json --json-launcher-options C:\Users\justi\OneDrive\Desktop\Semester 3\.scala-build\ide-launcher-options.json --envs-file C:\Users\justi\OneDrive\Desktop\Semester 3\.scala-build\ide-envs.json C:\Users\justi\OneDrive\Desktop\Semester 3' failed
java.io.IOException: Cannot run program "C:\Users\justi\AppData\Local\Coursier\data\bin\.scala-cli.aux.exe" (in directory "C:\Users\Nikita\Desktop\Semester3\Semester_3"): CreateProcess error=2, Das System kann die angegebene Datei nicht finden
	at java.lang.ProcessBuilder.start(ProcessBuilder.java:1112)
	at java.lang.ProcessBuilder.start(ProcessBuilder.java:1046)
	at scala.meta.internal.process.SystemProcess$.run(SystemProcess.scala:48)
	at scala.meta.internal.bsp.BspServers.newConnection$1(BspServers.scala:118)
	at scala.meta.internal.bsp.BspServers.$anonfun$newServer$8(BspServers.scala:161)
	at scala.meta.internal.metals.BuildServerConnection$.setupServer$1(BuildServerConnection.scala:631)
	at scala.meta.internal.metals.BuildServerConnection$.fromSockets(BuildServerConnection.scala:700)
	at scala.meta.internal.metals.BuildServerConnection$$anonfun$fromSockets$17.applyOrElse(BuildServerConnection.scala:717)
	at scala.meta.internal.metals.BuildServerConnection$$anonfun$fromSockets$17.applyOrElse(BuildServerConnection.scala:714)
	at scala.concurrent.impl.Promise$Transformation.run(Promise.scala:523)
	at java.util.concurrent.ThreadPoolExecutor.runWorker(ThreadPoolExecutor.java:1090)
	at java.util.concurrent.ThreadPoolExecutor$Worker.run(ThreadPoolExecutor.java:614)
	at java.lang.Thread.run(Thread.java:1474)
Caused by: java.io.IOException: CreateProcess error=2, Das System kann die angegebene Datei nicht finden
	at java.lang.ProcessImpl.create(Native Method)
	at java.lang.ProcessImpl.<init>(ProcessImpl.java:485)
	at java.lang.ProcessImpl.start(ProcessImpl.java:146)
	at java.lang.ProcessBuilder.start(ProcessBuilder.java:1078)
	at java.lang.ProcessBuilder.start(ProcessBuilder.java:1046)
	at scala.meta.internal.process.SystemProcess$.run(SystemProcess.scala:48)
	at scala.meta.internal.bsp.BspServers.newConnection$1(BspServers.scala:118)
	at scala.meta.internal.bsp.BspServers.$anonfun$newServer$8(BspServers.scala:161)
	at scala.meta.internal.metals.BuildServerConnection$.setupServer$1(BuildServerConnection.scala:631)
	at scala.meta.internal.metals.BuildServerConnection$.fromSockets(BuildServerConnection.scala:700)
	at scala.meta.internal.metals.BuildServerConnection$$anonfun$fromSockets$17.applyOrElse(BuildServerConnection.scala:717)
	at scala.meta.internal.metals.BuildServerConnection$$anonfun$fromSockets$17.applyOrElse(BuildServerConnection.scala:714)
	at scala.concurrent.impl.Promise$Transformation.run(Promise.scala:523)
	at java.util.concurrent.ThreadPoolExecutor.runWorker(ThreadPoolExecutor.java:1090)
	at java.util.concurrent.ThreadPoolExecutor$Worker.run(ThreadPoolExecutor.java:614)
	at java.lang.Thread.run(Thread.java:1474)

2025.12.15 14:05:15 INFO  tracing is disabled for protocol BSP, to enable tracing of incoming and outgoing JSON messages create an empty file at C:\Users\Nikita\Desktop\Semester3\Semester_3\.metals\bsp.trace.json or C:\Users\Nikita\AppData\Local\scalameta\metals\cache\bsp.trace.json
2025.12.15 14:06:15 ERROR Timeout waiting for 'build/initialize' response
2025.12.15 14:06:15 WARN  Retrying connection to the build server scala-cli
2025.12.15 14:06:15 INFO  Running BSP server List(C:\Users\justi\AppData\Local\Coursier\data\bin\.scala-cli.aux.exe, bsp, --json-options, C:\Users\justi\OneDrive\Desktop\Semester 3\.scala-build\ide-options-v2.json, --json-launcher-options, C:\Users\justi\OneDrive\Desktop\Semester 3\.scala-build\ide-launcher-options.json, --envs-file, C:\Users\justi\OneDrive\Desktop\Semester 3\.scala-build\ide-envs.json, C:\Users\justi\OneDrive\Desktop\Semester 3)
2025.12.15 14:06:15 ERROR Running process 'C:\Users\justi\AppData\Local\Coursier\data\bin\.scala-cli.aux.exe bsp --json-options C:\Users\justi\OneDrive\Desktop\Semester 3\.scala-build\ide-options-v2.json --json-launcher-options C:\Users\justi\OneDrive\Desktop\Semester 3\.scala-build\ide-launcher-options.json --envs-file C:\Users\justi\OneDrive\Desktop\Semester 3\.scala-build\ide-envs.json C:\Users\justi\OneDrive\Desktop\Semester 3' failed
java.io.IOException: Cannot run program "C:\Users\justi\AppData\Local\Coursier\data\bin\.scala-cli.aux.exe" (in directory "C:\Users\Nikita\Desktop\Semester3\Semester_3"): CreateProcess error=2, Das System kann die angegebene Datei nicht finden
	at java.lang.ProcessBuilder.start(ProcessBuilder.java:1112)
	at java.lang.ProcessBuilder.start(ProcessBuilder.java:1046)
	at scala.meta.internal.process.SystemProcess$.run(SystemProcess.scala:48)
	at scala.meta.internal.bsp.BspServers.newConnection$1(BspServers.scala:118)
	at scala.meta.internal.bsp.BspServers.$anonfun$newServer$8(BspServers.scala:161)
	at scala.meta.internal.metals.BuildServerConnection$.setupServer$1(BuildServerConnection.scala:631)
	at scala.meta.internal.metals.BuildServerConnection$.fromSockets(BuildServerConnection.scala:700)
	at scala.meta.internal.metals.BuildServerConnection$$anonfun$fromSockets$17.applyOrElse(BuildServerConnection.scala:717)
	at scala.meta.internal.metals.BuildServerConnection$$anonfun$fromSockets$17.applyOrElse(BuildServerConnection.scala:714)
	at scala.concurrent.impl.Promise$Transformation.run(Promise.scala:523)
	at java.util.concurrent.ThreadPoolExecutor.runWorker(ThreadPoolExecutor.java:1090)
	at java.util.concurrent.ThreadPoolExecutor$Worker.run(ThreadPoolExecutor.java:614)
	at java.lang.Thread.run(Thread.java:1474)
Caused by: java.io.IOException: CreateProcess error=2, Das System kann die angegebene Datei nicht finden
	at java.lang.ProcessImpl.create(Native Method)
	at java.lang.ProcessImpl.<init>(ProcessImpl.java:485)
	at java.lang.ProcessImpl.start(ProcessImpl.java:146)
	at java.lang.ProcessBuilder.start(ProcessBuilder.java:1078)
	at java.lang.ProcessBuilder.start(ProcessBuilder.java:1046)
	at scala.meta.internal.process.SystemProcess$.run(SystemProcess.scala:48)
	at scala.meta.internal.bsp.BspServers.newConnection$1(BspServers.scala:118)
	at scala.meta.internal.bsp.BspServers.$anonfun$newServer$8(BspServers.scala:161)
	at scala.meta.internal.metals.BuildServerConnection$.setupServer$1(BuildServerConnection.scala:631)
	at scala.meta.internal.metals.BuildServerConnection$.fromSockets(BuildServerConnection.scala:700)
	at scala.meta.internal.metals.BuildServerConnection$$anonfun$fromSockets$17.applyOrElse(BuildServerConnection.scala:717)
	at scala.meta.internal.metals.BuildServerConnection$$anonfun$fromSockets$17.applyOrElse(BuildServerConnection.scala:714)
	at scala.concurrent.impl.Promise$Transformation.run(Promise.scala:523)
	at java.util.concurrent.ThreadPoolExecutor.runWorker(ThreadPoolExecutor.java:1090)
	at java.util.concurrent.ThreadPoolExecutor$Worker.run(ThreadPoolExecutor.java:614)
	at java.lang.Thread.run(Thread.java:1474)

2025.12.15 14:06:15 INFO  tracing is disabled for protocol BSP, to enable tracing of incoming and outgoing JSON messages create an empty file at C:\Users\Nikita\Desktop\Semester3\Semester_3\.metals\bsp.trace.json or C:\Users\Nikita\AppData\Local\scalameta\metals\cache\bsp.trace.json
2025.12.15 14:07:15 ERROR Timeout waiting for 'build/initialize' response
2025.12.15 14:07:15 WARN  Retrying connection to the build server scala-cli
2025.12.15 14:07:15 INFO  Running BSP server List(C:\Users\justi\AppData\Local\Coursier\data\bin\.scala-cli.aux.exe, bsp, --json-options, C:\Users\justi\OneDrive\Desktop\Semester 3\.scala-build\ide-options-v2.json, --json-launcher-options, C:\Users\justi\OneDrive\Desktop\Semester 3\.scala-build\ide-launcher-options.json, --envs-file, C:\Users\justi\OneDrive\Desktop\Semester 3\.scala-build\ide-envs.json, C:\Users\justi\OneDrive\Desktop\Semester 3)
2025.12.15 14:07:15 ERROR Running process 'C:\Users\justi\AppData\Local\Coursier\data\bin\.scala-cli.aux.exe bsp --json-options C:\Users\justi\OneDrive\Desktop\Semester 3\.scala-build\ide-options-v2.json --json-launcher-options C:\Users\justi\OneDrive\Desktop\Semester 3\.scala-build\ide-launcher-options.json --envs-file C:\Users\justi\OneDrive\Desktop\Semester 3\.scala-build\ide-envs.json C:\Users\justi\OneDrive\Desktop\Semester 3' failed
java.io.IOException: Cannot run program "C:\Users\justi\AppData\Local\Coursier\data\bin\.scala-cli.aux.exe" (in directory "C:\Users\Nikita\Desktop\Semester3\Semester_3"): CreateProcess error=2, Das System kann die angegebene Datei nicht finden
	at java.lang.ProcessBuilder.start(ProcessBuilder.java:1112)
	at java.lang.ProcessBuilder.start(ProcessBuilder.java:1046)
	at scala.meta.internal.process.SystemProcess$.run(SystemProcess.scala:48)
	at scala.meta.internal.bsp.BspServers.newConnection$1(BspServers.scala:118)
	at scala.meta.internal.bsp.BspServers.$anonfun$newServer$8(BspServers.scala:161)
	at scala.meta.internal.metals.BuildServerConnection$.setupServer$1(BuildServerConnection.scala:631)
	at scala.meta.internal.metals.BuildServerConnection$.fromSockets(BuildServerConnection.scala:700)
	at scala.meta.internal.metals.BuildServerConnection$$anonfun$fromSockets$17.applyOrElse(BuildServerConnection.scala:717)
	at scala.meta.internal.metals.BuildServerConnection$$anonfun$fromSockets$17.applyOrElse(BuildServerConnection.scala:714)
	at scala.concurrent.impl.Promise$Transformation.run(Promise.scala:523)
	at java.util.concurrent.ThreadPoolExecutor.runWorker(ThreadPoolExecutor.java:1090)
	at java.util.concurrent.ThreadPoolExecutor$Worker.run(ThreadPoolExecutor.java:614)
	at java.lang.Thread.run(Thread.java:1474)
Caused by: java.io.IOException: CreateProcess error=2, Das System kann die angegebene Datei nicht finden
	at java.lang.ProcessImpl.create(Native Method)
	at java.lang.ProcessImpl.<init>(ProcessImpl.java:485)
	at java.lang.ProcessImpl.start(ProcessImpl.java:146)
	at java.lang.ProcessBuilder.start(ProcessBuilder.java:1078)
	at java.lang.ProcessBuilder.start(ProcessBuilder.java:1046)
	at scala.meta.internal.process.SystemProcess$.run(SystemProcess.scala:48)
	at scala.meta.internal.bsp.BspServers.newConnection$1(BspServers.scala:118)
	at scala.meta.internal.bsp.BspServers.$anonfun$newServer$8(BspServers.scala:161)
	at scala.meta.internal.metals.BuildServerConnection$.setupServer$1(BuildServerConnection.scala:631)
	at scala.meta.internal.metals.BuildServerConnection$.fromSockets(BuildServerConnection.scala:700)
	at scala.meta.internal.metals.BuildServerConnection$$anonfun$fromSockets$17.applyOrElse(BuildServerConnection.scala:717)
	at scala.meta.internal.metals.BuildServerConnection$$anonfun$fromSockets$17.applyOrElse(BuildServerConnection.scala:714)
	at scala.concurrent.impl.Promise$Transformation.run(Promise.scala:523)
	at java.util.concurrent.ThreadPoolExecutor.runWorker(ThreadPoolExecutor.java:1090)
	at java.util.concurrent.ThreadPoolExecutor$Worker.run(ThreadPoolExecutor.java:614)
	at java.lang.Thread.run(Thread.java:1474)

2025.12.15 14:07:15 INFO  tracing is disabled for protocol BSP, to enable tracing of incoming and outgoing JSON messages create an empty file at C:\Users\Nikita\Desktop\Semester3\Semester_3\.metals\bsp.trace.json or C:\Users\Nikita\AppData\Local\scalameta\metals\cache\bsp.trace.json
Dez. 15, 2025 2:08:09 PM org.eclipse.lsp4j.jsonrpc.services.GenericEndpoint notify
INFORMATION: Unsupported notification method: $/setTrace
Dez. 15, 2025 2:08:09 PM org.eclipse.lsp4j.jsonrpc.services.GenericEndpoint notify
INFORMATION: Unsupported notification method: $/setTrace
2025.12.15 14:08:15 ERROR Timeout waiting for 'build/initialize' response
2025.12.15 14:08:15 WARN  Retrying connection to the build server scala-cli
2025.12.15 14:08:15 INFO  Running BSP server List(C:\Users\justi\AppData\Local\Coursier\data\bin\.scala-cli.aux.exe, bsp, --json-options, C:\Users\justi\OneDrive\Desktop\Semester 3\.scala-build\ide-options-v2.json, --json-launcher-options, C:\Users\justi\OneDrive\Desktop\Semester 3\.scala-build\ide-launcher-options.json, --envs-file, C:\Users\justi\OneDrive\Desktop\Semester 3\.scala-build\ide-envs.json, C:\Users\justi\OneDrive\Desktop\Semester 3)
2025.12.15 14:08:15 ERROR Running process 'C:\Users\justi\AppData\Local\Coursier\data\bin\.scala-cli.aux.exe bsp --json-options C:\Users\justi\OneDrive\Desktop\Semester 3\.scala-build\ide-options-v2.json --json-launcher-options C:\Users\justi\OneDrive\Desktop\Semester 3\.scala-build\ide-launcher-options.json --envs-file C:\Users\justi\OneDrive\Desktop\Semester 3\.scala-build\ide-envs.json C:\Users\justi\OneDrive\Desktop\Semester 3' failed
java.io.IOException: Cannot run program "C:\Users\justi\AppData\Local\Coursier\data\bin\.scala-cli.aux.exe" (in directory "C:\Users\Nikita\Desktop\Semester3\Semester_3"): CreateProcess error=2, Das System kann die angegebene Datei nicht finden
	at java.lang.ProcessBuilder.start(ProcessBuilder.java:1112)
	at java.lang.ProcessBuilder.start(ProcessBuilder.java:1046)
	at scala.meta.internal.process.SystemProcess$.run(SystemProcess.scala:48)
	at scala.meta.internal.bsp.BspServers.newConnection$1(BspServers.scala:118)
	at scala.meta.internal.bsp.BspServers.$anonfun$newServer$8(BspServers.scala:161)
	at scala.meta.internal.metals.BuildServerConnection$.setupServer$1(BuildServerConnection.scala:631)
	at scala.meta.internal.metals.BuildServerConnection$.fromSockets(BuildServerConnection.scala:700)
	at scala.meta.internal.metals.BuildServerConnection$$anonfun$fromSockets$17.applyOrElse(BuildServerConnection.scala:717)
	at scala.meta.internal.metals.BuildServerConnection$$anonfun$fromSockets$17.applyOrElse(BuildServerConnection.scala:714)
	at scala.concurrent.impl.Promise$Transformation.run(Promise.scala:523)
	at java.util.concurrent.ThreadPoolExecutor.runWorker(ThreadPoolExecutor.java:1090)
	at java.util.concurrent.ThreadPoolExecutor$Worker.run(ThreadPoolExecutor.java:614)
	at java.lang.Thread.run(Thread.java:1474)
Caused by: java.io.IOException: CreateProcess error=2, Das System kann die angegebene Datei nicht finden
	at java.lang.ProcessImpl.create(Native Method)
	at java.lang.ProcessImpl.<init>(ProcessImpl.java:485)
	at java.lang.ProcessImpl.start(ProcessImpl.java:146)
	at java.lang.ProcessBuilder.start(ProcessBuilder.java:1078)
	at java.lang.ProcessBuilder.start(ProcessBuilder.java:1046)
	at scala.meta.internal.process.SystemProcess$.run(SystemProcess.scala:48)
	at scala.meta.internal.bsp.BspServers.newConnection$1(BspServers.scala:118)
	at scala.meta.internal.bsp.BspServers.$anonfun$newServer$8(BspServers.scala:161)
	at scala.meta.internal.metals.BuildServerConnection$.setupServer$1(BuildServerConnection.scala:631)
	at scala.meta.internal.metals.BuildServerConnection$.fromSockets(BuildServerConnection.scala:700)
	at scala.meta.internal.metals.BuildServerConnection$$anonfun$fromSockets$17.applyOrElse(BuildServerConnection.scala:717)
	at scala.meta.internal.metals.BuildServerConnection$$anonfun$fromSockets$17.applyOrElse(BuildServerConnection.scala:714)
	at scala.concurrent.impl.Promise$Transformation.run(Promise.scala:523)
	at java.util.concurrent.ThreadPoolExecutor.runWorker(ThreadPoolExecutor.java:1090)
	at java.util.concurrent.ThreadPoolExecutor$Worker.run(ThreadPoolExecutor.java:614)
	at java.lang.Thread.run(Thread.java:1474)

2025.12.15 14:08:15 INFO  tracing is disabled for protocol BSP, to enable tracing of incoming and outgoing JSON messages create an empty file at C:\Users\Nikita\Desktop\Semester3\Semester_3\.metals\bsp.trace.json or C:\Users\Nikita\AppData\Local\scalameta\metals\cache\bsp.trace.json
2025.12.15 14:09:15 ERROR Timeout waiting for 'build/initialize' response
2025.12.15 14:09:15 ERROR Failed to connect with build server, no functionality will work.
java.util.concurrent.TimeoutException
	at java.util.concurrent.CompletableFuture.timedGet(CompletableFuture.java:1981)
	at java.util.concurrent.CompletableFuture.get(CompletableFuture.java:2116)
	at scala.meta.internal.metals.BuildServerConnection$.initialize(BuildServerConnection.scala:787)
	at scala.meta.internal.metals.BuildServerConnection$.$anonfun$fromSockets$1(BuildServerConnection.scala:658)
	at scala.concurrent.impl.Promise$Transformation.run(Promise.scala:500)
	at java.util.concurrent.ThreadPoolExecutor.runWorker(ThreadPoolExecutor.java:1090)
	at java.util.concurrent.ThreadPoolExecutor$Worker.run(ThreadPoolExecutor.java:614)
	at java.lang.Thread.run(Thread.java:1474)

2025.12.15 14:09:15 WARN  no build target for: C:\Users\Nikita\Desktop\Semester3\Semester_3\1. Algorithmen und Datenstrukturen\baeume\Main.java
2025.12.15 14:09:15 WARN  no build target for: C:\Users\Nikita\Desktop\Semester3\Semester_3\1. Algorithmen und Datenstrukturen\baeume\Node.java
2025.12.15 14:09:15 WARN  Running javac-semanticdb failed for file:///C:/Users/Nikita/Desktop/Semester3/Semester_3/1.%20Algorithmen%20und%20Datenstrukturen/baeume/Node.java. Output:

2025.12.15 14:09:15 WARN  Running javac-semanticdb failed for file:///C:/Users/Nikita/Desktop/Semester3/Semester_3/1.%20Algorithmen%20und%20Datenstrukturen/baeume/Main.java. Output:

2025.12.15 22:29:01 INFO  Started: Metals version 1.6.4 in folders 'C:\Users\Nikita\Desktop\Semester3\Semester_3' for client Visual Studio Code 1.106.2.
2025.12.15 22:29:06 WARN  Using H2 2.4.240 which is newer than the version Flyway has been verified with. The latest verified version of H2 is 2.3.232.
2025.12.15 22:29:06 INFO  no build target found for C:\Users\Nikita\Desktop\Semester3\Semester_3\1. Algorithmen und Datenstrukturen\baeume\Main.java. Using fallback presentation compiler.
2025.12.15 22:29:06 INFO  no build target found for C:\Users\Nikita\Desktop\Semester3\Semester_3\1. Algorithmen und Datenstrukturen\baeume\Node.java. Using fallback presentation compiler.
2025.12.15 22:29:06 INFO  no build target found for C:\Users\Nikita\Desktop\Semester3\Semester_3\1. Algorithmen und Datenstrukturen\baeume\Node.java. Using fallback presentation compiler.
2025.12.15 22:29:06 INFO  no build target found for C:\Users\Nikita\Desktop\Semester3\Semester_3\1. Algorithmen und Datenstrukturen\baeume\Node.java. Using fallback presentation compiler.
2025.12.15 22:29:06 INFO  Attempting to connect to the build server...
2025.12.15 22:29:06 INFO  Running BSP server List(C:\Users\justi\AppData\Local\Coursier\data\bin\.scala-cli.aux.exe, bsp, --json-options, C:\Users\justi\OneDrive\Desktop\Semester 3\.scala-build\ide-options-v2.json, --json-launcher-options, C:\Users\justi\OneDrive\Desktop\Semester 3\.scala-build\ide-launcher-options.json, --envs-file, C:\Users\justi\OneDrive\Desktop\Semester 3\.scala-build\ide-envs.json, C:\Users\justi\OneDrive\Desktop\Semester 3)
2025.12.15 22:29:06 ERROR Running process 'C:\Users\justi\AppData\Local\Coursier\data\bin\.scala-cli.aux.exe bsp --json-options C:\Users\justi\OneDrive\Desktop\Semester 3\.scala-build\ide-options-v2.json --json-launcher-options C:\Users\justi\OneDrive\Desktop\Semester 3\.scala-build\ide-launcher-options.json --envs-file C:\Users\justi\OneDrive\Desktop\Semester 3\.scala-build\ide-envs.json C:\Users\justi\OneDrive\Desktop\Semester 3' failed
java.io.IOException: Cannot run program "C:\Users\justi\AppData\Local\Coursier\data\bin\.scala-cli.aux.exe" (in directory "C:\Users\Nikita\Desktop\Semester3\Semester_3"): CreateProcess error=2, Das System kann die angegebene Datei nicht finden
	at java.lang.ProcessBuilder.start(ProcessBuilder.java:1112)
	at java.lang.ProcessBuilder.start(ProcessBuilder.java:1046)
	at scala.meta.internal.process.SystemProcess$.run(SystemProcess.scala:48)
	at scala.meta.internal.bsp.BspServers.newConnection$1(BspServers.scala:118)
	at scala.meta.internal.bsp.BspServers.$anonfun$newServer$8(BspServers.scala:161)
	at scala.meta.internal.metals.BuildServerConnection$.setupServer$1(BuildServerConnection.scala:631)
	at scala.meta.internal.metals.BuildServerConnection$.fromSockets(BuildServerConnection.scala:700)
	at scala.meta.internal.bsp.BspServers.newServer(BspServers.scala:156)
	at scala.meta.internal.bsp.BspConnector.connect$1(BspConnector.scala:185)
	at scala.meta.internal.bsp.BspConnector.connect(BspConnector.scala:260)
	at scala.meta.internal.metals.ConnectionProvider$Connect$.$anonfun$createSession$7(ConnectionProvider.scala:586)
	at scala.concurrent.impl.Promise$Transformation.run(Promise.scala:503)
	at java.util.concurrent.ThreadPoolExecutor.runWorker(ThreadPoolExecutor.java:1090)
	at java.util.concurrent.ThreadPoolExecutor$Worker.run(ThreadPoolExecutor.java:614)
	at java.lang.Thread.run(Thread.java:1474)
Caused by: java.io.IOException: CreateProcess error=2, Das System kann die angegebene Datei nicht finden
	at java.lang.ProcessImpl.create(Native Method)
	at java.lang.ProcessImpl.<init>(ProcessImpl.java:485)
	at java.lang.ProcessImpl.start(ProcessImpl.java:146)
	at java.lang.ProcessBuilder.start(ProcessBuilder.java:1078)
	at java.lang.ProcessBuilder.start(ProcessBuilder.java:1046)
	at scala.meta.internal.process.SystemProcess$.run(SystemProcess.scala:48)
	at scala.meta.internal.bsp.BspServers.newConnection$1(BspServers.scala:118)
	at scala.meta.internal.bsp.BspServers.$anonfun$newServer$8(BspServers.scala:161)
	at scala.meta.internal.metals.BuildServerConnection$.setupServer$1(BuildServerConnection.scala:631)
	at scala.meta.internal.metals.BuildServerConnection$.fromSockets(BuildServerConnection.scala:700)
	at scala.meta.internal.bsp.BspServers.newServer(BspServers.scala:156)
	at scala.meta.internal.bsp.BspConnector.connect$1(BspConnector.scala:185)
	at scala.meta.internal.bsp.BspConnector.connect(BspConnector.scala:260)
	at scala.meta.internal.metals.ConnectionProvider$Connect$.$anonfun$createSession$7(ConnectionProvider.scala:586)
	at scala.concurrent.impl.Promise$Transformation.run(Promise.scala:503)
	at java.util.concurrent.ThreadPoolExecutor.runWorker(ThreadPoolExecutor.java:1090)
	at java.util.concurrent.ThreadPoolExecutor$Worker.run(ThreadPoolExecutor.java:614)
	at java.lang.Thread.run(Thread.java:1474)

2025.12.15 22:29:06 INFO  tracing is disabled for protocol BSP, to enable tracing of incoming and outgoing JSON messages create an empty file at C:\Users\Nikita\Desktop\Semester3\Semester_3\.metals\bsp.trace.json or C:\Users\Nikita\AppData\Local\scalameta\metals\cache\bsp.trace.json
2025.12.15 22:29:10 WARN  no build target for: C:\Users\Nikita\Desktop\Semester3\Semester_3\1. Algorithmen und Datenstrukturen\baeume\Main.java
2025.12.15 22:29:10 INFO  no build target found for C:\Users\Nikita\Desktop\Semester3\Semester_3\1. Algorithmen und Datenstrukturen\baeume\Main.java. Using fallback presentation compiler.
2025.12.15 22:29:10 INFO  no build target found for C:\Users\Nikita\Desktop\Semester3\Semester_3\1. Algorithmen und Datenstrukturen\baeume\Main.java. Using fallback presentation compiler.
2025.12.15 22:29:12 WARN  no build target for: C:\Users\Nikita\Desktop\Semester3\Semester_3\1. Algorithmen und Datenstrukturen\baeume\Baum.java
2025.12.15 22:29:12 INFO  no build target found for C:\Users\Nikita\Desktop\Semester3\Semester_3\1. Algorithmen und Datenstrukturen\baeume\Baum.java. Using fallback presentation compiler.
2025.12.15 22:29:12 INFO  no build target found for C:\Users\Nikita\Desktop\Semester3\Semester_3\1. Algorithmen und Datenstrukturen\baeume\Baum.java. Using fallback presentation compiler.
2025.12.15 22:29:22 INFO  no build target found for C:\Users\Nikita\Desktop\Semester3\Semester_3\1. Algorithmen und Datenstrukturen\baeume\Baum.java. Using fallback presentation compiler.
2025.12.15 22:29:22 INFO  no build target found for C:\Users\Nikita\Desktop\Semester3\Semester_3\1. Algorithmen und Datenstrukturen\baeume\Baum.java. Using fallback presentation compiler.
2025.12.15 22:29:22 INFO  no build target found for C:\Users\Nikita\Desktop\Semester3\Semester_3\1. Algorithmen und Datenstrukturen\baeume\Baum.java. Using fallback presentation compiler.
2025.12.15 22:29:22 INFO  no build target found for C:\Users\Nikita\Desktop\Semester3\Semester_3\1. Algorithmen und Datenstrukturen\baeume\Baum.java. Using fallback presentation compiler.
Dez. 15, 2025 10:29:22 PM org.eclipse.lsp4j.jsonrpc.RemoteEndpoint handleCancellation
WARNUNG: Unmatched cancel notification for request id 37
Dez. 15, 2025 10:29:22 PM org.eclipse.lsp4j.jsonrpc.RemoteEndpoint handleCancellation
WARNUNG: Unmatched cancel notification for request id 38
Dez. 15, 2025 10:29:22 PM org.eclipse.lsp4j.jsonrpc.RemoteEndpoint handleCancellation
WARNUNG: Unmatched cancel notification for request id 39
2025.12.15 22:29:22 INFO  no build target found for C:\Users\Nikita\Desktop\Semester3\Semester_3\1. Algorithmen und Datenstrukturen\baeume\Baum.java. Using fallback presentation compiler.
2025.12.15 22:29:22 INFO  no build target found for C:\Users\Nikita\Desktop\Semester3\Semester_3\1. Algorithmen und Datenstrukturen\baeume\Baum.java. Using fallback presentation compiler.
2025.12.15 22:29:24 INFO  no build target found for C:\Users\Nikita\Desktop\Semester3\Semester_3\1. Algorithmen und Datenstrukturen\baeume\Baum.java. Using fallback presentation compiler.
2025.12.15 22:29:25 INFO  no build target found for C:\Users\Nikita\Desktop\Semester3\Semester_3\1. Algorithmen und Datenstrukturen\baeume\Baum.java. Using fallback presentation compiler.
2025.12.15 22:29:27 INFO  no build target found for C:\Users\Nikita\Desktop\Semester3\Semester_3\1. Algorithmen und Datenstrukturen\baeume\Baum.java. Using fallback presentation compiler.
2025.12.15 22:29:29 INFO  no build target found for C:\Users\Nikita\Desktop\Semester3\Semester_3\1. Algorithmen und Datenstrukturen\baeume\Baum.java. Using fallback presentation compiler.
2025.12.15 22:29:29 WARN  no build target for: C:\Users\Nikita\Desktop\Semester3\Semester_3\1. Algorithmen und Datenstrukturen\baeume\Node.java
2025.12.15 22:29:29 INFO  no build target found for C:\Users\Nikita\Desktop\Semester3\Semester_3\1. Algorithmen und Datenstrukturen\baeume\Node.java. Using fallback presentation compiler.
2025.12.15 22:29:29 INFO  no build target found for C:\Users\Nikita\Desktop\Semester3\Semester_3\1. Algorithmen und Datenstrukturen\baeume\Node.java. Using fallback presentation compiler.
2025.12.15 22:29:29 INFO  no build target found for C:\Users\Nikita\Desktop\Semester3\Semester_3\1. Algorithmen und Datenstrukturen\baeume\Node.java. Using fallback presentation compiler.
2025.12.15 22:30:06 ERROR Timeout waiting for 'build/initialize' response
2025.12.15 22:30:06 WARN  Retrying connection to the build server scala-cli
2025.12.15 22:30:06 INFO  Running BSP server List(C:\Users\justi\AppData\Local\Coursier\data\bin\.scala-cli.aux.exe, bsp, --json-options, C:\Users\justi\OneDrive\Desktop\Semester 3\.scala-build\ide-options-v2.json, --json-launcher-options, C:\Users\justi\OneDrive\Desktop\Semester 3\.scala-build\ide-launcher-options.json, --envs-file, C:\Users\justi\OneDrive\Desktop\Semester 3\.scala-build\ide-envs.json, C:\Users\justi\OneDrive\Desktop\Semester 3)
2025.12.15 22:30:06 ERROR Running process 'C:\Users\justi\AppData\Local\Coursier\data\bin\.scala-cli.aux.exe bsp --json-options C:\Users\justi\OneDrive\Desktop\Semester 3\.scala-build\ide-options-v2.json --json-launcher-options C:\Users\justi\OneDrive\Desktop\Semester 3\.scala-build\ide-launcher-options.json --envs-file C:\Users\justi\OneDrive\Desktop\Semester 3\.scala-build\ide-envs.json C:\Users\justi\OneDrive\Desktop\Semester 3' failed
java.io.IOException: Cannot run program "C:\Users\justi\AppData\Local\Coursier\data\bin\.scala-cli.aux.exe" (in directory "C:\Users\Nikita\Desktop\Semester3\Semester_3"): CreateProcess error=2, Das System kann die angegebene Datei nicht finden
	at java.lang.ProcessBuilder.start(ProcessBuilder.java:1112)
	at java.lang.ProcessBuilder.start(ProcessBuilder.java:1046)
	at scala.meta.internal.process.SystemProcess$.run(SystemProcess.scala:48)
	at scala.meta.internal.bsp.BspServers.newConnection$1(BspServers.scala:118)
	at scala.meta.internal.bsp.BspServers.$anonfun$newServer$8(BspServers.scala:161)
	at scala.meta.internal.metals.BuildServerConnection$.setupServer$1(BuildServerConnection.scala:631)
	at scala.meta.internal.metals.BuildServerConnection$.fromSockets(BuildServerConnection.scala:700)
	at scala.meta.internal.metals.BuildServerConnection$$anonfun$fromSockets$17.applyOrElse(BuildServerConnection.scala:717)
	at scala.meta.internal.metals.BuildServerConnection$$anonfun$fromSockets$17.applyOrElse(BuildServerConnection.scala:714)
	at scala.concurrent.impl.Promise$Transformation.run(Promise.scala:523)
	at java.util.concurrent.ThreadPoolExecutor.runWorker(ThreadPoolExecutor.java:1090)
	at java.util.concurrent.ThreadPoolExecutor$Worker.run(ThreadPoolExecutor.java:614)
	at java.lang.Thread.run(Thread.java:1474)
Caused by: java.io.IOException: CreateProcess error=2, Das System kann die angegebene Datei nicht finden
	at java.lang.ProcessImpl.create(Native Method)
	at java.lang.ProcessImpl.<init>(ProcessImpl.java:485)
	at java.lang.ProcessImpl.start(ProcessImpl.java:146)
	at java.lang.ProcessBuilder.start(ProcessBuilder.java:1078)
	at java.lang.ProcessBuilder.start(ProcessBuilder.java:1046)
	at scala.meta.internal.process.SystemProcess$.run(SystemProcess.scala:48)
	at scala.meta.internal.bsp.BspServers.newConnection$1(BspServers.scala:118)
	at scala.meta.internal.bsp.BspServers.$anonfun$newServer$8(BspServers.scala:161)
	at scala.meta.internal.metals.BuildServerConnection$.setupServer$1(BuildServerConnection.scala:631)
	at scala.meta.internal.metals.BuildServerConnection$.fromSockets(BuildServerConnection.scala:700)
	at scala.meta.internal.metals.BuildServerConnection$$anonfun$fromSockets$17.applyOrElse(BuildServerConnection.scala:717)
	at scala.meta.internal.metals.BuildServerConnection$$anonfun$fromSockets$17.applyOrElse(BuildServerConnection.scala:714)
	at scala.concurrent.impl.Promise$Transformation.run(Promise.scala:523)
	at java.util.concurrent.ThreadPoolExecutor.runWorker(ThreadPoolExecutor.java:1090)
	at java.util.concurrent.ThreadPoolExecutor$Worker.run(ThreadPoolExecutor.java:614)
	at java.lang.Thread.run(Thread.java:1474)

2025.12.15 22:30:06 INFO  tracing is disabled for protocol BSP, to enable tracing of incoming and outgoing JSON messages create an empty file at C:\Users\Nikita\Desktop\Semester3\Semester_3\.metals\bsp.trace.json or C:\Users\Nikita\AppData\Local\scalameta\metals\cache\bsp.trace.json
2025.12.15 22:31:06 ERROR Timeout waiting for 'build/initialize' response
2025.12.15 22:31:06 WARN  Retrying connection to the build server scala-cli
2025.12.15 22:31:06 INFO  Running BSP server List(C:\Users\justi\AppData\Local\Coursier\data\bin\.scala-cli.aux.exe, bsp, --json-options, C:\Users\justi\OneDrive\Desktop\Semester 3\.scala-build\ide-options-v2.json, --json-launcher-options, C:\Users\justi\OneDrive\Desktop\Semester 3\.scala-build\ide-launcher-options.json, --envs-file, C:\Users\justi\OneDrive\Desktop\Semester 3\.scala-build\ide-envs.json, C:\Users\justi\OneDrive\Desktop\Semester 3)
2025.12.15 22:31:06 ERROR Running process 'C:\Users\justi\AppData\Local\Coursier\data\bin\.scala-cli.aux.exe bsp --json-options C:\Users\justi\OneDrive\Desktop\Semester 3\.scala-build\ide-options-v2.json --json-launcher-options C:\Users\justi\OneDrive\Desktop\Semester 3\.scala-build\ide-launcher-options.json --envs-file C:\Users\justi\OneDrive\Desktop\Semester 3\.scala-build\ide-envs.json C:\Users\justi\OneDrive\Desktop\Semester 3' failed
java.io.IOException: Cannot run program "C:\Users\justi\AppData\Local\Coursier\data\bin\.scala-cli.aux.exe" (in directory "C:\Users\Nikita\Desktop\Semester3\Semester_3"): CreateProcess error=2, Das System kann die angegebene Datei nicht finden
	at java.lang.ProcessBuilder.start(ProcessBuilder.java:1112)
	at java.lang.ProcessBuilder.start(ProcessBuilder.java:1046)
	at scala.meta.internal.process.SystemProcess$.run(SystemProcess.scala:48)
	at scala.meta.internal.bsp.BspServers.newConnection$1(BspServers.scala:118)
	at scala.meta.internal.bsp.BspServers.$anonfun$newServer$8(BspServers.scala:161)
	at scala.meta.internal.metals.BuildServerConnection$.setupServer$1(BuildServerConnection.scala:631)
	at scala.meta.internal.metals.BuildServerConnection$.fromSockets(BuildServerConnection.scala:700)
	at scala.meta.internal.metals.BuildServerConnection$$anonfun$fromSockets$17.applyOrElse(BuildServerConnection.scala:717)
	at scala.meta.internal.metals.BuildServerConnection$$anonfun$fromSockets$17.applyOrElse(BuildServerConnection.scala:714)
	at scala.concurrent.impl.Promise$Transformation.run(Promise.scala:523)
	at java.util.concurrent.ThreadPoolExecutor.runWorker(ThreadPoolExecutor.java:1090)
	at java.util.concurrent.ThreadPoolExecutor$Worker.run(ThreadPoolExecutor.java:614)
	at java.lang.Thread.run(Thread.java:1474)
Caused by: java.io.IOException: CreateProcess error=2, Das System kann die angegebene Datei nicht finden
	at java.lang.ProcessImpl.create(Native Method)
	at java.lang.ProcessImpl.<init>(ProcessImpl.java:485)
	at java.lang.ProcessImpl.start(ProcessImpl.java:146)
	at java.lang.ProcessBuilder.start(ProcessBuilder.java:1078)
	at java.lang.ProcessBuilder.start(ProcessBuilder.java:1046)
	at scala.meta.internal.process.SystemProcess$.run(SystemProcess.scala:48)
	at scala.meta.internal.bsp.BspServers.newConnection$1(BspServers.scala:118)
	at scala.meta.internal.bsp.BspServers.$anonfun$newServer$8(BspServers.scala:161)
	at scala.meta.internal.metals.BuildServerConnection$.setupServer$1(BuildServerConnection.scala:631)
	at scala.meta.internal.metals.BuildServerConnection$.fromSockets(BuildServerConnection.scala:700)
	at scala.meta.internal.metals.BuildServerConnection$$anonfun$fromSockets$17.applyOrElse(BuildServerConnection.scala:717)
	at scala.meta.internal.metals.BuildServerConnection$$anonfun$fromSockets$17.applyOrElse(BuildServerConnection.scala:714)
	at scala.concurrent.impl.Promise$Transformation.run(Promise.scala:523)
	at java.util.concurrent.ThreadPoolExecutor.runWorker(ThreadPoolExecutor.java:1090)
	at java.util.concurrent.ThreadPoolExecutor$Worker.run(ThreadPoolExecutor.java:614)
	at java.lang.Thread.run(Thread.java:1474)

2025.12.15 22:31:06 INFO  tracing is disabled for protocol BSP, to enable tracing of incoming and outgoing JSON messages create an empty file at C:\Users\Nikita\Desktop\Semester3\Semester_3\.metals\bsp.trace.json or C:\Users\Nikita\AppData\Local\scalameta\metals\cache\bsp.trace.json
2025.12.15 22:32:06 ERROR Timeout waiting for 'build/initialize' response
2025.12.15 22:32:06 WARN  Retrying connection to the build server scala-cli
2025.12.15 22:32:06 INFO  Running BSP server List(C:\Users\justi\AppData\Local\Coursier\data\bin\.scala-cli.aux.exe, bsp, --json-options, C:\Users\justi\OneDrive\Desktop\Semester 3\.scala-build\ide-options-v2.json, --json-launcher-options, C:\Users\justi\OneDrive\Desktop\Semester 3\.scala-build\ide-launcher-options.json, --envs-file, C:\Users\justi\OneDrive\Desktop\Semester 3\.scala-build\ide-envs.json, C:\Users\justi\OneDrive\Desktop\Semester 3)
2025.12.15 22:32:06 ERROR Running process 'C:\Users\justi\AppData\Local\Coursier\data\bin\.scala-cli.aux.exe bsp --json-options C:\Users\justi\OneDrive\Desktop\Semester 3\.scala-build\ide-options-v2.json --json-launcher-options C:\Users\justi\OneDrive\Desktop\Semester 3\.scala-build\ide-launcher-options.json --envs-file C:\Users\justi\OneDrive\Desktop\Semester 3\.scala-build\ide-envs.json C:\Users\justi\OneDrive\Desktop\Semester 3' failed
java.io.IOException: Cannot run program "C:\Users\justi\AppData\Local\Coursier\data\bin\.scala-cli.aux.exe" (in directory "C:\Users\Nikita\Desktop\Semester3\Semester_3"): CreateProcess error=2, Das System kann die angegebene Datei nicht finden
	at java.lang.ProcessBuilder.start(ProcessBuilder.java:1112)
	at java.lang.ProcessBuilder.start(ProcessBuilder.java:1046)
	at scala.meta.internal.process.SystemProcess$.run(SystemProcess.scala:48)
	at scala.meta.internal.bsp.BspServers.newConnection$1(BspServers.scala:118)
	at scala.meta.internal.bsp.BspServers.$anonfun$newServer$8(BspServers.scala:161)
	at scala.meta.internal.metals.BuildServerConnection$.setupServer$1(BuildServerConnection.scala:631)
	at scala.meta.internal.metals.BuildServerConnection$.fromSockets(BuildServerConnection.scala:700)
	at scala.meta.internal.metals.BuildServerConnection$$anonfun$fromSockets$17.applyOrElse(BuildServerConnection.scala:717)
	at scala.meta.internal.metals.BuildServerConnection$$anonfun$fromSockets$17.applyOrElse(BuildServerConnection.scala:714)
	at scala.concurrent.impl.Promise$Transformation.run(Promise.scala:523)
	at java.util.concurrent.ThreadPoolExecutor.runWorker(ThreadPoolExecutor.java:1090)
	at java.util.concurrent.ThreadPoolExecutor$Worker.run(ThreadPoolExecutor.java:614)
	at java.lang.Thread.run(Thread.java:1474)
Caused by: java.io.IOException: CreateProcess error=2, Das System kann die angegebene Datei nicht finden
	at java.lang.ProcessImpl.create(Native Method)
	at java.lang.ProcessImpl.<init>(ProcessImpl.java:485)
	at java.lang.ProcessImpl.start(ProcessImpl.java:146)
	at java.lang.ProcessBuilder.start(ProcessBuilder.java:1078)
	at java.lang.ProcessBuilder.start(ProcessBuilder.java:1046)
	at scala.meta.internal.process.SystemProcess$.run(SystemProcess.scala:48)
	at scala.meta.internal.bsp.BspServers.newConnection$1(BspServers.scala:118)
	at scala.meta.internal.bsp.BspServers.$anonfun$newServer$8(BspServers.scala:161)
	at scala.meta.internal.metals.BuildServerConnection$.setupServer$1(BuildServerConnection.scala:631)
	at scala.meta.internal.metals.BuildServerConnection$.fromSockets(BuildServerConnection.scala:700)
	at scala.meta.internal.metals.BuildServerConnection$$anonfun$fromSockets$17.applyOrElse(BuildServerConnection.scala:717)
	at scala.meta.internal.metals.BuildServerConnection$$anonfun$fromSockets$17.applyOrElse(BuildServerConnection.scala:714)
	at scala.concurrent.impl.Promise$Transformation.run(Promise.scala:523)
	at java.util.concurrent.ThreadPoolExecutor.runWorker(ThreadPoolExecutor.java:1090)
	at java.util.concurrent.ThreadPoolExecutor$Worker.run(ThreadPoolExecutor.java:614)
	at java.lang.Thread.run(Thread.java:1474)

2025.12.15 22:32:06 INFO  tracing is disabled for protocol BSP, to enable tracing of incoming and outgoing JSON messages create an empty file at C:\Users\Nikita\Desktop\Semester3\Semester_3\.metals\bsp.trace.json or C:\Users\Nikita\AppData\Local\scalameta\metals\cache\bsp.trace.json
2025.12.15 22:33:06 ERROR Timeout waiting for 'build/initialize' response
2025.12.15 22:33:06 WARN  Retrying connection to the build server scala-cli
2025.12.15 22:33:06 INFO  Running BSP server List(C:\Users\justi\AppData\Local\Coursier\data\bin\.scala-cli.aux.exe, bsp, --json-options, C:\Users\justi\OneDrive\Desktop\Semester 3\.scala-build\ide-options-v2.json, --json-launcher-options, C:\Users\justi\OneDrive\Desktop\Semester 3\.scala-build\ide-launcher-options.json, --envs-file, C:\Users\justi\OneDrive\Desktop\Semester 3\.scala-build\ide-envs.json, C:\Users\justi\OneDrive\Desktop\Semester 3)
2025.12.15 22:33:06 ERROR Running process 'C:\Users\justi\AppData\Local\Coursier\data\bin\.scala-cli.aux.exe bsp --json-options C:\Users\justi\OneDrive\Desktop\Semester 3\.scala-build\ide-options-v2.json --json-launcher-options C:\Users\justi\OneDrive\Desktop\Semester 3\.scala-build\ide-launcher-options.json --envs-file C:\Users\justi\OneDrive\Desktop\Semester 3\.scala-build\ide-envs.json C:\Users\justi\OneDrive\Desktop\Semester 3' failed
java.io.IOException: Cannot run program "C:\Users\justi\AppData\Local\Coursier\data\bin\.scala-cli.aux.exe" (in directory "C:\Users\Nikita\Desktop\Semester3\Semester_3"): CreateProcess error=2, Das System kann die angegebene Datei nicht finden
	at java.lang.ProcessBuilder.start(ProcessBuilder.java:1112)
	at java.lang.ProcessBuilder.start(ProcessBuilder.java:1046)
	at scala.meta.internal.process.SystemProcess$.run(SystemProcess.scala:48)
	at scala.meta.internal.bsp.BspServers.newConnection$1(BspServers.scala:118)
	at scala.meta.internal.bsp.BspServers.$anonfun$newServer$8(BspServers.scala:161)
	at scala.meta.internal.metals.BuildServerConnection$.setupServer$1(BuildServerConnection.scala:631)
	at scala.meta.internal.metals.BuildServerConnection$.fromSockets(BuildServerConnection.scala:700)
	at scala.meta.internal.metals.BuildServerConnection$$anonfun$fromSockets$17.applyOrElse(BuildServerConnection.scala:717)
	at scala.meta.internal.metals.BuildServerConnection$$anonfun$fromSockets$17.applyOrElse(BuildServerConnection.scala:714)
	at scala.concurrent.impl.Promise$Transformation.run(Promise.scala:523)
	at java.util.concurrent.ThreadPoolExecutor.runWorker(ThreadPoolExecutor.java:1090)
	at java.util.concurrent.ThreadPoolExecutor$Worker.run(ThreadPoolExecutor.java:614)
	at java.lang.Thread.run(Thread.java:1474)
Caused by: java.io.IOException: CreateProcess error=2, Das System kann die angegebene Datei nicht finden
	at java.lang.ProcessImpl.create(Native Method)
	at java.lang.ProcessImpl.<init>(ProcessImpl.java:485)
	at java.lang.ProcessImpl.start(ProcessImpl.java:146)
	at java.lang.ProcessBuilder.start(ProcessBuilder.java:1078)
	at java.lang.ProcessBuilder.start(ProcessBuilder.java:1046)
	at scala.meta.internal.process.SystemProcess$.run(SystemProcess.scala:48)
	at scala.meta.internal.bsp.BspServers.newConnection$1(BspServers.scala:118)
	at scala.meta.internal.bsp.BspServers.$anonfun$newServer$8(BspServers.scala:161)
	at scala.meta.internal.metals.BuildServerConnection$.setupServer$1(BuildServerConnection.scala:631)
	at scala.meta.internal.metals.BuildServerConnection$.fromSockets(BuildServerConnection.scala:700)
	at scala.meta.internal.metals.BuildServerConnection$$anonfun$fromSockets$17.applyOrElse(BuildServerConnection.scala:717)
	at scala.meta.internal.metals.BuildServerConnection$$anonfun$fromSockets$17.applyOrElse(BuildServerConnection.scala:714)
	at scala.concurrent.impl.Promise$Transformation.run(Promise.scala:523)
	at java.util.concurrent.ThreadPoolExecutor.runWorker(ThreadPoolExecutor.java:1090)
	at java.util.concurrent.ThreadPoolExecutor$Worker.run(ThreadPoolExecutor.java:614)
	at java.lang.Thread.run(Thread.java:1474)

2025.12.15 22:33:06 INFO  tracing is disabled for protocol BSP, to enable tracing of incoming and outgoing JSON messages create an empty file at C:\Users\Nikita\Desktop\Semester3\Semester_3\.metals\bsp.trace.json or C:\Users\Nikita\AppData\Local\scalameta\metals\cache\bsp.trace.json
2025.12.15 22:34:06 ERROR Timeout waiting for 'build/initialize' response
2025.12.15 22:34:06 WARN  Retrying connection to the build server scala-cli
2025.12.15 22:34:06 INFO  Running BSP server List(C:\Users\justi\AppData\Local\Coursier\data\bin\.scala-cli.aux.exe, bsp, --json-options, C:\Users\justi\OneDrive\Desktop\Semester 3\.scala-build\ide-options-v2.json, --json-launcher-options, C:\Users\justi\OneDrive\Desktop\Semester 3\.scala-build\ide-launcher-options.json, --envs-file, C:\Users\justi\OneDrive\Desktop\Semester 3\.scala-build\ide-envs.json, C:\Users\justi\OneDrive\Desktop\Semester 3)
2025.12.15 22:34:06 ERROR Running process 'C:\Users\justi\AppData\Local\Coursier\data\bin\.scala-cli.aux.exe bsp --json-options C:\Users\justi\OneDrive\Desktop\Semester 3\.scala-build\ide-options-v2.json --json-launcher-options C:\Users\justi\OneDrive\Desktop\Semester 3\.scala-build\ide-launcher-options.json --envs-file C:\Users\justi\OneDrive\Desktop\Semester 3\.scala-build\ide-envs.json C:\Users\justi\OneDrive\Desktop\Semester 3' failed
java.io.IOException: Cannot run program "C:\Users\justi\AppData\Local\Coursier\data\bin\.scala-cli.aux.exe" (in directory "C:\Users\Nikita\Desktop\Semester3\Semester_3"): CreateProcess error=2, Das System kann die angegebene Datei nicht finden
	at java.lang.ProcessBuilder.start(ProcessBuilder.java:1112)
	at java.lang.ProcessBuilder.start(ProcessBuilder.java:1046)
	at scala.meta.internal.process.SystemProcess$.run(SystemProcess.scala:48)
	at scala.meta.internal.bsp.BspServers.newConnection$1(BspServers.scala:118)
	at scala.meta.internal.bsp.BspServers.$anonfun$newServer$8(BspServers.scala:161)
	at scala.meta.internal.metals.BuildServerConnection$.setupServer$1(BuildServerConnection.scala:631)
	at scala.meta.internal.metals.BuildServerConnection$.fromSockets(BuildServerConnection.scala:700)
	at scala.meta.internal.metals.BuildServerConnection$$anonfun$fromSockets$17.applyOrElse(BuildServerConnection.scala:717)
	at scala.meta.internal.metals.BuildServerConnection$$anonfun$fromSockets$17.applyOrElse(BuildServerConnection.scala:714)
	at scala.concurrent.impl.Promise$Transformation.run(Promise.scala:523)
	at java.util.concurrent.ThreadPoolExecutor.runWorker(ThreadPoolExecutor.java:1090)
	at java.util.concurrent.ThreadPoolExecutor$Worker.run(ThreadPoolExecutor.java:614)
	at java.lang.Thread.run(Thread.java:1474)
Caused by: java.io.IOException: CreateProcess error=2, Das System kann die angegebene Datei nicht finden
	at java.lang.ProcessImpl.create(Native Method)
	at java.lang.ProcessImpl.<init>(ProcessImpl.java:485)
	at java.lang.ProcessImpl.start(ProcessImpl.java:146)
	at java.lang.ProcessBuilder.start(ProcessBuilder.java:1078)
	at java.lang.ProcessBuilder.start(ProcessBuilder.java:1046)
	at scala.meta.internal.process.SystemProcess$.run(SystemProcess.scala:48)
	at scala.meta.internal.bsp.BspServers.newConnection$1(BspServers.scala:118)
	at scala.meta.internal.bsp.BspServers.$anonfun$newServer$8(BspServers.scala:161)
	at scala.meta.internal.metals.BuildServerConnection$.setupServer$1(BuildServerConnection.scala:631)
	at scala.meta.internal.metals.BuildServerConnection$.fromSockets(BuildServerConnection.scala:700)
	at scala.meta.internal.metals.BuildServerConnection$$anonfun$fromSockets$17.applyOrElse(BuildServerConnection.scala:717)
	at scala.meta.internal.metals.BuildServerConnection$$anonfun$fromSockets$17.applyOrElse(BuildServerConnection.scala:714)
	at scala.concurrent.impl.Promise$Transformation.run(Promise.scala:523)
	at java.util.concurrent.ThreadPoolExecutor.runWorker(ThreadPoolExecutor.java:1090)
	at java.util.concurrent.ThreadPoolExecutor$Worker.run(ThreadPoolExecutor.java:614)
	at java.lang.Thread.run(Thread.java:1474)

2025.12.15 22:34:06 INFO  tracing is disabled for protocol BSP, to enable tracing of incoming and outgoing JSON messages create an empty file at C:\Users\Nikita\Desktop\Semester3\Semester_3\.metals\bsp.trace.json or C:\Users\Nikita\AppData\Local\scalameta\metals\cache\bsp.trace.json
2025.12.15 22:35:06 ERROR Timeout waiting for 'build/initialize' response
2025.12.15 22:35:06 ERROR Failed to connect with build server, no functionality will work.
java.util.concurrent.TimeoutException
	at java.util.concurrent.CompletableFuture.timedGet(CompletableFuture.java:1981)
	at java.util.concurrent.CompletableFuture.get(CompletableFuture.java:2116)
	at scala.meta.internal.metals.BuildServerConnection$.initialize(BuildServerConnection.scala:787)
	at scala.meta.internal.metals.BuildServerConnection$.$anonfun$fromSockets$1(BuildServerConnection.scala:658)
	at scala.concurrent.impl.Promise$Transformation.run(Promise.scala:500)
	at java.util.concurrent.ThreadPoolExecutor.runWorker(ThreadPoolExecutor.java:1090)
	at java.util.concurrent.ThreadPoolExecutor$Worker.run(ThreadPoolExecutor.java:614)
	at java.lang.Thread.run(Thread.java:1474)

2025.12.15 22:35:06 WARN  no build target for: C:\Users\Nikita\Desktop\Semester3\Semester_3\1. Algorithmen und Datenstrukturen\baeume\Baum.java
2025.12.15 22:35:06 WARN  no build target for: C:\Users\Nikita\Desktop\Semester3\Semester_3\1. Algorithmen und Datenstrukturen\baeume\Node.java
2025.12.15 22:35:06 WARN  no build target for: C:\Users\Nikita\Desktop\Semester3\Semester_3\1. Algorithmen und Datenstrukturen\baeume\Main.java
2025.12.15 22:35:07 INFO  no build target found for C:\Users\Nikita\Desktop\Semester3\Semester_3\1. Algorithmen und Datenstrukturen\baeume\Node.java. Using fallback presentation compiler.
2025.12.15 22:35:07 WARN  Running javac-semanticdb failed for file:///C:/Users/Nikita/Desktop/Semester3/Semester_3/1.%20Algorithmen%20und%20Datenstrukturen/baeume/Main.java. Output:

2025.12.15 22:35:06 WARN  Running javac-semanticdb failed for file:///C:/Users/Nikita/Desktop/Semester3/Semester_3/1.%20Algorithmen%20und%20Datenstrukturen/baeume/Baum.java. Output:

2025.12.15 22:35:07 WARN  Running javac-semanticdb failed for file:///C:/Users/Nikita/Desktop/Semester3/Semester_3/1.%20Algorithmen%20und%20Datenstrukturen/baeume/Node.java. Output:

2025.12.16 15:27:57 INFO  Started: Metals version 1.6.4 in folders 'C:\Users\Nikita\Desktop\Semester3\Semester_3' for client Visual Studio Code 1.106.2.
2025.12.16 15:28:01 WARN  Using H2 2.4.240 which is newer than the version Flyway has been verified with. The latest verified version of H2 is 2.3.232.
2025.12.16 15:28:01 INFO  no build target found for C:\Users\Nikita\Desktop\Semester3\Semester_3\1. Algorithmen und Datenstrukturen\baeume\Node.java. Using fallback presentation compiler.
Dez. 16, 2025 3:28:01 PM org.eclipse.lsp4j.jsonrpc.RemoteEndpoint handleCancellation
WARNUNG: Unmatched cancel notification for request id 2
2025.12.16 15:28:01 INFO  no build target found for C:\Users\Nikita\Desktop\Semester3\Semester_3\1. Algorithmen und Datenstrukturen\baeume\Node.java. Using fallback presentation compiler.
2025.12.16 15:28:01 INFO  no build target found for C:\Users\Nikita\Desktop\Semester3\Semester_3\1. Algorithmen und Datenstrukturen\baeume\Node.java. Using fallback presentation compiler.
Dez. 16, 2025 3:28:02 PM org.eclipse.lsp4j.jsonrpc.RemoteEndpoint handleCancellation
WARNUNG: Unmatched cancel notification for request id 8
2025.12.16 15:28:01 INFO  no build target found for C:\Users\Nikita\Desktop\Semester3\Semester_3\1. Algorithmen und Datenstrukturen\baeume\Node.java. Using fallback presentation compiler.
2025.12.16 15:28:02 INFO  no build target found for C:\Users\Nikita\Desktop\Semester3\Semester_3\1. Algorithmen und Datenstrukturen\baeume\Node.java. Using fallback presentation compiler.
2025.12.16 15:28:02 INFO  Attempting to connect to the build server...
2025.12.16 15:28:02 INFO  Running BSP server List(C:\Users\justi\AppData\Local\Coursier\data\bin\.scala-cli.aux.exe, bsp, --json-options, C:\Users\justi\OneDrive\Desktop\Semester 3\.scala-build\ide-options-v2.json, --json-launcher-options, C:\Users\justi\OneDrive\Desktop\Semester 3\.scala-build\ide-launcher-options.json, --envs-file, C:\Users\justi\OneDrive\Desktop\Semester 3\.scala-build\ide-envs.json, C:\Users\justi\OneDrive\Desktop\Semester 3)
2025.12.16 15:28:02 ERROR Running process 'C:\Users\justi\AppData\Local\Coursier\data\bin\.scala-cli.aux.exe bsp --json-options C:\Users\justi\OneDrive\Desktop\Semester 3\.scala-build\ide-options-v2.json --json-launcher-options C:\Users\justi\OneDrive\Desktop\Semester 3\.scala-build\ide-launcher-options.json --envs-file C:\Users\justi\OneDrive\Desktop\Semester 3\.scala-build\ide-envs.json C:\Users\justi\OneDrive\Desktop\Semester 3' failed
java.io.IOException: Cannot run program "C:\Users\justi\AppData\Local\Coursier\data\bin\.scala-cli.aux.exe" (in directory "C:\Users\Nikita\Desktop\Semester3\Semester_3"): CreateProcess error=2, Das System kann die angegebene Datei nicht finden
	at java.lang.ProcessBuilder.start(ProcessBuilder.java:1112)
	at java.lang.ProcessBuilder.start(ProcessBuilder.java:1046)
	at scala.meta.internal.process.SystemProcess$.run(SystemProcess.scala:48)
	at scala.meta.internal.bsp.BspServers.newConnection$1(BspServers.scala:118)
	at scala.meta.internal.bsp.BspServers.$anonfun$newServer$8(BspServers.scala:161)
	at scala.meta.internal.metals.BuildServerConnection$.setupServer$1(BuildServerConnection.scala:631)
	at scala.meta.internal.metals.BuildServerConnection$.fromSockets(BuildServerConnection.scala:700)
	at scala.meta.internal.bsp.BspServers.newServer(BspServers.scala:156)
	at scala.meta.internal.bsp.BspConnector.connect$1(BspConnector.scala:185)
	at scala.meta.internal.bsp.BspConnector.connect(BspConnector.scala:260)
	at scala.meta.internal.metals.ConnectionProvider$Connect$.$anonfun$createSession$7(ConnectionProvider.scala:586)
	at scala.concurrent.impl.Promise$Transformation.run(Promise.scala:503)
	at java.util.concurrent.ThreadPoolExecutor.runWorker(ThreadPoolExecutor.java:1090)
	at java.util.concurrent.ThreadPoolExecutor$Worker.run(ThreadPoolExecutor.java:614)
	at java.lang.Thread.run(Thread.java:1474)
Caused by: java.io.IOException: CreateProcess error=2, Das System kann die angegebene Datei nicht finden
	at java.lang.ProcessImpl.create(Native Method)
	at java.lang.ProcessImpl.<init>(ProcessImpl.java:485)
	at java.lang.ProcessImpl.start(ProcessImpl.java:146)
	at java.lang.ProcessBuilder.start(ProcessBuilder.java:1078)
	at java.lang.ProcessBuilder.start(ProcessBuilder.java:1046)
	at scala.meta.internal.process.SystemProcess$.run(SystemProcess.scala:48)
	at scala.meta.internal.bsp.BspServers.newConnection$1(BspServers.scala:118)
	at scala.meta.internal.bsp.BspServers.$anonfun$newServer$8(BspServers.scala:161)
	at scala.meta.internal.metals.BuildServerConnection$.setupServer$1(BuildServerConnection.scala:631)
	at scala.meta.internal.metals.BuildServerConnection$.fromSockets(BuildServerConnection.scala:700)
	at scala.meta.internal.bsp.BspServers.newServer(BspServers.scala:156)
	at scala.meta.internal.bsp.BspConnector.connect$1(BspConnector.scala:185)
	at scala.meta.internal.bsp.BspConnector.connect(BspConnector.scala:260)
	at scala.meta.internal.metals.ConnectionProvider$Connect$.$anonfun$createSession$7(ConnectionProvider.scala:586)
	at scala.concurrent.impl.Promise$Transformation.run(Promise.scala:503)
	at java.util.concurrent.ThreadPoolExecutor.runWorker(ThreadPoolExecutor.java:1090)
	at java.util.concurrent.ThreadPoolExecutor$Worker.run(ThreadPoolExecutor.java:614)
	at java.lang.Thread.run(Thread.java:1474)

2025.12.16 15:28:02 INFO  tracing is disabled for protocol BSP, to enable tracing of incoming and outgoing JSON messages create an empty file at C:\Users\Nikita\Desktop\Semester3\Semester_3\.metals\bsp.trace.json or C:\Users\Nikita\AppData\Local\scalameta\metals\cache\bsp.trace.json
2025.12.16 15:28:08 INFO  no build target found for C:\Users\Nikita\Desktop\Semester3\Semester_3\1. Algorithmen und Datenstrukturen\baeume\Node.java. Using fallback presentation compiler.
2025.12.16 15:28:10 INFO  no build target found for C:\Users\Nikita\Desktop\Semester3\Semester_3\1. Algorithmen und Datenstrukturen\baeume\Node.java. Using fallback presentation compiler.
2025.12.16 15:29:02 ERROR Timeout waiting for 'build/initialize' response
2025.12.16 15:29:02 WARN  Retrying connection to the build server scala-cli
2025.12.16 15:29:02 INFO  Running BSP server List(C:\Users\justi\AppData\Local\Coursier\data\bin\.scala-cli.aux.exe, bsp, --json-options, C:\Users\justi\OneDrive\Desktop\Semester 3\.scala-build\ide-options-v2.json, --json-launcher-options, C:\Users\justi\OneDrive\Desktop\Semester 3\.scala-build\ide-launcher-options.json, --envs-file, C:\Users\justi\OneDrive\Desktop\Semester 3\.scala-build\ide-envs.json, C:\Users\justi\OneDrive\Desktop\Semester 3)
2025.12.16 15:29:02 ERROR Running process 'C:\Users\justi\AppData\Local\Coursier\data\bin\.scala-cli.aux.exe bsp --json-options C:\Users\justi\OneDrive\Desktop\Semester 3\.scala-build\ide-options-v2.json --json-launcher-options C:\Users\justi\OneDrive\Desktop\Semester 3\.scala-build\ide-launcher-options.json --envs-file C:\Users\justi\OneDrive\Desktop\Semester 3\.scala-build\ide-envs.json C:\Users\justi\OneDrive\Desktop\Semester 3' failed
java.io.IOException: Cannot run program "C:\Users\justi\AppData\Local\Coursier\data\bin\.scala-cli.aux.exe" (in directory "C:\Users\Nikita\Desktop\Semester3\Semester_3"): CreateProcess error=2, Das System kann die angegebene Datei nicht finden
	at java.lang.ProcessBuilder.start(ProcessBuilder.java:1112)
	at java.lang.ProcessBuilder.start(ProcessBuilder.java:1046)
	at scala.meta.internal.process.SystemProcess$.run(SystemProcess.scala:48)
	at scala.meta.internal.bsp.BspServers.newConnection$1(BspServers.scala:118)
	at scala.meta.internal.bsp.BspServers.$anonfun$newServer$8(BspServers.scala:161)
	at scala.meta.internal.metals.BuildServerConnection$.setupServer$1(BuildServerConnection.scala:631)
	at scala.meta.internal.metals.BuildServerConnection$.fromSockets(BuildServerConnection.scala:700)
	at scala.meta.internal.metals.BuildServerConnection$$anonfun$fromSockets$17.applyOrElse(BuildServerConnection.scala:717)
	at scala.meta.internal.metals.BuildServerConnection$$anonfun$fromSockets$17.applyOrElse(BuildServerConnection.scala:714)
	at scala.concurrent.impl.Promise$Transformation.run(Promise.scala:523)
	at java.util.concurrent.ThreadPoolExecutor.runWorker(ThreadPoolExecutor.java:1090)
	at java.util.concurrent.ThreadPoolExecutor$Worker.run(ThreadPoolExecutor.java:614)
	at java.lang.Thread.run(Thread.java:1474)
Caused by: java.io.IOException: CreateProcess error=2, Das System kann die angegebene Datei nicht finden
	at java.lang.ProcessImpl.create(Native Method)
	at java.lang.ProcessImpl.<init>(ProcessImpl.java:485)
	at java.lang.ProcessImpl.start(ProcessImpl.java:146)
	at java.lang.ProcessBuilder.start(ProcessBuilder.java:1078)
	at java.lang.ProcessBuilder.start(ProcessBuilder.java:1046)
	at scala.meta.internal.process.SystemProcess$.run(SystemProcess.scala:48)
	at scala.meta.internal.bsp.BspServers.newConnection$1(BspServers.scala:118)
	at scala.meta.internal.bsp.BspServers.$anonfun$newServer$8(BspServers.scala:161)
	at scala.meta.internal.metals.BuildServerConnection$.setupServer$1(BuildServerConnection.scala:631)
	at scala.meta.internal.metals.BuildServerConnection$.fromSockets(BuildServerConnection.scala:700)
	at scala.meta.internal.metals.BuildServerConnection$$anonfun$fromSockets$17.applyOrElse(BuildServerConnection.scala:717)
	at scala.meta.internal.metals.BuildServerConnection$$anonfun$fromSockets$17.applyOrElse(BuildServerConnection.scala:714)
	at scala.concurrent.impl.Promise$Transformation.run(Promise.scala:523)
	at java.util.concurrent.ThreadPoolExecutor.runWorker(ThreadPoolExecutor.java:1090)
	at java.util.concurrent.ThreadPoolExecutor$Worker.run(ThreadPoolExecutor.java:614)
	at java.lang.Thread.run(Thread.java:1474)

2025.12.16 15:29:02 INFO  tracing is disabled for protocol BSP, to enable tracing of incoming and outgoing JSON messages create an empty file at C:\Users\Nikita\Desktop\Semester3\Semester_3\.metals\bsp.trace.json or C:\Users\Nikita\AppData\Local\scalameta\metals\cache\bsp.trace.json
2025.12.16 15:30:02 ERROR Timeout waiting for 'build/initialize' response
2025.12.16 15:30:02 WARN  Retrying connection to the build server scala-cli
2025.12.16 15:30:02 INFO  Running BSP server List(C:\Users\justi\AppData\Local\Coursier\data\bin\.scala-cli.aux.exe, bsp, --json-options, C:\Users\justi\OneDrive\Desktop\Semester 3\.scala-build\ide-options-v2.json, --json-launcher-options, C:\Users\justi\OneDrive\Desktop\Semester 3\.scala-build\ide-launcher-options.json, --envs-file, C:\Users\justi\OneDrive\Desktop\Semester 3\.scala-build\ide-envs.json, C:\Users\justi\OneDrive\Desktop\Semester 3)
2025.12.16 15:30:02 ERROR Running process 'C:\Users\justi\AppData\Local\Coursier\data\bin\.scala-cli.aux.exe bsp --json-options C:\Users\justi\OneDrive\Desktop\Semester 3\.scala-build\ide-options-v2.json --json-launcher-options C:\Users\justi\OneDrive\Desktop\Semester 3\.scala-build\ide-launcher-options.json --envs-file C:\Users\justi\OneDrive\Desktop\Semester 3\.scala-build\ide-envs.json C:\Users\justi\OneDrive\Desktop\Semester 3' failed
java.io.IOException: Cannot run program "C:\Users\justi\AppData\Local\Coursier\data\bin\.scala-cli.aux.exe" (in directory "C:\Users\Nikita\Desktop\Semester3\Semester_3"): CreateProcess error=2, Das System kann die angegebene Datei nicht finden
	at java.lang.ProcessBuilder.start(ProcessBuilder.java:1112)
	at java.lang.ProcessBuilder.start(ProcessBuilder.java:1046)
	at scala.meta.internal.process.SystemProcess$.run(SystemProcess.scala:48)
	at scala.meta.internal.bsp.BspServers.newConnection$1(BspServers.scala:118)
	at scala.meta.internal.bsp.BspServers.$anonfun$newServer$8(BspServers.scala:161)
	at scala.meta.internal.metals.BuildServerConnection$.setupServer$1(BuildServerConnection.scala:631)
	at scala.meta.internal.metals.BuildServerConnection$.fromSockets(BuildServerConnection.scala:700)
	at scala.meta.internal.metals.BuildServerConnection$$anonfun$fromSockets$17.applyOrElse(BuildServerConnection.scala:717)
	at scala.meta.internal.metals.BuildServerConnection$$anonfun$fromSockets$17.applyOrElse(BuildServerConnection.scala:714)
	at scala.concurrent.impl.Promise$Transformation.run(Promise.scala:523)
	at java.util.concurrent.ThreadPoolExecutor.runWorker(ThreadPoolExecutor.java:1090)
	at java.util.concurrent.ThreadPoolExecutor$Worker.run(ThreadPoolExecutor.java:614)
	at java.lang.Thread.run(Thread.java:1474)
Caused by: java.io.IOException: CreateProcess error=2, Das System kann die angegebene Datei nicht finden
	at java.lang.ProcessImpl.create(Native Method)
	at java.lang.ProcessImpl.<init>(ProcessImpl.java:485)
	at java.lang.ProcessImpl.start(ProcessImpl.java:146)
	at java.lang.ProcessBuilder.start(ProcessBuilder.java:1078)
	at java.lang.ProcessBuilder.start(ProcessBuilder.java:1046)
	at scala.meta.internal.process.SystemProcess$.run(SystemProcess.scala:48)
	at scala.meta.internal.bsp.BspServers.newConnection$1(BspServers.scala:118)
	at scala.meta.internal.bsp.BspServers.$anonfun$newServer$8(BspServers.scala:161)
	at scala.meta.internal.metals.BuildServerConnection$.setupServer$1(BuildServerConnection.scala:631)
	at scala.meta.internal.metals.BuildServerConnection$.fromSockets(BuildServerConnection.scala:700)
	at scala.meta.internal.metals.BuildServerConnection$$anonfun$fromSockets$17.applyOrElse(BuildServerConnection.scala:717)
	at scala.meta.internal.metals.BuildServerConnection$$anonfun$fromSockets$17.applyOrElse(BuildServerConnection.scala:714)
	at scala.concurrent.impl.Promise$Transformation.run(Promise.scala:523)
	at java.util.concurrent.ThreadPoolExecutor.runWorker(ThreadPoolExecutor.java:1090)
	at java.util.concurrent.ThreadPoolExecutor$Worker.run(ThreadPoolExecutor.java:614)
	at java.lang.Thread.run(Thread.java:1474)

2025.12.16 15:30:02 INFO  tracing is disabled for protocol BSP, to enable tracing of incoming and outgoing JSON messages create an empty file at C:\Users\Nikita\Desktop\Semester3\Semester_3\.metals\bsp.trace.json or C:\Users\Nikita\AppData\Local\scalameta\metals\cache\bsp.trace.json
2025.12.16 15:31:02 ERROR Timeout waiting for 'build/initialize' response
2025.12.16 15:31:02 WARN  Retrying connection to the build server scala-cli
2025.12.16 15:31:02 INFO  Running BSP server List(C:\Users\justi\AppData\Local\Coursier\data\bin\.scala-cli.aux.exe, bsp, --json-options, C:\Users\justi\OneDrive\Desktop\Semester 3\.scala-build\ide-options-v2.json, --json-launcher-options, C:\Users\justi\OneDrive\Desktop\Semester 3\.scala-build\ide-launcher-options.json, --envs-file, C:\Users\justi\OneDrive\Desktop\Semester 3\.scala-build\ide-envs.json, C:\Users\justi\OneDrive\Desktop\Semester 3)
2025.12.16 15:31:02 ERROR Running process 'C:\Users\justi\AppData\Local\Coursier\data\bin\.scala-cli.aux.exe bsp --json-options C:\Users\justi\OneDrive\Desktop\Semester 3\.scala-build\ide-options-v2.json --json-launcher-options C:\Users\justi\OneDrive\Desktop\Semester 3\.scala-build\ide-launcher-options.json --envs-file C:\Users\justi\OneDrive\Desktop\Semester 3\.scala-build\ide-envs.json C:\Users\justi\OneDrive\Desktop\Semester 3' failed
java.io.IOException: Cannot run program "C:\Users\justi\AppData\Local\Coursier\data\bin\.scala-cli.aux.exe" (in directory "C:\Users\Nikita\Desktop\Semester3\Semester_3"): CreateProcess error=2, Das System kann die angegebene Datei nicht finden
	at java.lang.ProcessBuilder.start(ProcessBuilder.java:1112)
	at java.lang.ProcessBuilder.start(ProcessBuilder.java:1046)
	at scala.meta.internal.process.SystemProcess$.run(SystemProcess.scala:48)
	at scala.meta.internal.bsp.BspServers.newConnection$1(BspServers.scala:118)
	at scala.meta.internal.bsp.BspServers.$anonfun$newServer$8(BspServers.scala:161)
	at scala.meta.internal.metals.BuildServerConnection$.setupServer$1(BuildServerConnection.scala:631)
	at scala.meta.internal.metals.BuildServerConnection$.fromSockets(BuildServerConnection.scala:700)
	at scala.meta.internal.metals.BuildServerConnection$$anonfun$fromSockets$17.applyOrElse(BuildServerConnection.scala:717)
	at scala.meta.internal.metals.BuildServerConnection$$anonfun$fromSockets$17.applyOrElse(BuildServerConnection.scala:714)
	at scala.concurrent.impl.Promise$Transformation.run(Promise.scala:523)
	at java.util.concurrent.ThreadPoolExecutor.runWorker(ThreadPoolExecutor.java:1090)
	at java.util.concurrent.ThreadPoolExecutor$Worker.run(ThreadPoolExecutor.java:614)
	at java.lang.Thread.run(Thread.java:1474)
Caused by: java.io.IOException: CreateProcess error=2, Das System kann die angegebene Datei nicht finden
	at java.lang.ProcessImpl.create(Native Method)
	at java.lang.ProcessImpl.<init>(ProcessImpl.java:485)
	at java.lang.ProcessImpl.start(ProcessImpl.java:146)
	at java.lang.ProcessBuilder.start(ProcessBuilder.java:1078)
	at java.lang.ProcessBuilder.start(ProcessBuilder.java:1046)
	at scala.meta.internal.process.SystemProcess$.run(SystemProcess.scala:48)
	at scala.meta.internal.bsp.BspServers.newConnection$1(BspServers.scala:118)
	at scala.meta.internal.bsp.BspServers.$anonfun$newServer$8(BspServers.scala:161)
	at scala.meta.internal.metals.BuildServerConnection$.setupServer$1(BuildServerConnection.scala:631)
	at scala.meta.internal.metals.BuildServerConnection$.fromSockets(BuildServerConnection.scala:700)
	at scala.meta.internal.metals.BuildServerConnection$$anonfun$fromSockets$17.applyOrElse(BuildServerConnection.scala:717)
	at scala.meta.internal.metals.BuildServerConnection$$anonfun$fromSockets$17.applyOrElse(BuildServerConnection.scala:714)
	at scala.concurrent.impl.Promise$Transformation.run(Promise.scala:523)
	at java.util.concurrent.ThreadPoolExecutor.runWorker(ThreadPoolExecutor.java:1090)
	at java.util.concurrent.ThreadPoolExecutor$Worker.run(ThreadPoolExecutor.java:614)
	at java.lang.Thread.run(Thread.java:1474)

2025.12.16 15:31:02 INFO  tracing is disabled for protocol BSP, to enable tracing of incoming and outgoing JSON messages create an empty file at C:\Users\Nikita\Desktop\Semester3\Semester_3\.metals\bsp.trace.json or C:\Users\Nikita\AppData\Local\scalameta\metals\cache\bsp.trace.json
2025.12.16 15:32:02 ERROR Timeout waiting for 'build/initialize' response
2025.12.16 15:32:02 WARN  Retrying connection to the build server scala-cli
2025.12.16 15:32:02 INFO  Running BSP server List(C:\Users\justi\AppData\Local\Coursier\data\bin\.scala-cli.aux.exe, bsp, --json-options, C:\Users\justi\OneDrive\Desktop\Semester 3\.scala-build\ide-options-v2.json, --json-launcher-options, C:\Users\justi\OneDrive\Desktop\Semester 3\.scala-build\ide-launcher-options.json, --envs-file, C:\Users\justi\OneDrive\Desktop\Semester 3\.scala-build\ide-envs.json, C:\Users\justi\OneDrive\Desktop\Semester 3)
2025.12.16 15:32:02 ERROR Running process 'C:\Users\justi\AppData\Local\Coursier\data\bin\.scala-cli.aux.exe bsp --json-options C:\Users\justi\OneDrive\Desktop\Semester 3\.scala-build\ide-options-v2.json --json-launcher-options C:\Users\justi\OneDrive\Desktop\Semester 3\.scala-build\ide-launcher-options.json --envs-file C:\Users\justi\OneDrive\Desktop\Semester 3\.scala-build\ide-envs.json C:\Users\justi\OneDrive\Desktop\Semester 3' failed
java.io.IOException: Cannot run program "C:\Users\justi\AppData\Local\Coursier\data\bin\.scala-cli.aux.exe" (in directory "C:\Users\Nikita\Desktop\Semester3\Semester_3"): CreateProcess error=2, Das System kann die angegebene Datei nicht finden
	at java.lang.ProcessBuilder.start(ProcessBuilder.java:1112)
	at java.lang.ProcessBuilder.start(ProcessBuilder.java:1046)
	at scala.meta.internal.process.SystemProcess$.run(SystemProcess.scala:48)
	at scala.meta.internal.bsp.BspServers.newConnection$1(BspServers.scala:118)
	at scala.meta.internal.bsp.BspServers.$anonfun$newServer$8(BspServers.scala:161)
	at scala.meta.internal.metals.BuildServerConnection$.setupServer$1(BuildServerConnection.scala:631)
	at scala.meta.internal.metals.BuildServerConnection$.fromSockets(BuildServerConnection.scala:700)
	at scala.meta.internal.metals.BuildServerConnection$$anonfun$fromSockets$17.applyOrElse(BuildServerConnection.scala:717)
	at scala.meta.internal.metals.BuildServerConnection$$anonfun$fromSockets$17.applyOrElse(BuildServerConnection.scala:714)
	at scala.concurrent.impl.Promise$Transformation.run(Promise.scala:523)
	at java.util.concurrent.ThreadPoolExecutor.runWorker(ThreadPoolExecutor.java:1090)
	at java.util.concurrent.ThreadPoolExecutor$Worker.run(ThreadPoolExecutor.java:614)
	at java.lang.Thread.run(Thread.java:1474)
Caused by: java.io.IOException: CreateProcess error=2, Das System kann die angegebene Datei nicht finden
	at java.lang.ProcessImpl.create(Native Method)
	at java.lang.ProcessImpl.<init>(ProcessImpl.java:485)
	at java.lang.ProcessImpl.start(ProcessImpl.java:146)
	at java.lang.ProcessBuilder.start(ProcessBuilder.java:1078)
	at java.lang.ProcessBuilder.start(ProcessBuilder.java:1046)
	at scala.meta.internal.process.SystemProcess$.run(SystemProcess.scala:48)
	at scala.meta.internal.bsp.BspServers.newConnection$1(BspServers.scala:118)
	at scala.meta.internal.bsp.BspServers.$anonfun$newServer$8(BspServers.scala:161)
	at scala.meta.internal.metals.BuildServerConnection$.setupServer$1(BuildServerConnection.scala:631)
	at scala.meta.internal.metals.BuildServerConnection$.fromSockets(BuildServerConnection.scala:700)
	at scala.meta.internal.metals.BuildServerConnection$$anonfun$fromSockets$17.applyOrElse(BuildServerConnection.scala:717)
	at scala.meta.internal.metals.BuildServerConnection$$anonfun$fromSockets$17.applyOrElse(BuildServerConnection.scala:714)
	at scala.concurrent.impl.Promise$Transformation.run(Promise.scala:523)
	at java.util.concurrent.ThreadPoolExecutor.runWorker(ThreadPoolExecutor.java:1090)
	at java.util.concurrent.ThreadPoolExecutor$Worker.run(ThreadPoolExecutor.java:614)
	at java.lang.Thread.run(Thread.java:1474)

2025.12.16 15:32:02 INFO  tracing is disabled for protocol BSP, to enable tracing of incoming and outgoing JSON messages create an empty file at C:\Users\Nikita\Desktop\Semester3\Semester_3\.metals\bsp.trace.json or C:\Users\Nikita\AppData\Local\scalameta\metals\cache\bsp.trace.json
2025.12.16 15:33:02 ERROR Timeout waiting for 'build/initialize' response
2025.12.16 15:33:02 WARN  Retrying connection to the build server scala-cli
2025.12.16 15:33:02 INFO  Running BSP server List(C:\Users\justi\AppData\Local\Coursier\data\bin\.scala-cli.aux.exe, bsp, --json-options, C:\Users\justi\OneDrive\Desktop\Semester 3\.scala-build\ide-options-v2.json, --json-launcher-options, C:\Users\justi\OneDrive\Desktop\Semester 3\.scala-build\ide-launcher-options.json, --envs-file, C:\Users\justi\OneDrive\Desktop\Semester 3\.scala-build\ide-envs.json, C:\Users\justi\OneDrive\Desktop\Semester 3)
2025.12.16 15:33:02 ERROR Running process 'C:\Users\justi\AppData\Local\Coursier\data\bin\.scala-cli.aux.exe bsp --json-options C:\Users\justi\OneDrive\Desktop\Semester 3\.scala-build\ide-options-v2.json --json-launcher-options C:\Users\justi\OneDrive\Desktop\Semester 3\.scala-build\ide-launcher-options.json --envs-file C:\Users\justi\OneDrive\Desktop\Semester 3\.scala-build\ide-envs.json C:\Users\justi\OneDrive\Desktop\Semester 3' failed
java.io.IOException: Cannot run program "C:\Users\justi\AppData\Local\Coursier\data\bin\.scala-cli.aux.exe" (in directory "C:\Users\Nikita\Desktop\Semester3\Semester_3"): CreateProcess error=2, Das System kann die angegebene Datei nicht finden
	at java.lang.ProcessBuilder.start(ProcessBuilder.java:1112)
	at java.lang.ProcessBuilder.start(ProcessBuilder.java:1046)
	at scala.meta.internal.process.SystemProcess$.run(SystemProcess.scala:48)
	at scala.meta.internal.bsp.BspServers.newConnection$1(BspServers.scala:118)
	at scala.meta.internal.bsp.BspServers.$anonfun$newServer$8(BspServers.scala:161)
	at scala.meta.internal.metals.BuildServerConnection$.setupServer$1(BuildServerConnection.scala:631)
	at scala.meta.internal.metals.BuildServerConnection$.fromSockets(BuildServerConnection.scala:700)
	at scala.meta.internal.metals.BuildServerConnection$$anonfun$fromSockets$17.applyOrElse(BuildServerConnection.scala:717)
	at scala.meta.internal.metals.BuildServerConnection$$anonfun$fromSockets$17.applyOrElse(BuildServerConnection.scala:714)
	at scala.concurrent.impl.Promise$Transformation.run(Promise.scala:523)
	at java.util.concurrent.ThreadPoolExecutor.runWorker(ThreadPoolExecutor.java:1090)
	at java.util.concurrent.ThreadPoolExecutor$Worker.run(ThreadPoolExecutor.java:614)
	at java.lang.Thread.run(Thread.java:1474)
Caused by: java.io.IOException: CreateProcess error=2, Das System kann die angegebene Datei nicht finden
	at java.lang.ProcessImpl.create(Native Method)
	at java.lang.ProcessImpl.<init>(ProcessImpl.java:485)
	at java.lang.ProcessImpl.start(ProcessImpl.java:146)
	at java.lang.ProcessBuilder.start(ProcessBuilder.java:1078)
	at java.lang.ProcessBuilder.start(ProcessBuilder.java:1046)
	at scala.meta.internal.process.SystemProcess$.run(SystemProcess.scala:48)
	at scala.meta.internal.bsp.BspServers.newConnection$1(BspServers.scala:118)
	at scala.meta.internal.bsp.BspServers.$anonfun$newServer$8(BspServers.scala:161)
	at scala.meta.internal.metals.BuildServerConnection$.setupServer$1(BuildServerConnection.scala:631)
	at scala.meta.internal.metals.BuildServerConnection$.fromSockets(BuildServerConnection.scala:700)
	at scala.meta.internal.metals.BuildServerConnection$$anonfun$fromSockets$17.applyOrElse(BuildServerConnection.scala:717)
	at scala.meta.internal.metals.BuildServerConnection$$anonfun$fromSockets$17.applyOrElse(BuildServerConnection.scala:714)
	at scala.concurrent.impl.Promise$Transformation.run(Promise.scala:523)
	at java.util.concurrent.ThreadPoolExecutor.runWorker(ThreadPoolExecutor.java:1090)
	at java.util.concurrent.ThreadPoolExecutor$Worker.run(ThreadPoolExecutor.java:614)
	at java.lang.Thread.run(Thread.java:1474)

2025.12.16 15:33:02 INFO  tracing is disabled for protocol BSP, to enable tracing of incoming and outgoing JSON messages create an empty file at C:\Users\Nikita\Desktop\Semester3\Semester_3\.metals\bsp.trace.json or C:\Users\Nikita\AppData\Local\scalameta\metals\cache\bsp.trace.json
2025.12.16 15:34:02 ERROR Timeout waiting for 'build/initialize' response
2025.12.16 15:34:02 ERROR Failed to connect with build server, no functionality will work.
java.util.concurrent.TimeoutException
	at java.util.concurrent.CompletableFuture.timedGet(CompletableFuture.java:1981)
	at java.util.concurrent.CompletableFuture.get(CompletableFuture.java:2116)
	at scala.meta.internal.metals.BuildServerConnection$.initialize(BuildServerConnection.scala:787)
	at scala.meta.internal.metals.BuildServerConnection$.$anonfun$fromSockets$1(BuildServerConnection.scala:658)
	at scala.concurrent.impl.Promise$Transformation.run(Promise.scala:500)
	at java.util.concurrent.ThreadPoolExecutor.runWorker(ThreadPoolExecutor.java:1090)
	at java.util.concurrent.ThreadPoolExecutor$Worker.run(ThreadPoolExecutor.java:614)
	at java.lang.Thread.run(Thread.java:1474)

2025.12.16 15:34:02 WARN  no build target for: C:\Users\Nikita\Desktop\Semester3\Semester_3\1. Algorithmen und Datenstrukturen\baeume\Node.java
2025.12.16 15:34:02 INFO  no build target found for C:\Users\Nikita\Desktop\Semester3\Semester_3\1. Algorithmen und Datenstrukturen\baeume\Node.java. Using fallback presentation compiler.
2025.12.16 15:34:02 WARN  Running javac-semanticdb failed for file:///C:/Users/Nikita/Desktop/Semester3/Semester_3/1.%20Algorithmen%20und%20Datenstrukturen/baeume/Node.java. Output:

